<?xml version="1.0" encoding="UTF-8"?>
<kml xmlns="http://www.opengis.net/kml/2.2">
        <Folder>
            <name>OK</name>
            <Placemark>
                <name>9.5. La Trini</name>
                <description>
                    <![CDATA]]>
                </description>
                <styleUrl>#icon-960-62AF44</styleUrl>
                <ExtendedData>
                    <Data name="gx_media_links">
                        <value>
                            <![CDATA[https://doc-08-0s-mymaps.googleusercontent.com/untrusted/hostedimage/sp540u1gdhv7u5v9na7627phvo/cj74h8t9b7udan5etogi4muchc/1686819488250/xUcpN3FudnuQYrEAf25SWSdkT0JYD12L/17346896698994278261/5ACtvi-FFs--VmPX68Is7cwtgjbR6CseEm8cVpsJ9ylcT-Hydi7f4HRv85qkMculNfyZm4QpMdFN4EANyxLERJK17k09dMYX0eTBfM0tZbDs5VzVeNwn_3f0Y2IpfWYBv9cKDyAv0jNWf-zS04tj9XjwFtDadhmB4AFAkP-GSm6IkfdhdDwZdCMaoYTAgNA7k?session=0&fife https://doc-08-0s-mymaps.googleusercontent.com/untrusted/hostedimage/sp540u1gdhv7u5v9na7627phvo/d3ear28c9qf25ku63ooio7f5ps/1686819488250/xUcpN3FudnuQYrEAf25SWSdkT0JYD12L/17346896698994278261/5ACtvi-HaruEM2uiUyOHMPgtXYKzap_HZgU9exyJH7y18uZAKS5BdTBgloeS0LrKBoKJf0gHS1NZYyp3M3OoteHAKiAvCqDhF1MV3-G7p31PzS8mPFLkZt3t-Lmpb_Ue40AZShcokc3z1vviulHOM30LmXG7s4WVPs1T1TT7oXc1AO0oaJehmL57Lw0BP4AUz?session=0&fife]]></value>
                    </Data>
                </ExtendedData>
                <Point>
                    <coordinates>
                        2.15690340000003,41.4039129,0
                    </coordinates>
                </Point>
            </Placemark>
            <Placemark>
                <name>9.5. Els Pinxus Barra de Tapes</name>
                <description>
                    <![CDATA
                    <br>
                    <br>Carrer de Marià Cubí, 83
                    <br>
                    <br>Preu: 4,20. Quantitat: 6. Patates: 9. Salsa: 10. Nota final: 9,5. Patates calentes, bastant ben
                    fetes cuites i un pel cruixents (podrien serho mes). La salsa es abundant i esta bunissima: una
                    salsa de tomaquet casolana, amb una salsa especiada que pica suficient.
                    <br>
                    <br>dl-dj 9:00–0:00<br>dv-ds 9:00–2:00]]>
                </description>
                <styleUrl>#icon-960-62AF44</styleUrl>
                <ExtendedData>
                    <Data name="gx_media_links">
                        <value>
                            <![CDATA[https://doc-10-0s-mymaps.googleusercontent.com/untrusted/hostedimage/sp540u1gdhv7u5v9na7627phvo/h0i322f5o6sq9e50i8kdl75s54/1686819488250/xUcpN3FudnuQYrEAf25SWSdkT0JYD12L/17346896698994278261/5ACtvi-Gzu-IKC-Hs1fEpVq92dljn5_voIOGalSE1ub6TwIHVJDTBxEF1qY_i-PODBXrL8Oz223XBx5Dw715QKqFXMyQuxve42Q5XSbGp8WlqNxVcYGGunwv-5dXMKoDcyGnNBj80uyCx81P9GBBJgXZo_0UEVl0eXKQ7RaH2g-9Gx39gou87bVl7VyorYb7P?session=0&fife]]></value>
                    </Data>
                </ExtendedData>
                <Point>
                    <coordinates>
                        2.14846109999996,41.3975204,0
                    </coordinates>
                </Point>
            </Placemark>
            <Placemark>
                <name>9.5?.Vivanda (sopar)</name>
                <description>
                    <![CDATA]]>
                </description>
                <styleUrl>#icon-960-62AF44</styleUrl>
                <ExtendedData>
                    <Data name="gx_media_links">
                        <value>
                            <![CDATA[https://doc-04-0s-mymaps.googleusercontent.com/untrusted/hostedimage/sp540u1gdhv7u5v9na7627phvo/baf2bge27u9d6t1rl4eln98gf0/1686819488250/xUcpN3FudnuQYrEAf25SWSdkT0JYD12L/17346896698994278261/5ACtvi-EiyfH39lHr2bO5owNwJyNMVio4Bfvw5-qtV6StYVbpyyRscCEvUNQ-hVrf0l8AxAeq8s9wo_D3-e9i2HrPIpCBSwR0y1U34U9L-q-R1a7-DvM1ImZNeMErm54A6aWNectdab3ih9GtMHhuIW_1AEwVrRuYKiE5zse_FoD3CDyrlCTrzDT6LOLvtKpm?session=0&fife https://doc-0g-0s-mymaps.googleusercontent.com/untrusted/hostedimage/sp540u1gdhv7u5v9na7627phvo/ka9sbju1360tm5evf911i1fgv0/1686819488250/xUcpN3FudnuQYrEAf25SWSdkT0JYD12L/17346896698994278261/5ACtvi-GW8iTaBgms5Z5W5e_set2BN0xth_dtxuQGn3-H5Zlwr_aou4B-A9D282HJsSsShSmkAuRqJ3ZiEyX-AshKOd2VN_NhE3-JhDdvIvOpylcBvV5u600oT2jlMYxazWt60JCJb7_xZOl1mFf8ca_m6n6Vh6A5-6KhAJbwoYo-OzRolH-m9Du81B56EaVnUg?session=0&fife]]></value>
                    </Data>
                </ExtendedData>
                <Point>
                    <coordinates>
                        2.1209728,41.4004856,0
                    </coordinates>
                </Point>
            </Placemark>
            <Placemark>
                <name>9.5. El Tiet Taver Teca</name>
                <description>
                    <![CDATA
                    <br>
                    <br>Preu: 4. Quantitat: 8. Patates: 9,5. Salsa: 9,5. Nota final: 9,5. Les patates estan bones i ben
                    fetes. Les salses....no sabem que son, pero estan molt bones. La blanca es com un allioliromesco
                    molt suau i la vermella pimenton a saco.<br>Les recomanaries?: si<br>Imprescindibles?: si]]>
                </description>
                <styleUrl>#icon-960-62AF44</styleUrl>
                <ExtendedData>
                    <Data name="gx_media_links">
                        <value>
                            <![CDATA[https://doc-10-0s-mymaps.googleusercontent.com/untrusted/hostedimage/sp540u1gdhv7u5v9na7627phvo/m47knc32h38ofbcdu9ggavv1vo/1686819488250/xUcpN3FudnuQYrEAf25SWSdkT0JYD12L/17346896698994278261/5ACtvi-HNxgK9J8J0haFcNsVk_-Fklz3pSEC3g5lN9_K3ybCWz2E6QDjbqb51ewbQvMmk3V6krQ91g5J2F132hlB3rjtQkul5wpQ_sCJb-yT476_GLASPF-mHh0sh3PNYgDSKSkcO2dF6UthrMn2Tgd3Jv5tgHJQeMwo6fJxpcw3V8hJpH40zvFYvrKVshbqS?session=0&fife]]></value>
                    </Data>
                </ExtendedData>
                <Point>
                    <coordinates>
                        2.16337020000003,41.3994196,0
                    </coordinates>
                </Point>
            </Placemark>
            <Placemark>
                <name>9.5. Bodega La Palma</name>
                <description>
                    <![CDATA
                    <br>
                    <br>Preu: 5.25€. Quantitat: 7. Patates: 10. Salsa: 9. Nota final: 9,5. Vull dir: aixi es fan les
                    patates d’unes braves. Salsa allioli cremos, i una salsa vermella bastant potent i un xiiiic picant
                    (igual a la yolanda li piquen molt 🤷🏻‍♀️)<br>Les recomanaries?: si<br>Imprescindibles?: si<br>DATA:
                    6/8/2019
                    <br>
                    <br>DL-DV 9:00–0:00<br>DS 12:00–0:00
                    <br>
                    <br>bravasBCN]]>
                </description>
                <styleUrl>#icon-960-62AF44</styleUrl>
                <ExtendedData>
                    <Data name="gx_media_links">
                        <value>
                            <![CDATA[https://doc-00-0s-mymaps.googleusercontent.com/untrusted/hostedimage/sp540u1gdhv7u5v9na7627phvo/s3gdoua3jpc55bat5h7n83652c/1686819488250/xUcpN3FudnuQYrEAf25SWSdkT0JYD12L/17346896698994278261/5ACtvi-FNRrRxULBADHWasCKdyrWxvDtLRyS5DYFvoX2S3OXPYStJuaYkteo_pAVZIJ5atKyZYGRr_3620SbZ6yY6MM2ecee-eFLwexy-soFaH5zWdBtq3l6vg-ZoVo2FyfeFqzm1Eanwcw2qwOmehMmFHUs35QmyEwS748ZTqnFQQp6CWAupxmrsszIO11s9?session=0&fife]]></value>
                    </Data>
                </ExtendedData>
                <Point>
                    <coordinates>
                        2.17875200000003,41.38228,0
                    </coordinates>
                </Point>
            </Placemark>
            <Placemark>
                <name>9.5. Hidalgo</name>
                <description>
                    <![CDATA]]>
                </description>
                <styleUrl>#icon-960-62AF44</styleUrl>
                <ExtendedData>
                    <Data name="gx_media_links">
                        <value>
                            <![CDATA[https://doc-14-0s-mymaps.googleusercontent.com/untrusted/hostedimage/sp540u1gdhv7u5v9na7627phvo/i0ho671fd2c9kvblkq457vrqg4/1686819488250/xUcpN3FudnuQYrEAf25SWSdkT0JYD12L/17346896698994278261/5ACtvi-HKvwCFS3T5Y4uX_7DLBhT19qw24sQ6T9PtA0en4WlilfeW6odUDQNIE1MLA9asjd5IkJs3zrcnnTuyquIDLgF6M_fEcEA5NAZwHjtt3zBcNadgBQhJ8aIMIYOSYNWNoMb4UvM2sX5Dj6ivQ_oD50g3nlzw0s4f9-qekJ_aXl5xwnzSlA34RJnPYHE-XYw_42F2ZI-wkjbDpt9ximdP6XSj2zITZbe2utvP?session=0&fife https://doc-14-0s-mymaps.googleusercontent.com/untrusted/hostedimage/sp540u1gdhv7u5v9na7627phvo/nkc140r71nbbhnqfg1ss7j858s/1686819488250/xUcpN3FudnuQYrEAf25SWSdkT0JYD12L/17346896698994278261/5ACtvi-FrB4ard37yaf6vMoFbVe2lkW62jZyX3NC1s5UPJzqVoct7vr0DdVvRk-m-7memeuOUBZoGETWZtCZkwtPKfp-9KmmWCnl1HGMkneJNIiU-5wAwSDQZ_Mvl6v7jwDLRWcRKmNaehDqsyk201AuNyFA740AFQBNI4-Ts9ALxdaoJ5TVyNEClEykrsWqadQkEN9p_29TshgnCd94SUkICYzeE76XDSzq3YdFa?session=0&fife]]></value>
                    </Data>
                </ExtendedData>
                <Point>
                    <coordinates>
                        2.13924339999994,41.4059217,0
                    </coordinates>
                </Point>
            </Placemark>
            <Placemark>
                <name>9. Dalt de Tot. T DG TARDA</name>
                <description>
                    <![CDATA
                    <br>
                    <br>Preu: 8,5€. Quantitat: 7. Patates: 9. Salsa: 9. Nota final: 9. Realment bastant increible.
                    Truita brava perfecta: molt crueta i salsa picantona. Llastima que estiguin les patates una mica
                    fredes, i que no siguin unes “braves en si”. Proveu la bomba de galta!<br>Les recomanaries?: si<br>
                    Imprescindibles?: si, vine més tard de les 20, que sino no cuinen<br>DATA: 01/03/2023
                    <br>
                    <br>DLL-DSS: 12 a 16h. i 18:30 a 00h.<br>DG I FESTIUS: de 12 a 16h.]]>
                </description>
                <styleUrl>#icon-503-62AF44</styleUrl>
                <ExtendedData>
                    <Data name="gx_media_links">
                        <value>
                            <![CDATA[https://doc-0c-0s-mymaps.googleusercontent.com/untrusted/hostedimage/sp540u1gdhv7u5v9na7627phvo/80uoi831k07agdlm34l8ma377k/1686819488250/xUcpN3FudnuQYrEAf25SWSdkT0JYD12L/17346896698994278261/5ACtvi-HLW2dpIgMEcgbTwPoIjnfGpM8LM8fNP-bM2Y11F-gwVmuMS-Dq9UXjGdghUJntl3JnXAsC2WUHCRbmsf2E2XRe2nJRLHG5SN2uVPlzjwnimmkhZa4jcIQovwjsDHTE9klGi9rYZgKf2HaaV0TSW92zgQ-CAfUmRfxYg184vWqJRFSiE5j4nlrq1idO?session=0&fife]]></value>
                    </Data>
                </ExtendedData>
                <Point>
                    <coordinates>
                        2.1467255,41.4037684,0
                    </coordinates>
                </Point>
            </Placemark>
            <Placemark>
                <name>9. Sa Tuna Begur</name>
                <description>
                    <![CDATA
                    <br>
                    <br>Preu: 9,50€. Quantitat: 2. Patates: 9. Salsa: 9. Nota final: 9. Milfulls de patata molt ben fet
                    i cruixent, pero l’hi falta un punt de sabor. Les salses casolanes son un bon allioli i una vermella
                    de tomaquet molt bona també. La combinació és casi perfecte. Lloc idílic pagat a preu d’or<br>Les
                    recomanaries?: si<br>Imprescindibles?: si, tot molt car<br>DATA: 01/10/2022]]>
                </description>
                <styleUrl>#icon-503-62AF44</styleUrl>
                <ExtendedData>
                    <Data name="gx_media_links">
                        <value>
                            <![CDATA[https://doc-0g-0s-mymaps.googleusercontent.com/untrusted/hostedimage/sp540u1gdhv7u5v9na7627phvo/079t1u4pg4h2gmqon4kqh6bst4/1686819488250/xUcpN3FudnuQYrEAf25SWSdkT0JYD12L/17346896698994278261/5ACtvi-GzOrlxDaOGygPXfDXA7aRSOtni1w-CCqw21wZNNPVP-moBOTvGl8zG9kMIUXKj-98NS2X-tZq-VXKiXzqtw5wk8uN7TDmlePlSiQKkT88LDwoSCgEexLuYcwFs_pND_F3GeSjSzQCeVnPSRnb35p97pFaHbBbP6YYchD6AjKUz-iEmF5r_9fZRe5xk?session=0&fife]]></value>
                    </Data>
                </ExtendedData>
                <Point>
                    <coordinates>
                        3.229844,41.9599688,0
                    </coordinates>
                </Point>
            </Placemark>
            <Placemark>
                <name>9. Cal Bandarra</name>
                <description>
                    <![CDATA]]>
                </description>
                <styleUrl>#icon-503-62AF44</styleUrl>
                <ExtendedData>
                    <Data name="gx_media_links">
                        <value>
                            <![CDATA[https://doc-0g-0s-mymaps.googleusercontent.com/untrusted/hostedimage/sp540u1gdhv7u5v9na7627phvo/edapai4udggii6t5bf775ddvbo/1686819488250/xUcpN3FudnuQYrEAf25SWSdkT0JYD12L/17346896698994278261/5ACtvi-H_tZeWzxuK60sMm0o1SBWyndRMQY0v2NKFo97k5cLFoQf_JCI4Y6bxIGH8-l3G2_jtCnNnurW41h3kub5QXofEJpJlWTigdgW6JNJwJWXLtcuOKQEW3QqUBAL8RBTLlEt3rirQPPIuU9LjYBKul3Q--49dE5-w6Qwyt4RceplGKT2EpQux5nnTFoFr?session=0&fife https://doc-14-0s-mymaps.googleusercontent.com/untrusted/hostedimage/sp540u1gdhv7u5v9na7627phvo/gpraabiati1o06obq9jo85eljs/1686819488250/xUcpN3FudnuQYrEAf25SWSdkT0JYD12L/17346896698994278261/5ACtvi-Fwt6qQ0nIk8BKj4onaNr1CQq7wcpB7QdnuOkNz0AScsYE2flxNbqdgrtlnbmdancYtHrDFcSt1JIB1Y7CQ2qtbPlBnWnPaMSCKN6Cdm26g3ykHo0FxGlYw_Hjspaho46SnaKR-dk1LjNhZrd_gMz0O5vrguN1ec0heLOr_5eLyQm11GIfuM6J7peCN?session=0&fife]]></value>
                    </Data>
                </ExtendedData>
                <Point>
                    <coordinates>
                        3.2066145,41.9546088,0
                    </coordinates>
                </Point>
            </Placemark>
            <Placemark>
                <name>9. Casa Angela. T TARDA</name>
                <description>
                    <![CDATA
                    <br>
                    <br>Preu: 5,90€. Quantitat: 9. Patates: 9. Salsa: 9. Nota final: 9. La patata molt bona: ben feta,
                    fregida i amb un gust molt meloset 😋! La salsa vermella picantona, i un allioli potent. Global
                    genial<br>Les recomanaries?: si<br>Imprescindibles?: si<br>DATA: 16/06/2022
                    <br>
                    <br>dll-dg: 10:00–17:00
                    <br>
                    <br>viajeros glotones<br>bravasBCN]]>
                </description>
                <styleUrl>#icon-503-62AF44</styleUrl>
                <ExtendedData>
                    <Data name="gx_media_links">
                        <value>
                            <![CDATA[https://doc-0o-0s-mymaps.googleusercontent.com/untrusted/hostedimage/sp540u1gdhv7u5v9na7627phvo/3c288r4m83g8pcppm43do1mels/1686819488250/xUcpN3FudnuQYrEAf25SWSdkT0JYD12L/17346896698994278261/5ACtvi-EDff5Gk1f36H5XHbB0GkWVUG96afl45e91Ck0r1u87u916OgkOvefO18Lsf3BWaICOcq0jAEA8W-TW0SsNuPNzuLNSsI-cC98bzYJFSbkFPBaKeeO8gAXlcQEFSrSOqUjUre3SS_InjZhb6KXrmNAm2gdgx_itNorGNoNDzkPiZpKuXuS-RxVYSMKr?session=0&fife]]></value>
                    </Data>
                </ExtendedData>
                <Point>
                    <coordinates>
                        2.17278510000006,41.4034384,0
                    </coordinates>
                </Point>
            </Placemark>
            <Placemark>
                <name>9. El Born</name>
                <description>
                    <![CDATA
                    <br>
                    <br>Preu: 5$. Quantitat: 4. Patates: 9. Salsa: 9. Nota final: 9. Les patates molt bones, com mig al
                    caliu mig fregides. Salses: allioli suau pero casolà, i una salsa vermella de pimenton que pica
                    correctament.<br>Les recomanaries?: si<br>Imprescindibles?: si, estan a ny!!!<br>DATA: 14/04/2022]]>
                </description>
                <styleUrl>#icon-503-62AF44</styleUrl>
                <ExtendedData>
                    <Data name="gx_media_links">
                        <value>
                            <![CDATA[https://doc-14-0s-mymaps.googleusercontent.com/untrusted/hostedimage/sp540u1gdhv7u5v9na7627phvo/4l8s239oufo09oerk83bltctq0/1686819488250/xUcpN3FudnuQYrEAf25SWSdkT0JYD12L/17346896698994278261/5ACtvi-HbiAA1BIaEGYweoGyA68d0QP1vw59rJKml4DY4BNs_r2TkUvP7kXtViGRxYLz4lKciB1TSWmtK3vawkSpMRBV3YR-QqGbC4XVIRnfkoLux0l-PsyycXm3iQDm8wZqxqeb3zT6u9q8zOnqjv4Q1ZI20i088azblF-ds4nXIH_fmfgZWNUz-KbtCsS-B?session=0&fife]]></value>
                    </Data>
                </ExtendedData>
                <Point>
                    <coordinates>
                        -73.9514003,40.7243202,0
                    </coordinates>
                </Point>
            </Placemark>
            <Placemark>
                <name>9. Restaurante Tapas Bula | Zaragoza</name>
                <description>
                    <![CDATA
                    <br>
                    <br>Preu: 6,5€. Quantitat: 10. Patates: 9. Al caliu amb crost cruixent, molt bona. Salsa: 9.
                    Vermella picantona, allioli suau i mionesa de oliva negre, molt molt bona. Nota final: 9<br>Les
                    recomanaries?:<br>Imprescindibles?:<br>DATA: 11-10-21]]>
                </description>
                <styleUrl>#icon-1577-558B2F</styleUrl>
                <ExtendedData>
                    <Data name="gx_media_links">
                        <value>
                            <![CDATA[https://doc-08-0s-mymaps.googleusercontent.com/untrusted/hostedimage/sp540u1gdhv7u5v9na7627phvo/l6clpem1aoc08td5b51biv89no/1686819488250/xUcpN3FudnuQYrEAf25SWSdkT0JYD12L/17346896698994278261/5ACtvi-EKni1d5rSNbOQqbANSfzG9OnRS_BczhtStSCLebhDd28y6VCp19nJjFv9pLm3Nb1GdnDgoKyulrr6D3PW9BTzbcZ4qEdnmIWDFfmfEqfkzWjhnDjiofCnrTWBKECzVbGUNU36uL_mTX57c96yJS83tGGR1O98eYmuP-r4592kfiQivfDy6_4ApNif4Ug?session=0&fife]]></value>
                    </Data>
                </ExtendedData>
                <Point>
                    <coordinates>
                        -0.882108,41.64525,0
                    </coordinates>
                </Point>
            </Placemark>
            <Placemark>
                <name>9. Sant Antoni Gloriós</name>
                <description>
                    <![CDATA]]>
                </description>
                <styleUrl>#icon-503-62AF44</styleUrl>
                <ExtendedData>
                    <Data name="gx_media_links">
                        <value>
                            <![CDATA[https://doc-14-0s-mymaps.googleusercontent.com/untrusted/hostedimage/sp540u1gdhv7u5v9na7627phvo/cb9mf6ruotcn3d51l1mkvs3k0g/1686819488250/xUcpN3FudnuQYrEAf25SWSdkT0JYD12L/17346896698994278261/5ACtvi-EjDNIxivEMabS6GIQu98w6IDNTGPHsJpSg46QRgJZKI8Zw9NJRNcEuNWVrncDjp5XC5GZwHBpJBpUMEaczIT0U8arAZJzuvQVufQMVLLyAKnTTIeZeZe8vF60JOejg_jQYTxxFg9_gh1j28d-2QcxN3oXiiGbQTEasOpLNoHJtBZ2bzHiN8jHpBTZD?session=0&fife https://doc-04-0s-mymaps.googleusercontent.com/untrusted/hostedimage/sp540u1gdhv7u5v9na7627phvo/abq5d4m8netubvfbs10bo0lutg/1686819488250/xUcpN3FudnuQYrEAf25SWSdkT0JYD12L/17346896698994278261/5ACtvi-HJKVAyHI9cV5ewqe033DJichsfPeK7kBn5ez_7NOz4YCRlBrGKUeqjh4PwAXsBmGpn0rUU91LSNSNGGAb8moAUIsMMFIV97BAfYgmPeYu0hEzv34ab_Gub_cIfObKSyS3jh41wTthJ6tntqP5OfGcG2QENQgFQhvsdSK4EJL37Na6gYDoSa8N1SqZa?session=0&fife]]></value>
                    </Data>
                </ExtendedData>
                <Point>
                    <coordinates>
                        2.16080510000006,41.3766965,0
                    </coordinates>
                </Point>
            </Placemark>
            <Placemark>
                <name>9. La Bicicleta</name>
                <description>
                    <![CDATA
                    <br>
                    <br>Preu: 4,50€. Quantitat: 8. Patates: 8. Salsa: 10. Nota final: 9. Patata molt ben feta, bon gust
                    pero no cruixent. Salsa incredibol: all i oli de casars-hi amb oli picant, que pica. Quantitat de
                    salsa mes que correcte. Global molt bo.<br>Les recomanaries?: si<br>Imprescindibles?: no<br>DATA:
                    8/1/2019
                    <br>
                    <br>dll 0:00–12:30, 18:00–1:00<br>dm-dv 18:00–1:00<br>dss 13:00–1:00<br>dg 18:00–0:00
                    <br>
                    <br>BravasBCN]]>
                </description>
                <styleUrl>#icon-503-62AF44</styleUrl>
                <ExtendedData>
                    <Data name="gx_media_links">
                        <value>
                            <![CDATA[https://doc-0o-0s-mymaps.googleusercontent.com/untrusted/hostedimage/sp540u1gdhv7u5v9na7627phvo/f8uco7fi94ot65lsp4gga0ei68/1686819488250/xUcpN3FudnuQYrEAf25SWSdkT0JYD12L/17346896698994278261/5ACtvi-FMzy29nsrVT4I0BLG7Rh0EYbUmtxE7ZKZkjOIFIa_B7D5_-id7Sx2CB9qNhMW9XfOqrdD4r-CXPWgo_4pHRT3sFFvpQhF0-So-WYjxiix5Qc92LJCTpiDlcf7g7u9RjJc2goOerSn4b3TTadzW3tTPQ0Qg4Wg8iauqyGpCQ3P-Z-VdehidV87AlSql?session=0&fife]]></value>
                    </Data>
                </ExtendedData>
                <Point>
                    <coordinates>
                        2.15587040000003,41.4047083,0
                    </coordinates>
                </Point>
            </Placemark>
            <Placemark>
                <name>9. Sucursal Aceitera</name>
                <description>
                    <![CDATA
                    <br>
                    <br>Preu: 5,50€. Quantitat: 8. Patates: 10. Salsa: 8. Nota final: 9. La patata esta molt bona de
                    gust, toveta per dins i amb un toc de fritura. Les salses: vermella casolana de tomaquet amb un toc
                    de picant, blanca allioli molt liquid i suau.<br>Les recomanaries?: si<br>Imprescindibles?: no<br>
                    DATA: 01/11/2018
                    <br>
                    <br>DLL-DJ 12:00–23:00<br>DV-DSS: 9:00–0:00<br>DG: 12:00–16:00
                    <br>
                    <br>BravasBCN]]>
                </description>
                <styleUrl>#icon-503-62AF44</styleUrl>
                <ExtendedData>
                    <Data name="gx_media_links">
                        <value>
                            <![CDATA[https://doc-0s-0s-mymaps.googleusercontent.com/untrusted/hostedimage/sp540u1gdhv7u5v9na7627phvo/aicmjl33ft4uq41chdne57s9l8/1686819488250/xUcpN3FudnuQYrEAf25SWSdkT0JYD12L/17346896698994278261/5ACtvi-GhQy0wf4v5LY3RUs0yvuFSrd5tdkRZe1rdkBBepzkKr9hEmk6fhPtbhWE1A6q5TjzPPdkMKbm6Kqi-we4zuSoHHwWVV0FFmkr9Vh-SOOnJoD8cBeNfv0NFX5U80O66c8lD9zIY0rQ-2Ih7miNGrvtuZ28Qr5hJZcMIP4B5l6x2-XzUKPIP6hsOxP4f?session=0&fife]]></value>
                    </Data>
                </ExtendedData>
                <Point>
                    <coordinates>
                        2.16310329999999,41.3771623,0
                    </coordinates>
                </Point>
            </Placemark>
            <Placemark>
                <name>9. Jabato</name>
                <description>
                    <![CDATA]]>
                </description>
                <styleUrl>#icon-503-62AF44</styleUrl>
                <ExtendedData>
                    <Data name="gx_media_links">
                        <value>
                            <![CDATA[https://doc-14-0s-mymaps.googleusercontent.com/untrusted/hostedimage/sp540u1gdhv7u5v9na7627phvo/uchka1smio1of03en09ha9lc2k/1686819488250/xUcpN3FudnuQYrEAf25SWSdkT0JYD12L/17346896698994278261/5ACtvi-F9iTEIcvSAo-BgPfkjR34sTHwryQPC0Y6fnRaUgTdYtbClLLVwPkblw17h-MnNDKmapfGgd2352Z5DdBa75ybTNmyYUxzR4VtcVM6y2N-t8g5syr7rTIsI1JYw00OPkMKQRbfhZ_fG4BM7hYV-pjHdeAAmhJJUdaZBwryFOP729rPvZidAjiCsrRzb?session=0&fife https://doc-04-0s-mymaps.googleusercontent.com/untrusted/hostedimage/sp540u1gdhv7u5v9na7627phvo/sarv7l35ihnhho5m8sgpg0nf6k/1686819488250/xUcpN3FudnuQYrEAf25SWSdkT0JYD12L/17346896698994278261/5ACtvi-E2xOUR-E2_bco1UbGe-o2a74UgkS24u9SC91_dI2ZSgQSyCmj8hN0rBwdameq5u-KNW6uKXTMQ8Mb8YhYh-wJAY8aDydh_zwA6bbBdFfoixeJ-lRIkk_YRJP77uoaikXkrlYbJaooaHI5fFElrKRVN_2vyXxk9bfuolKkbGND0H_kCHjtLPBkm_Nvf?session=0&fife https://doc-0o-0s-mymaps.googleusercontent.com/untrusted/hostedimage/sp540u1gdhv7u5v9na7627phvo/35riaa2ga55heah32lk4tr0v3s/1686819488250/xUcpN3FudnuQYrEAf25SWSdkT0JYD12L/17346896698994278261/5ACtvi-Eh7ZYgjf8zmsGIY6tEhYsm9EFXtndtwny7RiudKPB1sb_8ixjt2fS_swvSrOXCbxk2pChuA5kuTFi5FUHdKv_Gk-fSemTxa5L-K2nLds8r_nWNW5HOh4-FTiRXyfiXSw9DOLgTjul7NmbZoFVJn6shaO36Pnf2QlVDY9ywYdQOFF4xX18olhjk9TJv?session=0&fife]]></value>
                    </Data>
                </ExtendedData>
                <Point>
                    <coordinates>
                        2.16192150000006,41.4045535,0
                    </coordinates>
                </Point>
            </Placemark>
            <Placemark>
                <name>9. La Taverna Catalana del Mercantic</name>
                <description>
                    <![CDATA
                    <br>
                    <br>Preu: 5€. Quantitat: 7. Patates: 9. Salsa: 9. Nota final: 9. Tot i que falta un pel de cruixent
                    les patates estan bonissimes. Vermella de tomaquet fregit i allioli casola potent. Sense ser re
                    especial son del millor<br>Les recomanaries?: si<br>Imprescindibles?: no<br>DATA: 28/03/2021]]>
                </description>
                <styleUrl>#icon-1577-558B2F</styleUrl>
                <ExtendedData>
                    <Data name="gx_media_links">
                        <value>
                            <![CDATA[https://doc-08-0s-mymaps.googleusercontent.com/untrusted/hostedimage/sp540u1gdhv7u5v9na7627phvo/di1g4v3mu80lbbom7hleqrdeto/1686819488250/xUcpN3FudnuQYrEAf25SWSdkT0JYD12L/17346896698994278261/5ACtvi-ElYPYGuYyrlqQw0OGy_yS1nm7daEcx-gO37O1X_eUagzmaRuIMIOgONvkNv1GCiWAf21Sqp6IYCFxvgYeBb_m3veue-Y9bxSKX-dI94XkoFOfA6wU4iQLL2GJAq-ErWQA_gi0DK_c_VYr3cC9bzmGrDjJLA4zhqGhzqVTX3OLWAanxHgNfivM-S9Vv?session=0&fife]]></value>
                    </Data>
                </ExtendedData>
                <Point>
                    <coordinates>
                        2.0720504,41.4778493,0
                    </coordinates>
                </Point>
            </Placemark>
            <Placemark>
                <name><![CDATA[9. Ten's]]></name>
                <description>
                    <![CDATA
                    <br>
                    <br>Avinguda del Marquès de l'Argentera, 11. Nota: 9. Salsa molt bona, patates una mica crues?]]>
                </description>
                <styleUrl>#icon-503-62AF44</styleUrl>
                <ExtendedData>
                    <Data name="gx_media_links">
                        <value>
                            <![CDATA[https://doc-14-0s-mymaps.googleusercontent.com/untrusted/hostedimage/sp540u1gdhv7u5v9na7627phvo/9cd20770qfb2b8t8lb8efqgj78/1686819488250/xUcpN3FudnuQYrEAf25SWSdkT0JYD12L/17346896698994278261/5ACtvi-GP9B9-NgGUTEj7i6OGKUTiXkxRCxM7dnHzKD-Xygq1xkLgjMpoiw2hniONPeq6R1iz_S7enS-OX-bXfE0Xaplw-25oLfrRbdd0Xw9hUhdCV1eQBOkCiq_JudJQL1RjPo4xr71RaQoHQw6JMEzH-x0WuhisjACIukY4PL8K0UsBNn3AkwqEOhUgfKuf?session=0&fife]]></value>
                    </Data>
                </ExtendedData>
                <Point>
                    <coordinates>
                        2.18457650000005,41.3841396,0
                    </coordinates>
                </Point>
            </Placemark>
            <Placemark>
                <name>9. Olé Mallorca</name>
                <description>
                    <![CDATA
                    <br>
                    <br>Preu: 3,75€. Quantitat: 6. Patates: 10. Salsa: 8,5. Nota final: 9. Patata perfecta, salsa
                    allioli picant que mola. Piquen, pero podrien picar mes 😋<br>Les recomanaries?: si<br>
                    Imprescindibles?: si]]>
                </description>
                <styleUrl>#icon-503-62AF44</styleUrl>
                <ExtendedData>
                    <Data name="gx_media_links">
                        <value>
                            <![CDATA[https://doc-14-0s-mymaps.googleusercontent.com/untrusted/hostedimage/sp540u1gdhv7u5v9na7627phvo/t57lsm9qa2nqivlii3e4221vqs/1686819488250/xUcpN3FudnuQYrEAf25SWSdkT0JYD12L/17346896698994278261/5ACtvi-EwycRZcZ_UCggMLMac9F5ZuMUMX8-UUypiS6hI3FJyjxaZf-MSuZmttLvGJeRxbT20jgtGSTUHrGskZsF5aeQUa0QrZWFcUGFeYlY7SDlFK67PAvvSy_sPnFUns6UoaWscniHhB_HVfDgLOwpkuHAMhY39zqa5KxfRbKnZRU8X0kpU53JRrcJ69Od5?session=0&fife]]></value>
                    </Data>
                </ExtendedData>
                <Point>
                    <coordinates>
                        2.17700679999996,41.4045163,0
                    </coordinates>
                </Point>
            </Placemark>
            <Placemark>
                <name>9. El Casal Café Bar. T DG</name>
                <description>
                    <![CDATA
                    <br>
                    <br>Preu: . Quantitat: 8. Patates: 10. Salsa: 8. Nota final: 9. Patates molt bones, una mica
                    cruixents i ben fetes per dins. La salsa blanca es de iogurt tipus kebab, i “salsa vermella” es una
                    vadella esmicolada amb un toc picant<br>Les recomanaries?: si<br>Imprescindibles?: si<br>DATA:
                    13-09-2018
                    <br>
                    <br>dll-dx 7:00–16:00<br>dj-dv 7:00–16:00, 18:00–0:00<br>dss 18:00–0:00
                    <br>
                    <br>BravasBCN]]>
                </description>
                <styleUrl>#icon-503-62AF44</styleUrl>
                <ExtendedData>
                    <Data name="gx_media_links">
                        <value>
                            <![CDATA[https://doc-04-0s-mymaps.googleusercontent.com/untrusted/hostedimage/sp540u1gdhv7u5v9na7627phvo/774rp52fi40dqtul3u0kpgpcao/1686819488250/xUcpN3FudnuQYrEAf25SWSdkT0JYD12L/17346896698994278261/5ACtvi-Eo8f4uFJfDt3VHcwmPASWbKPFGoANKK17IKhX2I1Vo9b5mc77pi8uDblvzargNoFEjBGI-2BXEyKK1iAs-x4dypXxtQZD0Iz27hDehqVJIJF2_e2BeA1kqbjrHau7edZJ15AoHRvmjIRsP-fP9kQbmFwGrjJ8AdYc9GElxdQdJaC5YrdNqEZt-qJkA?session=0&fife]]></value>
                    </Data>
                </ExtendedData>
                <Point>
                    <coordinates>
                        2.181059,41.382709,0
                    </coordinates>
                </Point>
            </Placemark>
            <Placemark>
                <name>9. Xanc i Meli</name>
                <description>
                    <![CDATA
                    <br>
                    <br>Preu: 3,80€. Quantitat: 8. Patates: 10. Salsa: 8. Nota final: 9. Quina sorpresa, veniem amb zero
                    espectatives i...patata excel·lent! Bonissima i gust i cruixent com ens agrada. La salsa: un all i
                    oli suau amb oli picant, picant, PICANT.<br>Les recomanaries?: si<br>Imprescindibles?: si<br>DATA:
                    13/12/2018]]>
                </description>
                <styleUrl>#icon-503-62AF44</styleUrl>
                <ExtendedData>
                    <Data name="gx_media_links">
                        <value>
                            <![CDATA[https://doc-00-0s-mymaps.googleusercontent.com/untrusted/hostedimage/sp540u1gdhv7u5v9na7627phvo/posq8c8339an5f7u66q4intqeg/1686819488250/xUcpN3FudnuQYrEAf25SWSdkT0JYD12L/17346896698994278261/5ACtvi-Fz9rMf8zN9o4QOLU26MJ5G5FaCT2L6fOLtqz_EeSno36GJqH5CYArNtuLUH60ZpKHFldhJrT1MoXSb4Wa4BRHjldjfrdEMufK_zo6UZgXgmhJ02Vnq9IOIWFLGkcIWrSTRjIy3xBA8ZNf1vCoruMUgCfi7o2ZhbPOII4BqtUQS4sBZsP8XAfJfrUEo?session=0&fife]]></value>
                    </Data>
                </ExtendedData>
                <Point>
                    <coordinates>
                        2.14604559999998,41.4034547,0
                    </coordinates>
                </Point>
            </Placemark>
            <Placemark>
                <name>8.5. Candela</name>
                <description>
                    <![CDATA
                    <br>
                    <br>Preu: 7,50€. Quantitat: 6. Patates: 8. Salsa: 9. Nota final: 8,5. Braves cruixentones pero no es
                    la varietat de patata qe toca. Salsa: ceba caramelitzada mes salsa vermella, el conjunt pica i
                    bastant resulton<br>Les recomanaries?: si<br>Imprescindibles?: no<br>DATA: 24/12/2022]]>
                </description>
                <styleUrl>#icon-503-62AF44</styleUrl>
                <ExtendedData>
                    <Data name="gx_media_links">
                        <value>
                            <![CDATA[https://doc-10-0s-mymaps.googleusercontent.com/untrusted/hostedimage/sp540u1gdhv7u5v9na7627phvo/cgle8h4sbma1cog5rqbvmn61bs/1686819488250/xUcpN3FudnuQYrEAf25SWSdkT0JYD12L/17346896698994278261/5ACtvi-GLZAz83gUMYDhAxwthZHsEOZtYvjermbIsZWtTRpZd0B9PVD2HZvv_z4hEHP6ItdnRS-RS5yPvBdRxyTuLyTSWHobUVp4bKMyw_oAmVJ-dJemfpfxpzqxf3j-dFP2K-0mYn0z4rlRw4-RdYvYgDwa0yMaFSRos-gXrxWdIkCgwarGFHFHF1Ml150IL?session=0&fife]]></value>
                    </Data>
                </ExtendedData>
                <Point>
                    <coordinates>
                        2.1788768,41.3893043,0
                    </coordinates>
                </Point>
            </Placemark>
            <Placemark>
                <name>8.5. Vilallonga Masia Restaurant en Sant Cugat del Vallès</name>
                <description>
                    <![CDATA
                    <br>
                    <br>Preu: . Quantitat: 10. Patates: 9. Salsa: 8. Nota final: 8,5. Patates molt bones amb toc
                    cruixentet. All i oli i salsa romesco. El conjunt esta molt bo, però no pica gens.<br>Les
                    recomanaries?: si<br>Imprescindibles?: no<br>DATA: 30/04/2022]]>
                </description>
                <styleUrl>#icon-1577-558B2F</styleUrl>
                <ExtendedData>
                    <Data name="gx_media_links">
                        <value>
                            <![CDATA[https://doc-0c-0s-mymaps.googleusercontent.com/untrusted/hostedimage/sp540u1gdhv7u5v9na7627phvo/ug8aa05jjui7jo9pfhpeuk6h54/1686819488250/xUcpN3FudnuQYrEAf25SWSdkT0JYD12L/17346896698994278261/5ACtvi-GiGYefZYdwbW8nrr6bZTPE_5J99gwzUcZMSY7YcMVrZxJvgBGxI3eoqTe6okwpUoBk5x5mQVCLvbNSxBElGBpkk1TXCz8qipp61b2oXcAf6knJQp5INEBKmXuYNixPfKaRADLCv-DhysqNtjx_gf7GoAt90mr0kK2WIo2q_dT1DljctQGHyo_j009-?session=0&fife]]></value>
                    </Data>
                </ExtendedData>
                <Point>
                    <coordinates>
                        2.0857605,41.4542083,0
                    </coordinates>
                </Point>
            </Placemark>
            <Placemark>
                <name>8.5. L´Oficina Gastrobar Barcelona</name>
                <description>
                    <![CDATA
                    <br>
                    <br>Preu: 6€. Quantitat: 3. Patates: 9. Salsa: 8. Nota final: 8,5. La patata molt bona i ben frgida
                    farcida de salses casolanes que pica una mica. Llastima que es 1€ per patata<br>Les recomanaries?:
                    si<br>Imprescindibles?: no<br>DATA: 15/03/2022]]>
                </description>
                <styleUrl>#icon-503-62AF44</styleUrl>
                <ExtendedData>
                    <Data name="gx_media_links">
                        <value>
                            <![CDATA[https://doc-08-0s-mymaps.googleusercontent.com/untrusted/hostedimage/sp540u1gdhv7u5v9na7627phvo/4ha57cs5jd1ndafsg6r4klsvmo/1686819488250/xUcpN3FudnuQYrEAf25SWSdkT0JYD12L/17346896698994278261/5ACtvi-EKIbJJ2RLc5w3ZaaJp_eM7cgeTBuFhFthm8eONF2TxeiC2IqTiuM-_v0fdJaU-7ImevI_9dI2gQGeioqzix2RnJh2Gkw2SWXm5UhsGhrWKWlyQz9I7B0L0k-d24ZPDStPslRLdOqwn3grfbB7hF3eJqaj4lSBZbW-cwEsYVNh_iu8E4Kc88JAE-_kQ?session=0&fife]]></value>
                    </Data>
                </ExtendedData>
                <Point>
                    <coordinates>
                        2.1686156,41.4107743,0
                    </coordinates>
                </Point>
            </Placemark>
            <Placemark>
                <name>8.5. Restaurant La Divina. T DLL</name>
                <description>
                    <![CDATA
                    <br>
                    <br>Preu: 4,5. Quantitat: 8. Patates: 9. Salsa: 8. Nota final: 8,5. Patates molt bones, no tenen un
                    10 son al forn/caliu en comptes de fregides. Les sales estan bones, les dues casolanes tot i que no
                    piquen molt<br>Les recomanaries?: si<br>Imprescindibles?: no<br>DATA: 12/06/2012]]>
                </description>
                <styleUrl>#icon-503-62AF44</styleUrl>
                <ExtendedData>
                    <Data name="gx_media_links">
                        <value>
                            <![CDATA[https://doc-0k-0s-mymaps.googleusercontent.com/untrusted/hostedimage/sp540u1gdhv7u5v9na7627phvo/p7dccg4ksbm1k2dmscj0oamuic/1686819488250/xUcpN3FudnuQYrEAf25SWSdkT0JYD12L/17346896698994278261/5ACtvi-HQb0Gcpiv4Dpv7GeqwjACr4_mx1EysLFzrhESp1o8mSyi_COv6fRd4ZKlNCSxtyTYnXXfP80WXftcTS906TNLoCdmHRRVmEJTyiUhK93JVX8l6eIdzeDfRd-lllJClxNhClrMIVkMxRCEFAZda7iS0hOovYt1I5UYntvJI5dBGjAkQrDLTt1o7onMd?session=0&fife]]></value>
                    </Data>
                </ExtendedData>
                <Point>
                    <coordinates>
                        2.18641239999999,41.4319467,0
                    </coordinates>
                </Point>
            </Placemark>
            <Placemark>
                <name>8.5. Morryssom. T DG</name>
                <description>
                    <![CDATA
                    <br>
                    <br>Preu: 4,40€. Quantitat: 8. Patates: 9. Salsa: 8. Nota final: 8,5. Les patates tindrien un 10 si
                    no estiguessin fregides amb oli cancerigen. La salsa blanda un allioli potent, la vermella una
                    romesco amb pimenton de la vera que fan un conjunt molt bo<br>Les recomanaries?: si<br>
                    Imprescindibles?: no<br>DATA: 17/01/2022
                    <br>
                    <br>DLL-DV 7:00–1:00<br>DSS 8:00–18:00]]>
                </description>
                <styleUrl>#icon-503-62AF44</styleUrl>
                <ExtendedData>
                    <Data name="gx_media_links">
                        <value>
                            <![CDATA[https://doc-14-0s-mymaps.googleusercontent.com/untrusted/hostedimage/sp540u1gdhv7u5v9na7627phvo/kkjg29evrc9l8fohen6pjksl40/1686819488250/xUcpN3FudnuQYrEAf25SWSdkT0JYD12L/17346896698994278261/5ACtvi-EewRdIPmGuQ6KM-KtWJq40n7mnvJ_rDBx_M9qNoWFLDnChvShLn1emGI50kQJIgsVCcFupUMeg8ap7pv2YES3wMMCYga3w5MdLdtBLtjidPldJt2e4Scavk0Q1AYi9vl3nzONIPg-bdZzHn_t-Nu4YXaTqTbMNkKVjcAncQr7P_DvnlSgNSdRTBsV9?session=0&fife]]></value>
                    </Data>
                </ExtendedData>
                <Point>
                    <coordinates>
                        2.16518369999994,41.399487,0
                    </coordinates>
                </Point>
            </Placemark>
            <Placemark>
                <name>8.5. Rustic BCN</name>
                <description>
                    <![CDATA
                    <br>
                    <br>Preu: 4,5. Quantitat: 8. Patates: 9. Salsa: 8. Nota final: 8,5. Patates molt bones, no tenen un
                    10 son al forn/caliu en comptes de fregides. Les sales estan bones, les dues casolanes tot i que no
                    piquen molt<br>Les recomanaries?: si<br>Imprescindibles?: no<br>DATA: 12/06/2021]]>
                </description>
                <styleUrl>#icon-503-62AF44</styleUrl>
                <ExtendedData>
                    <Data name="gx_media_links">
                        <value>
                            <![CDATA[https://doc-14-0s-mymaps.googleusercontent.com/untrusted/hostedimage/sp540u1gdhv7u5v9na7627phvo/rg1ia651f9rgqn3istqmr2bptk/1686819488250/xUcpN3FudnuQYrEAf25SWSdkT0JYD12L/17346896698994278261/5ACtvi-HuExIJuRD7IQoSKdksvcNHNmwX37zQQkeTirEELgrkvS34fIibPS8ZX-ph9anZJATqrjxkkMPs5B-d6CqvJhCveWv06gFCXRomIZpn5JJr5Ul46xvaV1NzzhIPUVGucOzOfsa9PwFORZ-HKb73eLceuYIw9oV4drGKqOGkGkuia73_jJ_WxLpd_kQb?session=0&fife]]></value>
                    </Data>
                </ExtendedData>
                <Point>
                    <coordinates>
                        2.1513427,41.3800426,0
                    </coordinates>
                </Point>
            </Placemark>
            <Placemark>
                <name>8.5. Debutis. ANAR DISS TARDA</name>
                <description>
                    <![CDATA
                    <br>
                    <br>Preu: 3,90€. Quantitat: 8. Patates: 9. Salsa: 8. Nota final: 8,5. Patates molt ben fetes, pero
                    potser congelades? O tenen un algo qe no acaba de donar el 10. Les salses (blanca i vermella) estan
                    molt bones pero no piquen<br>Les recomanaries?: si<br>Imprescindibles?: si i vine a soparrrr<br>
                    DATA: 2/7/2020
                    <br>
                    <br>DLL-DV: 13:00–16:00, 19:30–0:00<br>DSS: 13:00–0:00]]>
                </description>
                <styleUrl>#icon-503-62AF44</styleUrl>
                <ExtendedData>
                    <Data name="gx_media_links">
                        <value>
                            <![CDATA[https://doc-0o-0s-mymaps.googleusercontent.com/untrusted/hostedimage/sp540u1gdhv7u5v9na7627phvo/8epub040gbjmnsitdccvklh78o/1686819488250/xUcpN3FudnuQYrEAf25SWSdkT0JYD12L/17346896698994278261/5ACtvi-GeRQv964z6kM-UAg_x8x4yWUIJLSc4QnMxrmmzDX306SeOqfWGx2zPv8YtI7ZKNzJx-q5JCHRUGz-WvRxP2BPppO6LpWe6qPRPbIC-HgLpNGv4IPgiF19VLVv0fEacswdImMPMvT7abOh7L5RfbTM3YPoFGtzjpW3taLOprOcpWCWYGtl9-i_HzrTN?session=0&fife]]></value>
                    </Data>
                </ExtendedData>
                <Point>
                    <coordinates>
                        2.16045810000003,41.3907523,0
                    </coordinates>
                </Point>
            </Placemark>
            <Placemark>
                <name>8.5. Estraperlo Barceloneta (dues braves). T DLL I DM</name>
                <description>
                    <![CDATA]]>
                </description>
                <styleUrl>#icon-503-62AF44</styleUrl>
                <ExtendedData>
                    <Data name="gx_media_links">
                        <value>
                            <![CDATA[https://doc-10-0s-mymaps.googleusercontent.com/untrusted/hostedimage/sp540u1gdhv7u5v9na7627phvo/8l229s41acevil3udca56m6oko/1686819488250/xUcpN3FudnuQYrEAf25SWSdkT0JYD12L/17346896698994278261/5ACtvi-FdqVFZQpDhhhffHikpuITHCBN6-XsQrfoEAyTnRUvvjPIG2ru5IWUCah4FZuGejyoFAf2Dn1-SkHURIDTwy8K2CIS8MgHE7A4CYZej0ZD2svPIZD-poBnLURIDxN-fyKfaAWNrKePMVrfx97q-yUlfais-PcJhZoL7A-T9Ab3pD0JPy6F9a5y6c0TU?session=0&fife https://doc-00-0s-mymaps.googleusercontent.com/untrusted/hostedimage/sp540u1gdhv7u5v9na7627phvo/2vua502cgskrni5b614k72rui4/1686819488250/xUcpN3FudnuQYrEAf25SWSdkT0JYD12L/17346896698994278261/5ACtvi-GmLz6YMvU445drZNG0pis5TSnI61BhWCqneOr-b9tJfiE0BUmpO-OHXBO0dESZyRWp8uvREVkEGVwQkPsWzkIbKg1yytgOAfBvUcQoLDL1rlVDWcBJMx82HNWldwuS5Z2-VVJTEJ48kqWTHfu3-o4QD_WxIULogwn5_sVZ_3fHQga1-lAaCUYHG30U?session=0&fife]]></value>
                    </Data>
                </ExtendedData>
                <Point>
                    <coordinates>
                        2.1901848,41.3791939,0
                    </coordinates>
                </Point>
            </Placemark>
            <Placemark>
                <name>8.5. L’empanat</name>
                <description>
                    <![CDATA
                    <br>
                    <br>Preu: 4,50€. Quantitat: 8. Patates: 9. Salsa: 8. Nota final: 8,5. Patates amb pell molt bones.
                    No tenen un 10 pq no tenen prou cruixentor. Salsa blanca suau i "vermella" ataronjada mes picantona.
                    <br>Les recomanaries?: si<br>Imprescindibles?: no, pero la carta...imprescindible venir a dinar
                    <br>
                    <br>DLL-DV 12:00–0:00<br>DSS-DG 11:00–1:00]]>
                </description>
                <styleUrl>#icon-503-62AF44</styleUrl>
                <ExtendedData>
                    <Data name="gx_media_links">
                        <value>
                            <![CDATA[https://doc-0s-0s-mymaps.googleusercontent.com/untrusted/hostedimage/sp540u1gdhv7u5v9na7627phvo/2o4r42f5f7mih64cjeif6adp24/1686819488250/xUcpN3FudnuQYrEAf25SWSdkT0JYD12L/17346896698994278261/5ACtvi-E6rN1C9v3q95P8Rc59W59C2_NDcuXEX5cc3XAiN7D4uA0ZkH90lzR3hBzsjSKrahucKe-9bxaHtslitD5aRR8yaWwv67602FM1iXNtCsJiDB38kYZCtFlmy-jPRpoRco8CYtT6Ns2Z6gFV10o5dHCi411pifSZqOiQB98ZoSM15BUf-Y9V8pbRPPkJ?session=0&fife]]></value>
                    </Data>
                </ExtendedData>
                <Point>
                    <coordinates>
                        2.19048969999994,41.4249017,0
                    </coordinates>
                </Point>
            </Placemark>
            <Placemark>
                <name>8.5. Segons Mercat Aribau</name>
                <description>
                    <![CDATA
                    <br>
                    <br>Preu: 4,80€. Quantitat: 6. Patates: 9. Salsa: 8. Nota final: 8,5. La patata esta bona,
                    cruixenteta i bona de gust. All i oli no amb oli picant que pica una miqueta<br>Les recomanaries?:
                    si<br>Imprescindibles?: no<br>DATA: 03-09-2018]]>
                </description>
                <styleUrl>#icon-503-62AF44</styleUrl>
                <ExtendedData>
                    <Data name="gx_media_links">
                        <value>
                            <![CDATA[https://doc-14-0s-mymaps.googleusercontent.com/untrusted/hostedimage/sp540u1gdhv7u5v9na7627phvo/sioolcgal0firissu3q7gitflc/1686819488250/xUcpN3FudnuQYrEAf25SWSdkT0JYD12L/17346896698994278261/5ACtvi-FO8FX9kQsJUSc4azyQ3gjNRZxIbj4qVfbXSqXZxKz_u5AAbHS1nGPO8n6W4SA4U6vIkzIZpYgl895L93lzAjl8uiExyQAVmHuadrB9Z-a3vQnSww0kowdAJ3glju3ua6EUy5HuKDBNnZiZCETAHg6nPsyboxIU9j4cKMroK76WyXByIkF-CVIK6ibA?session=0&fife]]></value>
                    </Data>
                </ExtendedData>
                <Point>
                    <coordinates>
                        2.1609876,41.3847326,0
                    </coordinates>
                </Point>
            </Placemark>
            <Placemark>
                <name>8.5. Senyor vermut. T DL I DG TARDA</name>
                <description>
                    <![CDATA
                    <br>
                    <br>Provença, 85.
                    <br>
                    <br>Preu: 3,95€. Quantitat: 8. Patates: 8,5. Salsa: 8,5. Nota final: 8,5. Patates amb cruixentor
                    molt correcte. Salsa allioli suau amb vermella molt picant. Podria haver-hi més salsa i mes
                    pebrotets
                    <br>
                    <br>Dt-Ds: 12:00-23:00<br>Dg: 12:00-16:00]]>
                </description>
                <styleUrl>#icon-503-62AF44</styleUrl>
                <ExtendedData>
                    <Data name="gx_media_links">
                        <value>
                            <![CDATA[https://doc-0g-0s-mymaps.googleusercontent.com/untrusted/hostedimage/sp540u1gdhv7u5v9na7627phvo/i3p36to6toj8mbikcaq2d8jb0c/1686819488250/xUcpN3FudnuQYrEAf25SWSdkT0JYD12L/17346896698994278261/5ACtvi-F3iudjeUArN3-u44L5kwZgbIglze1rLGSHqEcW3FiWXgo2pNdm8pMhn2_LSeDUgo8A5IgepFR_7Oc6p7jIYXXd46aBSS2HUxEcPpRXzRUYb_AZcF6d1AhlOPKDMAcOqxB7B1-nPKl0qs_uQ3gpBtI4OjZSsHmcH2ii6lSayftGUccpWfDZ1jCgHUxo?session=0&fife]]></value>
                    </Data>
                </ExtendedData>
                <Point>
                    <coordinates>
                        2.14958550000006,41.3858656,0
                    </coordinates>
                </Point>
            </Placemark>
            <Placemark>
                <name><![CDATA[8.5. Beer'linale]]></name>
                <description>
                    <![CDATA
                    <br>
                    <br>Preu: 6,5€. Quantitat: 9. Patates: 9. Salsa: 8. Nota final: 8,5. La patata te molt bon gust i
                    molt bona fruitura pero, com sempre, podria estar una mica mes cruixent. Les salses estan molt
                    bones, pero falta qe piquin i calentes estarien mes bones. Quantitat de salsa 😍<br>Les
                    recomanaries?: si<br>Imprescindibles?: no<br>DATA: 17-09-2017
                    <br>
                    <br>DG-DJ 11:00–0:00<br>DV-DSS 11:00–1:00]]>
                </description>
                <styleUrl>#icon-503-62AF44</styleUrl>
                <ExtendedData>
                    <Data name="gx_media_links">
                        <value>
                            <![CDATA[https://doc-0s-0s-mymaps.googleusercontent.com/untrusted/hostedimage/sp540u1gdhv7u5v9na7627phvo/rv7qeo8lmlpnrelp074oh3b4bo/1686819488250/xUcpN3FudnuQYrEAf25SWSdkT0JYD12L/17346896698994278261/5ACtvi-GoDm2JUsO15A9r-BUC6s1PYs2uZSlHqC16FJ-nhdN8gD8385c0YeRgj-0NCYiinJd-uEIcEENQsvU2NG3JyRoI3ZoMNQ6A2GYfpPKwHyEdzFOKDz2KP4vH9kuenvQ7SCcEFlBcSzf1TmNdLYXPLcLTQWOR_Vw66wdnB5E1f9yH2PUCpHuM0IdH2SXp?session=0&fife]]></value>
                    </Data>
                </ExtendedData>
                <Point>
                    <coordinates>
                        2.17108440000004,41.3826663,0
                    </coordinates>
                </Point>
            </Placemark>
            <Placemark>
                <name>8.5. Terraza Martinez</name>
                <description>
                    <![CDATA
                    <br>
                    <br>Ctra. de Miramar, 38
                    <br>
                    <br>Preu: 5,0€ . Quantitat: 4. Patates: 9. Salsa: 8. Nota final: 8.5. Molt bones. Les patates
                    podrien ser mes cruixents, podria haverhi mes salsa.
                    <br>
                    <br>1 de Noviembre - 31 de Marzo):<br>Dg-dj: 10:00h. a 01:00h.<br>Dv - Ds: 10:00h. a 02:30h. <br> 1
                    de Abril - 31 de Octubre:<br>Dl-dg: 10:00h. a 02:30h. ]]>
                </description>
                <styleUrl>#icon-503-62AF44</styleUrl>
                <ExtendedData>
                    <Data name="gx_media_links">
                        <value>
                            <![CDATA[https://doc-0k-0s-mymaps.googleusercontent.com/untrusted/hostedimage/sp540u1gdhv7u5v9na7627phvo/q9o57686g6sercstamcs0itpc4/1686819488250/xUcpN3FudnuQYrEAf25SWSdkT0JYD12L/17346896698994278261/5ACtvi-HlkVypXlL-uqdhhiaTxka46l-csrjaiI7_bejZoKePQCtJLy-kR1w4XCtKAh3ybJULnf_3w6orrGmxaEiz1HO1I5hfxcI7Bm9ukYEdD8ENeWZlHf654XwTR_UBktd4hvGcj-Z2p5hTMiRLi6FKalbLCZfg9F4yH2FBlYBeckagFmRAhVV74th8-1ef?session=0&fife]]></value>
                    </Data>
                </ExtendedData>
                <Point>
                    <coordinates>
                        2.1711904,41.368306,0
                    </coordinates>
                </Point>
            </Placemark>
            <Placemark>
                <name>8.5. El filete ruso</name>
                <description>
                    <![CDATA
                    <br>
                    <br>Preu: 4,3€. Quantitat: 7. Patates: 8. Salsa: 9. Nota final: 8,5<br>Les patates estan ben
                    fregides pero no tenen un gust espectacular de bona patata. La salsa bastant sencilleta però bona i
                    pica!<br>Les recomanaries?: si<br>Imprescindibles?: no<br>DATA: 17/11/2019
                    <br>
                    <br>Carrer d'Enric Granados, 95
                    <br>
                    <br>DG-DX 13:00–16:00, 20:30–23:30<br>DJ-DS 13:00–16:00, 20:30–0:00]]>
                </description>
                <styleUrl>#icon-1577-558B2F</styleUrl>
                <ExtendedData>
                    <Data name="gx_media_links">
                        <value>
                            <![CDATA[https://doc-04-0s-mymaps.googleusercontent.com/untrusted/hostedimage/sp540u1gdhv7u5v9na7627phvo/t60gdaani8t9rndce6v9mkn1oo/1686819488250/xUcpN3FudnuQYrEAf25SWSdkT0JYD12L/17346896698994278261/5ACtvi-G_wLj-Ge1uiqlGptlQXcXIiI9XhOolgOqZ_PQbGe4fUh71gIsADJJTv-_rA6c8aF91DKSXpJVYjNUbXGIvG4rAgPBykQ03KV-JdPpWGOrCpfO3T5EjbyESos_YrAkqkP0e_OWr3mwjxMggqqlAY1FdnA9cTKWERFjJVRtAA7mhA5iewRnLbJ4ww6qX?session=0&fife]]></value>
                    </Data>
                </ExtendedData>
                <Point>
                    <coordinates>
                        2.1559244,41.3924409,0
                    </coordinates>
                </Point>
            </Placemark>
            <Placemark>
                <name>8.5. La porca. TDG TARDA</name>
                <description>
                    <![CDATA
                    <br>
                    <br>Preu: 4,5€. Quantitat: 7. Patates: 10. Salsa: 6. Nota final: 8,5. Les salses es nota que son
                    casolanes (ajonesa i de tomaquet) per no pica. Les patates estan molt ben fetes. La carn de porc
                    esta molt bona<br>Les recomanaries?: si<br>Imprescindibles?: no. No son el plat estrella.
                    Impridcindible el restaurant
                    <br>
                    <br>Carrer de Mata, 16
                    <br>
                    <br>DL-DJ 19:00–23:30<br>DV-DS 13:00–16:30, 19:00–0:00]]>
                </description>
                <styleUrl>#icon-1577-558B2F</styleUrl>
                <ExtendedData>
                    <Data name="gx_media_links">
                        <value>
                            <![CDATA[https://doc-00-0s-mymaps.googleusercontent.com/untrusted/hostedimage/sp540u1gdhv7u5v9na7627phvo/8a92da1ec648qlj40godib4ke8/1686819488250/xUcpN3FudnuQYrEAf25SWSdkT0JYD12L/17346896698994278261/5ACtvi-HGjGYP9zdOWIc5diZ_S-EbWbjzwYeWrGT5g_5xZ3CQMEpMapDlSO4k3RFaRopIJdbrP61n-_28m8wm_-rL3ylcm_NaYB4OFDEzkBftExjV2kMf3LXW45gKbdU2ijLvZ_RBHvNIo1rUM5fm4Z7X4baP23EjzF_2s_rEOqRtjjDhct32AApxGTeMT-Sh?session=0&fife]]></value>
                    </Data>
                </ExtendedData>
                <Point>
                    <coordinates>
                        2.17079590000003,41.372987,0
                    </coordinates>
                </Point>
            </Placemark>
            <Placemark>
                <name>8.5. Café Adonis 1940</name>
                <description>
                    <![CDATA
                    <br>
                    <br>DLL-DX 9:30–1:00<br>DJ 9:30–1:30<br>DV-DSS 9:30–2:30<br>DG 11:00–1:00
                    <br>
                    <br>Preu: 3,90€. Quantitat: 8. Patates: 9. Salsa: 8. Nota final: 8,5. Patata ben feta. Dues salses,
                    una pica i laltre no es blanca. Potser la fosca eclipsa a laltra<br>Les recomanaries?: si<br>
                    Imprescindibles?: no]]>
                </description>
                <styleUrl>#icon-503-62AF44</styleUrl>
                <ExtendedData>
                    <Data name="gx_media_links">
                        <value>
                            <![CDATA[https://doc-0o-0s-mymaps.googleusercontent.com/untrusted/hostedimage/sp540u1gdhv7u5v9na7627phvo/t27aq91m2r2be67krd7i2cggts/1686819488250/xUcpN3FudnuQYrEAf25SWSdkT0JYD12L/17346896698994278261/5ACtvi-Etgw_QtamV4F1yCFPMXZl_swK9cs96SiH-dEjx454B6g5h7zgOeqzAyxb6TzoXLCAVxgsnBmz7KLi556G_Z4q-pO9W3FuevohyL06XHdtPmt8fhC2CrQFA35b1ovqwn-KBDP6eIQcvJqvztwK33U931GIIIpJVnj1qbslBvuMpqqYsJZ5HMfMwiQ1Z?session=0&fife]]></value>
                    </Data>
                </ExtendedData>
                <Point>
                    <coordinates>
                        2.16513629999997,41.4012161,0
                    </coordinates>
                </Point>
            </Placemark>
            <Placemark>
                <name>8.5. Casa Diaz Bcn. T DG</name>
                <description>
                    <![CDATA]]>
                </description>
                <styleUrl>#icon-503-62AF44</styleUrl>
                <ExtendedData>
                    <Data name="gx_media_links">
                        <value>
                            <![CDATA[https://doc-0c-0s-mymaps.googleusercontent.com/untrusted/hostedimage/sp540u1gdhv7u5v9na7627phvo/nf1ukg3u1stfcthmdq3ctvvf3k/1686819488250/xUcpN3FudnuQYrEAf25SWSdkT0JYD12L/17346896698994278261/5ACtvi-GkyOpsTHfasdi-9wraJInIFvknlrJFWx3o0Z3QeiNH9BJSd6XWmDmXFo5nXRSL2dhD98NaEH5gA1_D5ywBtAoi6QGp2upyrbqCCwvV9_GPxQH9MW2-i8GZalxZbdjtLf4mD7KQjdzRxaUySMbJ2zdmhtbk2S1q0aRDXcwYJ51FBz-PYNdReXlfWeDc?session=0&fife https://doc-0s-0s-mymaps.googleusercontent.com/untrusted/hostedimage/sp540u1gdhv7u5v9na7627phvo/lps4c7roaltesu4idmdhnme0vg/1686819488250/xUcpN3FudnuQYrEAf25SWSdkT0JYD12L/17346896698994278261/5ACtvi-GH-PYnb5E7UM9DnyszM1YDWuK8EHc7UjthnDFRQx6nrCpHLFVMZUDbpPzJZtvecg3wuM6qG-G4Im1oXToKq6M-eRKTPuw29n5EZGfyxPACcXxfViNTQ6dt6arGwzvtDwwHYUFlBXQNBR91qNSdX28uAMYbfk1QS-edbfO9F6pHdeDjxYEGml40T9kt?session=0&fife https://doc-0o-0s-mymaps.googleusercontent.com/untrusted/hostedimage/sp540u1gdhv7u5v9na7627phvo/3s5ncaaav5ofpdf8a50i3q6u5c/1686819488250/xUcpN3FudnuQYrEAf25SWSdkT0JYD12L/17346896698994278261/5ACtvi-EajasGC1GRTa3Am5iERSRhODM31ZsMmgYclL-XQ37SPobkD67zEqxAwy_IVy4i-t8DYAnwRoSxzI1Ec3Cc3PVCO9AzYyUaDwh6iX_pFxAZkFmcLu76YnaGj2WihoFVrWcgX03AxZyQQ3JvUENGY1uM-CBsxCsS0jTLcQ0E3YaKmH3dhMGFPuMTt4VB?session=0&fife]]></value>
                    </Data>
                </ExtendedData>
                <Point>
                    <coordinates>
                        2.1769372,41.4072572,0
                    </coordinates>
                </Point>
            </Placemark>
            <Placemark>
                <name>8.5. Restaurant Casa Blava</name>
                <description>
                    <![CDATA
                    <br>
                    <br>Preu: 7€. Quantitat: 10. Patates: 9. Salsa: 8. Nota final: 8,5. Patates al caliu molt bones.
                    Salses casolanes al nivell<br>Les recomanaries?: si<br>Imprescindibles?: no<br>DATA: 1/5/2021]]>
                </description>
                <styleUrl>#icon-1577-558B2F</styleUrl>
                <ExtendedData>
                    <Data name="gx_media_links">
                        <value>
                            <![CDATA[https://doc-10-0s-mymaps.googleusercontent.com/untrusted/hostedimage/sp540u1gdhv7u5v9na7627phvo/p24rc7jif03igib8m44l6jkdi4/1686819488250/xUcpN3FudnuQYrEAf25SWSdkT0JYD12L/17346896698994278261/5ACtvi-EvGRQDKp8mjfJI2xJ8rN23Pnn_Vlk9T9aubrkyejiRmz0FkkjKDX-i6jjTc8CQe_CyW4dBHHR7j1Ex_2ee847Cfclt4R0jBHMzInqwKY8L27azFafwYxX6ui8blz7cvL1c4fVenZofgWrHfg2c8S8e0_oEJwY6CXvfyWc7DyEe08hjU8rYMTgbI1pX?session=0&fife]]></value>
                    </Data>
                </ExtendedData>
                <Point>
                    <coordinates>
                        2.0616294,41.4448649,0
                    </coordinates>
                </Point>
            </Placemark>
            <Placemark>
                <name>8.5. Polleria fontana. T DG</name>
                <description>
                    <![CDATA]]>
                </description>
                <styleUrl>#icon-503-62AF44</styleUrl>
                <ExtendedData>
                    <Data name="gx_media_links">
                        <value>
                            <![CDATA[https://doc-00-0s-mymaps.googleusercontent.com/untrusted/hostedimage/sp540u1gdhv7u5v9na7627phvo/86nqn52onlmj1b5q3pa71hos3c/1686819488250/xUcpN3FudnuQYrEAf25SWSdkT0JYD12L/17346896698994278261/5ACtvi-HY_b8rXztkWnzBcJe4iz528X_aA5lC7FFk6SCeyasM5-5ZhB5-mQro7h6bLzZKhc7NW4I4cxXHCyC2SaMdNFMc-sLKI6eIpLTpRPD8LZXkk4CrvIkJqWJQuDtYmgfmBa2P_Z-VkraFHjJ5UGnJ-7qI2EwpoVuX1YV0N0OGvp-5aHEGj0HeJCzD1Swp?session=0&fife https://lh3.googleusercontent.com/umsh/AKnoyZ1sbPuy3jh-2_lbA18opGJ26KcFQ2UTXalBWB4h111-pOf-OL0mVjtVM2bqLNzOBcqrfBuzFUf9OAbZ5y5KTOQglwlVGtj8KFOf8ppcrh6cSG-sWJllhbHn4xZNFiICbE3CVKYfZg]]></value>
                    </Data>
                </ExtendedData>
                <Point>
                    <coordinates>
                        2.1585339,41.4044067,0
                    </coordinates>
                </Point>
            </Placemark>
            <Placemark>
                <name>8.5. Barberetxu</name>
                <description>
                    <![CDATA]]>
                </description>
                <styleUrl>#icon-503-62AF44</styleUrl>
                <ExtendedData>
                    <Data name="gx_media_links">
                        <value>
                            <![CDATA[https://doc-0o-0s-mymaps.googleusercontent.com/untrusted/hostedimage/sp540u1gdhv7u5v9na7627phvo/8j5317usjkjuvdgelt0hcut7q8/1686819488250/xUcpN3FudnuQYrEAf25SWSdkT0JYD12L/17346896698994278261/5ACtvi-E77GzD7zGvdd4-9Lrrgknmy4QTf1-wNMlA8KJeUABSTp2ePq4RZA8y7nr69q7K2KRWEGchKsIZ9CggAS7atI_L5GQYdR_MQMQMY--bJMhCngHVVyFAUqs4_wHX4BsKpls-WDQ4tFQW8m_PXK36OegOqyz0YjCQOZZL-srZVbq5_ul2whV0iowmMRH6?session=0&fife https://doc-00-0s-mymaps.googleusercontent.com/untrusted/hostedimage/sp540u1gdhv7u5v9na7627phvo/2au5h7ebbm9j89pl0fe42bbaro/1686819488250/xUcpN3FudnuQYrEAf25SWSdkT0JYD12L/17346896698994278261/5ACtvi-G-3ILR22582ZmEpRkXzibq_3C1IZjxks5vAGGgpp7ZVhFBnJTI1EuKWapPa8AGELEf069mIkjDO1Z76SKnRxRhFGFcoA9RigUfSYv5HjsG1BBS63dkl9sSRrH_sB1aeO2HVSYFegMNkqE6Lys84aZatppmU88ELCBBFUaKtTrqZhAj8ylZ_iePf4L-?session=0&fife]]></value>
                    </Data>
                </ExtendedData>
                <Point>
                    <coordinates>
                        2.01544699999999,41.4127908,0
                    </coordinates>
                </Point>
            </Placemark>
            <Placemark>
                <name>8.5. Santa Anita</name>
                <description>
                    <![CDATA
                    <br>
                    <br>Preu: 4,50€. Quantitat: 6. Patates: 8. Salsa: 9. Nota final: 8,5. Patates molt finetes crujis
                    que molen. Salsa allioli casera amb oli picant. Conjunt boooo<br>Les recomanaries?: si<br>
                    Imprescindibles?: no<br>DATA: 19/12/2020
                    <br>
                    <br>8:00–0:00]]>
                </description>
                <styleUrl>#icon-503-62AF44</styleUrl>
                <ExtendedData>
                    <Data name="gx_media_links">
                        <value>
                            <![CDATA[https://doc-0g-0s-mymaps.googleusercontent.com/untrusted/hostedimage/sp540u1gdhv7u5v9na7627phvo/lqogmlukmvc7rq3ba3v88ub7i0/1686819488250/xUcpN3FudnuQYrEAf25SWSdkT0JYD12L/17346896698994278261/5ACtvi-F3ekRaUCvSoRN1eUkNbLHhZSk-4GQ2mieA8cZ_GUovq_zmKSy-GUIW1J6WENmQguhOpHNNyuOYupiVtc6Klu7sy6hMCuNTU70GGf8Gp0Y68YID8_M0DDVahIRdRBfTHr-Mg__lbdxsRuEyxRnD-xJsz5FoCF7E4jPa3ewvPagYK9ang1f1AtThYKPc?session=0&fife]]></value>
                    </Data>
                </ExtendedData>
                <Point>
                    <coordinates>
                        2.15152420000004,41.3802786,0
                    </coordinates>
                </Point>
            </Placemark>
            <Placemark>
                <name>8.5. Fonda Europa</name>
                <description>
                    <![CDATA
                    <br>
                    <br>Preu: 4,50. Quantitat: 9. Patates: 9. Salsa: 8. Nota final: 8,5. Patates molt bones de gust, ben
                    fetes i calentones, pero -10 de cruixent. Salsa bona pero no pica ni te res especial<br>Les
                    recomanaries?: si<br>Imprescindibles?: no, el restaurant està molt bé. Si vols algo "bravo" demana
                    els músclos amb salsa brava<br>DATA: 30/06/2019]]>
                </description>
                <styleUrl>#icon-1577-62AF44</styleUrl>
                <ExtendedData>
                    <Data name="gx_media_links">
                        <value>
                            <![CDATA[https://doc-00-0s-mymaps.googleusercontent.com/untrusted/hostedimage/sp540u1gdhv7u5v9na7627phvo/ah4tcc6tj7r65cjkkrlrkbfduk/1686819488250/xUcpN3FudnuQYrEAf25SWSdkT0JYD12L/17346896698994278261/5ACtvi-EHwnlicP6L_kLBlxVFbFiFhfcjxu84T6skVBo_Ux10b_KNr00XU3AxDqzhv64Gp8rz7Z7Zhbbf10yhYsRn34FZ-IoQ-ZFm6rY-8CALbr2KYs87tp0BIvdrwHrSpMzYROM1-cnjOVtLyHD6Ah3zuprncgc6o4JXqvrdvu-kWzfu2WeIs8wycl6axMW4?session=0&fife]]></value>
                    </Data>
                </ExtendedData>
                <Point>
                    <coordinates>
                        2.28905009999994,41.6082916,0
                    </coordinates>
                </Point>
            </Placemark>
            <Placemark>
                <name>8.5. Bodega La Puntual</name>
                <description>
                    <![CDATA
                    <br>
                    <br>Carrer de Montcada, 22
                    <br>
                    <br>Preu: 4,50€. Quantitat: 7. Patates: 8. Salsa: 9. Nota final: 8,5. Les patates estan ben
                    fregides, pero el gust podria millorar. La salsa vermella que pica bastant, potser massa
                    nyora/picanto, salsa allioli que queda una mica eclipsat.<br>Les recomanaries?: si<br>
                    Imprescindibles?: no<br>DATA: 4-12-2017
                    <br>
                    <br>DL, DJ-DG:12:00–0:00<br>DM 12:00–16:00]]>
                </description>
                <styleUrl>#icon-503-62AF44</styleUrl>
                <ExtendedData>
                    <Data name="gx_media_links">
                        <value>
                            <![CDATA[https://doc-00-0s-mymaps.googleusercontent.com/untrusted/hostedimage/sp540u1gdhv7u5v9na7627phvo/s6a1qij0pqo1194devciuo5r5g/1686819488250/xUcpN3FudnuQYrEAf25SWSdkT0JYD12L/17346896698994278261/5ACtvi-Hju3ocWxAjK16aFnHd5TWZgyXW2x_yfXYLp4l7LPailCRJU6YKuoEJG8EBaEb-foJ4EgeIQHU9CxrSJ5fwIND0VFcd_FV6WB0cloyNqbbdXVR0_ckTZGBCJjlL1xFCUB1yee22c7EofrTEeGy7KF2Tc_baXTt3Y9EuaO6Jcje7W8KFvoG04t8am1l5?session=0&fife]]></value>
                    </Data>
                </ExtendedData>
                <Point>
                    <coordinates>
                        2.18173230000002,41.3844615,0
                    </coordinates>
                </Point>
            </Placemark>
            <Placemark>
                <name>8.5. NOW - Not Only Wine</name>
                <description>
                    <![CDATA]]>
                </description>
                <styleUrl>#icon-503-62AF44</styleUrl>
                <ExtendedData>
                    <Data name="gx_media_links">
                        <value>
                            <![CDATA[https://doc-0o-0s-mymaps.googleusercontent.com/untrusted/hostedimage/sp540u1gdhv7u5v9na7627phvo/mf2dbmhslcph6cb4jng3vjfupo/1686819488250/xUcpN3FudnuQYrEAf25SWSdkT0JYD12L/17346896698994278261/5ACtvi-FDpqTW0RfIu3WpWb65G1xtt-vkuLvW5KpP1ynp54rubEAhvy7brY9qW9QcckjUTeU0L17ciNhwYIHFzjDirg8UAkMoKwRMKm7GdDw_lnGAm3I3NAl3NSbmEguawjQCibw4MPxwnC1SuajRfSkm0CDuBYr5EpE3Q_sli57l2thadxSPOo5Tp1gYBZro?session=0&fife https://doc-10-0s-mymaps.googleusercontent.com/untrusted/hostedimage/sp540u1gdhv7u5v9na7627phvo/332ioikko41mvvh9v1blcgdhv0/1686819488250/xUcpN3FudnuQYrEAf25SWSdkT0JYD12L/17346896698994278261/5ACtvi-GEHx3YiZP78xV90lc2vvdDeVPOzyJvGsJvZtqHcCEyqdGpqjmBk7bft3-kLChNzJLx1qkqb2zgt1mNJNCeVYDej6BQ-85EykJYtQ3QZFBRHu61HZEuwv1M_KgJQTW2DZ4dnQZ_zSYWiHNKFhn5szAsoGi6sKkWPspSqconSfBq6Ese1-oq_cd6OjQW?session=0&fife]]></value>
                    </Data>
                </ExtendedData>
                <Point>
                    <coordinates>
                        2.14020030000006,41.4032162,0
                    </coordinates>
                </Point>
            </Placemark>
            <Placemark>
                <name>8.5. Bar del Pla (Re-Pla). T DG</name>
                <description>
                    <![CDATA
                    <br>
                    <br>[foto perduda]<br>Preu: 4€. Quantitat: 6. Patates: 10. Salsa: 7. Nota final: 8,5. Les patates
                    estan bonissimes, la salsa estan bones. All i oli molt suau, vermella com salsa de tomaquet molt
                    dolç<br>Les recomanaries?: si<br>Imprescindibles?: no<br>DATA: 23-09-2017
                    <br>
                    <br>C/ Montcada, 2
                    <br>
                    <br>Dl-dj: 12:00 - 23:00<br>Dv i vigilies: fins 0:00]]>
                </description>
                <styleUrl>#icon-503-62AF44</styleUrl>
                <ExtendedData>
                    <Data name="gx_media_links">
                        <value>
                            https://lh3.googleusercontent.com/umsh/AKnoyZ0sm1CutgnYqNKaGqHZvkyDFmSwt0GNInvVPdZ48Po6FQys87SHScp717CbMWbeVMPef7IsCAsDC3thqauXwGDJN8knH_6yJNiq3pIEBlqS2xlFJQZma_Xn9gMGB5RCnzrSPM85l3J3qBuWyvs
                        </value>
                    </Data>
                </ExtendedData>
                <Point>
                    <coordinates>
                        2.18012750000003,41.3855734,0
                    </coordinates>
                </Point>
            </Placemark>
            <Placemark>
                <name>8. MAKES TAPERIA</name>
                <description>
                    <![CDATA
                    <br>
                    <br>Preu: 6,40€. Quantitat: 9. Patates: 9. Salsa: 7. Nota final: 8. Patates chips fetes casolanes
                    amb una salsa vermella poc picantona pero intensa de nyora, i un allioli molt suau<br>Les
                    recomanaries?: si<br>Imprescindibles?: no, pero pots venir a sopar que tot esta bunihim<br>DATA:
                    09/05/2033]]>
                </description>
                <styleUrl>#icon-503-62AF44</styleUrl>
                <ExtendedData>
                    <Data name="gx_media_links">
                        <value>
                            <![CDATA[https://doc-0o-0s-mymaps.googleusercontent.com/untrusted/hostedimage/sp540u1gdhv7u5v9na7627phvo/qptia1g0s8uavrr6sra357uth4/1686819488250/xUcpN3FudnuQYrEAf25SWSdkT0JYD12L/17346896698994278261/5ACtvi-HI7JbHRCYUI_Qwhu1J_7kmwpLV7YVrP_ZpgXqo9BMi2q7J_Rl0dbFJfv5xTpiJjqZSBC4eLtu84SrqUM0QC0U3TEFR7BgD_AkRTk8otaBFqa5203NjcEcI7HyUI3tw6D19ofu9u-f2kCLqg6R9KwMpW4twgRfXs-nN6bTT37dgj6HYrsehtO7FMz25DhHi11Gnrrogln4hUeW58_5bClsOFRo7y8M9vG8p?session=0&fife]]></value>
                    </Data>
                </ExtendedData>
                <Point>
                    <coordinates>
                        2.1312405,41.3802328,0
                    </coordinates>
                </Point>
            </Placemark>
            <Placemark>
                <name><![CDATA[8. L'Olivera]]></name>
                <description>
                    <![CDATA
                    <br>
                    <br>Preu: 4,95€. Quantitat: 9. Patates: 9. Salsa: 7. Nota final: 8. No son les braves pero estan
                    bones les patates molt jugosites i bones. Salses be pero no poquen<br>Les recomanaries?: si<br>
                    Imprescindibles?: no<br>DATA: 04/03/2023]]>
                </description>
                <styleUrl>#icon-503-62AF44</styleUrl>
                <ExtendedData>
                    <Data name="gx_media_links">
                        <value>
                            <![CDATA[https://doc-04-0s-mymaps.googleusercontent.com/untrusted/hostedimage/sp540u1gdhv7u5v9na7627phvo/p2sgpej5db6evg2j3m0fq3hr6s/1686819488250/xUcpN3FudnuQYrEAf25SWSdkT0JYD12L/17346896698994278261/5ACtvi-HBQThgoM7ZqG19bPk7xwd287p0WlR4gvdNO3cB4guu-6SGUidkdg8OVDAp2-OVPbGs_Gp-tHT1bKVZwkq2oADrFF-1zQfEKfYhrN8iynvO_OBEStma4rkftSKA48OHol1T8fULEIiuFKpVLvLh3s1SX7vUh_k-VmliKCjnxnpzlf1LrS9JtduuaQAuQSApAbIF3_Ovc_FTy1Ztos0KMO4YtprBmo5GBMgf8j6X5Hxv8vT1nw?session=0&fife]]></value>
                    </Data>
                </ExtendedData>
                <Point>
                    <coordinates>
                        2.1893331,41.4058963,0
                    </coordinates>
                </Point>
            </Placemark>
            <Placemark>
                <name>8. Bar Copèrnic</name>
                <description>
                    <![CDATA
                    <br>
                    <br>Preu: 4,5. Quantitat: 7. Patates: 8. Salsa: 8. Nota final: 8. Patates ben fregides, potser falta
                    1 mica de sabor. Salsa blanca bon allioli suau i vermella amb ametlles que genera discrepàncies. El
                    resultat global és bo.<br>Les recomanaries?: si<br>Imprescindibles?: no<br>DATA: 25/09/2022]]>
                </description>
                <styleUrl>#icon-503-62AF44</styleUrl>
                <ExtendedData>
                    <Data name="gx_media_links">
                        <value>
                            <![CDATA[https://doc-08-0s-mymaps.googleusercontent.com/untrusted/hostedimage/sp540u1gdhv7u5v9na7627phvo/50105gdks9p324gr9kgkpmceb8/1686819488250/xUcpN3FudnuQYrEAf25SWSdkT0JYD12L/17346896698994278261/5ACtvi-HH3OBPqpLBEqWvQhtMXM2xP4HQaCgqhqvKdqlgEQggE_1DQhqgpp07De7sBU5pVWq_HZWlOqtZVcEpC5-CziIumFbFzsKb8Fht_CYKjsKF526QP81dG5Pgjlh9qelZPFQWODbDd7A2CjIDjw10wMTUbyL7aO6QlwHNMIwXF5XZalU0DmsSKwNYCCG4?session=0&fife]]></value>
                    </Data>
                </ExtendedData>
                <Point>
                    <coordinates>
                        2.1508279,41.3800048,0
                    </coordinates>
                </Point>
            </Placemark>
            <Placemark>
                <name>8. BORO Bar. T DG TARDA</name>
                <description>
                    <![CDATA
                    <br>
                    <br>Preu: 6€. Quantitat: 7. Patates: 8. Salsa: 8. Nota final: 8. Les patates molt crujis pero el
                    gust… bastant farinos. Salsa blanca: allioli super suau, la vermella una salsa potentissima pero no
                    pica gaire. Estrellades milloren molt<br>Les recomanaries?: si<br>Imprescindibles?: no<br>DATA:
                    13/05/2022
                    <br>
                    <br>DLL-DSS: 10:00–0:00<br>DG: 10:00–16:30
                    <br>
                    <br>oscarbroc]]>
                </description>
                <styleUrl>#icon-503-62AF44</styleUrl>
                <ExtendedData>
                    <Data name="gx_media_links">
                        <value>
                            <![CDATA[https://doc-0c-0s-mymaps.googleusercontent.com/untrusted/hostedimage/sp540u1gdhv7u5v9na7627phvo/6sv2a15b4so7f5cjelmh0fo8fg/1686819488250/xUcpN3FudnuQYrEAf25SWSdkT0JYD12L/17346896698994278261/5ACtvi-GKXcSm2PKH1_CtBAL9AhJgUvyebyNsTIhMVPPNpKEBeLetUtOlmdcxdE4gseoTaclkCacN5jvEHSP5I74ZOump1_7sNH75vX5cwAE4ykWmiv-8YlzdVWWpiNmjkB0775_Pjq9SUe-MmKb2dKhR7Qh27De4H6Iog1ByZLfjDILIjfLtCiYPadEGDWDE?session=0&fife]]></value>
                    </Data>
                </ExtendedData>
                <Point>
                    <coordinates>
                        2.1700439,41.3925107,0
                    </coordinates>
                </Point>
            </Placemark>
            <Placemark>
                <name>8. La Cachapera</name>
                <description>
                    <![CDATA
                    <br>
                    <br>Preu: 6.25€. Quantitat: 4. Patates: 9. Salsa: 7. Nota final: 8. Les patates son yuca molt ben
                    fregida: esta molt bona. La salsa tampoc destaca gaire, igual pq no es la tipica salsa que posaries
                    a unes braves<br>Les recomanaries?: si<br>Imprescindibles?:<br>DATA: 22/02/2023
                    <br>
                    <br>DG-DJ: 10:00–23:00<br>DV-DSS: 10:00–0:00]]>
                </description>
                <styleUrl>#icon-503-62AF44</styleUrl>
                <ExtendedData>
                    <Data name="gx_media_links">
                        <value>
                            <![CDATA[https://doc-0s-0s-mymaps.googleusercontent.com/untrusted/hostedimage/sp540u1gdhv7u5v9na7627phvo/h0su9sbhse3ht8fk0p1vfp9ick/1686819488250/xUcpN3FudnuQYrEAf25SWSdkT0JYD12L/17346896698994278261/5ACtvi-GAfMgV_DUR4WNl_0QXqFT8DP1wdNBQtjQKiF6XJZjwBiw-wobUfFJD-R6qmNO7drNUTCBRhagx2mVS7SLDlXoSduJWQHpPprZGrDF2GKcw8I1hcUCIRPlDJPfVKqYAMzP5i45n_KZG7zj7opRG9EL18RmjLDJyTRT8IfHqRoJJm4IVza9mT0ak05Pr?session=0&fife]]></value>
                    </Data>
                </ExtendedData>
                <Point>
                    <coordinates>
                        2.1760656,41.4029465,0
                    </coordinates>
                </Point>
            </Placemark>
            <Placemark>
                <name>8. El Mercat</name>
                <description>
                    <![CDATA]]>
                </description>
                <styleUrl>#icon-503-62AF44</styleUrl>
                <ExtendedData>
                    <Data name="gx_media_links">
                        <value>
                            <![CDATA[https://doc-10-0s-mymaps.googleusercontent.com/untrusted/hostedimage/sp540u1gdhv7u5v9na7627phvo/8sd7bsaq2srmre48skf5plrces/1686819488250/xUcpN3FudnuQYrEAf25SWSdkT0JYD12L/17346896698994278261/5ACtvi-GbhvQ6JBv3yLPBAoWTpE6RNy6j471Bp6qvpTINxtcCR5Fa9n_Ce2UKk5OIBkeesczRQYH6dhQlGkLKkiDED58Zsu_dHv7I-EgUVVItTmH0Rxy9ahCYnizwNJpFwXpPFzJ4dAd4Y40Noe44YrPzoeJzo57l-mro92GpAmeKVkKWe-toq7Pj95GGI64-?session=0&fife https://doc-00-0s-mymaps.googleusercontent.com/untrusted/hostedimage/sp540u1gdhv7u5v9na7627phvo/7ke92j8guf2qf41hge6cknnslo/1686819488250/xUcpN3FudnuQYrEAf25SWSdkT0JYD12L/17346896698994278261/5ACtvi-EuRTQjW6ViQ5_XQXH_AEWW7EfP5VHi-v2o-unTcOYerJRQZ5pHbdOAxjyvC8cMMiqY796g7UJ9R2WK_g8vNdYqmzoylHvXaSB3F_LZFdV5GjMv_zzkoHSwCrr86ardfgu23DGRAMRixu3QtLOZtGTAQKhKXdkqI3wem8VNwud3Mzkh7h6UhXzhUs9t?session=0&fife]]></value>
                    </Data>
                </ExtendedData>
                <Point>
                    <coordinates>
                        2.17294909999998,41.3913688,0
                    </coordinates>
                </Point>
            </Placemark>
            <Placemark>
                <name>8. Casa Lolea</name>
                <description>
                    <![CDATA
                    <br>
                    <br>Preu: 5,70€. Quantitat: 7. Patates: 8. Salsa: 8. Nota final: 8. Les patates al caliu molt bones,
                    pero no estan fregides. Les salses casolanes: una blanca que porta formatge? I una de tomaquet:
                    estan bastant be, pero no piquen.<br>Les recomanaries?: no<br>Imprescindibles?: no<br>DATA:
                    29/03/2022
                    <br>
                    <br>dll-dg 9:00–1:00
                    <br>
                    <br>bravas bcn]]>
                </description>
                <styleUrl>#icon-503-62AF44</styleUrl>
                <ExtendedData>
                    <Data name="gx_media_links">
                        <value>
                            <![CDATA[https://doc-10-0s-mymaps.googleusercontent.com/untrusted/hostedimage/sp540u1gdhv7u5v9na7627phvo/a82pm8dsvetke4a0gckru0et4g/1686819488250/xUcpN3FudnuQYrEAf25SWSdkT0JYD12L/17346896698994278261/5ACtvi-EjpwSza3KB7VkpPpx-bTrJMIwMMx38z_nFFSRq1M7diLGGM7O2ZwHa1VHamgKvoKlPFNUHRe0_L5dJPWlB0rUXnZEMmx4yilYdvUKE9GgcMCFN4IulOMrKRPoy8IXVdgi4huMiiTzZYxhyK4R4r5ybctnuzSdYkz5oL2wRexGhXuvC3NVTYm-2ed6x?session=0&fife]]></value>
                    </Data>
                </ExtendedData>
                <Point>
                    <coordinates>
                        2.17712870000003,41.3888089,0
                    </coordinates>
                </Point>
            </Placemark>
            <Placemark>
                <name>8. Celler de Tapes Edar</name>
                <description>
                    <![CDATA
                    <br>
                    <br>Preu: 4,50€. Quantitat: 7. Patates: 9. Salsa: 7. Nota final: 8. La patata molt ben feta. La
                    salsa blanca es mayonesa normal de pot. La vermella es una salsa casolana amb un toc de pebrot i que
                    pica una moca<br>Les recomanaries?: si<br>Imprescindibles?: no<br>DATA: 28/07/2021]]>
                </description>
                <styleUrl>#icon-503-62AF44</styleUrl>
                <ExtendedData>
                    <Data name="gx_media_links">
                        <value>
                            <![CDATA[https://doc-08-0s-mymaps.googleusercontent.com/untrusted/hostedimage/sp540u1gdhv7u5v9na7627phvo/1h5u0ifbhrmvhemsp8et6mtp1g/1686819488250/xUcpN3FudnuQYrEAf25SWSdkT0JYD12L/17346896698994278261/5ACtvi-EipMCFZlNSnHzoaaEgvGXBnY0YVAWn8VQAzf6wcvD4yaMC3H2ga4JW7aJs_4zASFfyLU2fsTxBfhEBNy6QHkt7h99UHcUGLnnYovJbLUN7-i69t-Ojqj0ulweAfghff6Y5j-Nf4M5983ajniMQj_hGcJjaTaDIzMzN03EEp1rgjubOCF_CRHiP8LEW?session=0&fife]]></value>
                    </Data>
                </ExtendedData>
                <Point>
                    <coordinates>
                        2.1783401,41.3994463,0
                    </coordinates>
                </Point>
            </Placemark>
            <Placemark>
                <name>8. Winchester BCN</name>
                <description>
                    <![CDATA
                    <br>
                    <br>Preu: . Quantitat: 6. Patates: 9. Salsa: 7. Nota final: 8. Les patates molt bones: ben fetes i
                    bon gust pero no busquen ser unes patates fregides, sino mes al caliu. Les salses una mica llàstima
                    comparat amb les braves: allioli normalet i salsa vermella picantona<br>Les recomanaries?: si<br>
                    Imprescindibles?: no<br>DATA: 2/2/2022
                    <br>
                    <br>bravasBCN]]>
                </description>
                <styleUrl>#icon-503-62AF44</styleUrl>
                <ExtendedData>
                    <Data name="gx_media_links">
                        <value>
                            <![CDATA[https://doc-0g-0s-mymaps.googleusercontent.com/untrusted/hostedimage/sp540u1gdhv7u5v9na7627phvo/i66vv1qui89k2rr8ma8hhdhajc/1686819488250/xUcpN3FudnuQYrEAf25SWSdkT0JYD12L/17346896698994278261/5ACtvi-GP446yF3L2Myn8GoMN6BL3wMfMJsixNeHZryTeOJPCuVtuEpXA2UyNvyx7vX9qGaDtzAeBkNIqZ0QmzKOvSApcLBf1VhsUd_uips-oQ0j6W4dl0Jf_T4_rqz-dSv-xUU8C5ncJ652SDw6KsPG_1Q8ufOSY3p4sHgWRkSSu6B5R3gsxraht-zEmA-tI?session=0&fife]]></value>
                    </Data>
                </ExtendedData>
                <Point>
                    <coordinates>
                        2.17371219999995,41.3966796,0
                    </coordinates>
                </Point>
            </Placemark>
            <Placemark>
                <name>8. Muten town</name>
                <description>
                    <![CDATA
                    <br>
                    <br>Preu: 6.90€. Quantitat: 8. Patates: 8. Salsa: 8. Nota final: 8. Les patates son boniatos, no
                    molt dolços i ben fregits. Hi acompanya un allioli suau qe els hi queda molt be. Original i bones
                    <br>Les recomanaries?: si<br>Imprescindibles?: no
                    <br>
                    <br>DATA: 18/12/2021]]>
                </description>
                <styleUrl>#icon-1577-558B2F</styleUrl>
                <ExtendedData>
                    <Data name="gx_media_links">
                        <value>
                            <![CDATA[https://doc-04-0s-mymaps.googleusercontent.com/untrusted/hostedimage/sp540u1gdhv7u5v9na7627phvo/518e5f3o905lsv3ksqapaiidno/1686819488250/xUcpN3FudnuQYrEAf25SWSdkT0JYD12L/17346896698994278261/5ACtvi-Enc7ry4TWhJs4Ic0CINCFAalGmZCammfk0sFe8D_YXZKpookhfIF3GRRGkZWQcnChH_vGALNWQb2VxL1bJpg9Qrcq0uCU8y13oW6iJi9IgHzapMrrXaf1Nl7DRlsWDhnHWU2-JQVDUv065Ur0lsV5oa2DJGvwZgFWYd-1QY1wkAsd-J6bz3hZqWnuEeg?session=0&fife]]></value>
                    </Data>
                </ExtendedData>
                <Point>
                    <coordinates>
                        2.2476316,41.4486683,0
                    </coordinates>
                </Point>
            </Placemark>
            <Placemark>
                <name>8. Monopol</name>
                <description>
                    <![CDATA
                    <br>
                    <br>Preu: 5,5. Quantitat: 7. Patates: 8. Salsa: 8. Nota final: 8 Patata ben feta pero el gust no es
                    especialment perfecte (no desperta el nostre unami). Salsa allioli bo, amb toc picant perooo el
                    nostre paladar tampoc el detecta. Tot i qe amb la bassa doli qe weda abaix, milloren<br>Les
                    recomanaries?: no<br>Imprescindibles?: no<br>DATA: 13/03/2021
                    <br>
                    <br>11:00–0:00
                    <br>
                    <br>Comertebarcelona]]>
                </description>
                <styleUrl>#icon-503-62AF44</styleUrl>
                <ExtendedData>
                    <Data name="gx_media_links">
                        <value>
                            <![CDATA[https://doc-14-0s-mymaps.googleusercontent.com/untrusted/hostedimage/sp540u1gdhv7u5v9na7627phvo/nv5j9ulm970ac3ggl2m0cdrh1o/1686819488250/xUcpN3FudnuQYrEAf25SWSdkT0JYD12L/17346896698994278261/5ACtvi-ErhA6ObahBRNSiw-kZp5L7T_2_Ex0mNwar6BI9o9M90B-bqzN8dgnl3C6CseCNnN7LhG75yBstT0v_k1_xXkDQAy9W0cW-PYL5gNY-uktIGymaVjahc7KucrZUuU0KjcdL0iHCeI_aVYoe4PhzovN9v1ko6kO9aRccqjLe692fEFYcKyCdzNs54ogj?session=0&fife]]></value>
                    </Data>
                </ExtendedData>
                <Point>
                    <coordinates>
                        2.20122860000004,41.4012489,0
                    </coordinates>
                </Point>
            </Placemark>
            <Placemark>
                <name>8. Rekons</name>
                <description>
                    <![CDATA
                    <br>
                    <br>Preu: . Quantitat: 8. Patates: 9. Salsa: 7. Nota final: 8. Patata bunissima peeeeero: al caliu,
                    el no fregirles resta punts! Salsa amb un toc picant pero tampoc destaca pel seu sabor. El conjunt
                    es bo. OJU amb el local qe fan emapandes amb pintaka.<br>Les recomanaries?: no<br>Imprescindibles?:
                    no<br>DATA: 9/01/2020
                    <br>
                    <br>10:00–0:00]]>
                </description>
                <styleUrl>#icon-503-62AF44</styleUrl>
                <ExtendedData>
                    <Data name="gx_media_links">
                        <value>
                            <![CDATA[https://doc-08-0s-mymaps.googleusercontent.com/untrusted/hostedimage/sp540u1gdhv7u5v9na7627phvo/ek04copnelrbru7oe2l5l1mgmg/1686819488250/xUcpN3FudnuQYrEAf25SWSdkT0JYD12L/17346896698994278261/5ACtvi-FzSCoWC_WZrwZ_ddMQWG9KXFDawUOVmVdtZMOV6Ij9g1A0Jx0-dQGzwwZyQR_rsDzKF2n-jqflRt5T9tfeF6i6FUoJjIsbbpThQZoLje8rIFm0ZaAaij0diRw-eodO2ziQoOKqwCtPOP9BLK6ApvHZ4ARXWV3P3Qarq6wSAq8HcV4AIAJSjoiZg43IBA?session=0&fife]]></value>
                    </Data>
                </ExtendedData>
                <Point>
                    <coordinates>
                        2.16094989999999,41.3806156,0
                    </coordinates>
                </Point>
            </Placemark>
            <Placemark>
                <name>8. Extra Bar. T DG-DX</name>
                <description>
                    <![CDATA
                    <br>
                    <br>Preu: 5€. Quantitat: 2. Patates: 6. Salsa: 8. Nota final: 7. Patata bullida i despres fregida
                    (tot i que no ho sembla), be de gust pero no mata. La salsa es 1 combinació de salses bastant bona,
                    allioli suau, romesco i toc de picant que amb la patata es nota bastant<br>Les recomenaries?: no<br>
                    Imprescindibles?: no<br>DATA: 16-10-2018
                    <br>
                    <br>SrBoca: https://www.instagram.com/p/BYiPzb8n7F9
                    <br>
                    <br>DIJ 18:30 - 00:00<br>DIV 18:30 - 01:00<br>DSS 12:00 - 15:30 19 :00 - 01:00]]>
                </description>
                <styleUrl>#icon-503-62AF44</styleUrl>
                <ExtendedData>
                    <Data name="gx_media_links">
                        <value>
                            <![CDATA[https://doc-0g-0s-mymaps.googleusercontent.com/untrusted/hostedimage/sp540u1gdhv7u5v9na7627phvo/1a52kq7s6n5l2nqrbpe9n0kjh4/1686819488250/xUcpN3FudnuQYrEAf25SWSdkT0JYD12L/17346896698994278261/5ACtvi-Gbw_EoR-7Brwa__mm_pD7YbikjTeMOCQNRkpyUb0JB6jfmLDA1EGzA3Y5Gx7hDSFyWK0jmEmtM0FbScvtxw7D7GLzbJ6IlHYY14OBjfWklyfVudlnUtDx_dF6fNbuGpq4VVYxqnFDpnSXuvPC8hOcrNQduGmnEIZwXASwBCPlj4EcVRRFM7vqtbZ1E?session=0&fife]]></value>
                    </Data>
                </ExtendedData>
                <Point>
                    <coordinates>
                        2.15810599999998,41.4013376,0
                    </coordinates>
                </Point>
            </Placemark>
            <Placemark>
                <name>8. Quillo bar</name>
                <description>
                    <![CDATA
                    <br>
                    <br>DL-DG: 11:00 - 0:00
                    <br>
                    <br>Preu: 4,50€. Quantitat: 7. Patates: 6. Salsa: 10. Nota final: 8. Textura patates perfecte per de
                    qualitat dolenta. All i oli bo, salsa vermella increible. Les salses predominen per sobre de la
                    patata, mola. Es poden repetir<br>Les recomanaries?: si<br>Imprescindibles?: no]]>
                </description>
                <styleUrl>#icon-503-62AF44</styleUrl>
                <ExtendedData>
                    <Data name="gx_media_links">
                        <value>
                            <![CDATA[https://doc-08-0s-mymaps.googleusercontent.com/untrusted/hostedimage/sp540u1gdhv7u5v9na7627phvo/8sat3sdopc2q6cp0spb8cfdai4/1686819488250/xUcpN3FudnuQYrEAf25SWSdkT0JYD12L/17346896698994278261/5ACtvi-GNS9sT9U7qs7d-6pmT2rp5cDvBJW8V_9HbN-18F-r3HqSyUCkH1A1rd144PQjrcAaahvo5spADN9UwElkbfbOhoGOTnPdrrAJ76WF7rfjp5LtineAgkr1XeDfs9Heb5Gqi2o6KcIycovdALDkuqLeNInfchaoDx0DKBNtVqq8xA5c4qUKbfsxEr7Hg?session=0&fife]]></value>
                    </Data>
                </ExtendedData>
                <Point>
                    <coordinates>
                        2.17963269999996,41.3891017,0
                    </coordinates>
                </Point>
            </Placemark>
            <Placemark>
                <name>8. Cafè Salambó</name>
                <description>
                    <![CDATA
                    <br>
                    <br>Preu: 4,80€. Quantitat: 8. Patates: 8. Salsa: 8. Nota final: 8. All i oli molt suau amb salsa
                    molt picant, pero escassa. Les patates son crujis peeeero la qualitat no mata<br>Les recomanaries?:
                    si<br>Imprescindibles?: no]]>
                </description>
                <styleUrl>#icon-503-62AF44</styleUrl>
                <ExtendedData>
                    <Data name="gx_media_links">
                        <value>
                            <![CDATA[https://doc-0c-0s-mymaps.googleusercontent.com/untrusted/hostedimage/sp540u1gdhv7u5v9na7627phvo/d6q64cu2r82qrrnn58f76mpnp0/1686819488250/xUcpN3FudnuQYrEAf25SWSdkT0JYD12L/17346896698994278261/5ACtvi-EfADt7lbeES0guD2tga--6759daRo0j8mG4gDjaABWuQIsOG127j7d_Ro1EwJ3y-zAOHlzR200Zpu5XcQvOl6oWK1ydP2Eag_Otpf_5JdgDoOaNMton3j4lLpSQjdzRcGzmPgRoBAMfYpybeYuJcZE5h09T5jOmoX11lpiE2cjh3Y7jnAvuYR3kl6O?session=0&fife]]></value>
                    </Data>
                </ExtendedData>
                <Point>
                    <coordinates>
                        2.1577618,41.4044433,0
                    </coordinates>
                </Point>
            </Placemark>
            <Placemark>
                <name>8. Cafe Bar Centric</name>
                <description>
                    <![CDATA
                    <br>
                    <br>DLL-DG 8:00–0:00
                    <br>
                    <br>Preu: 4€. Quantitat: 8. Patates: 9. Salsa: 7. Nota final: 8. Les patates esta molt bones, molt
                    tovetes per dins, bon gust, un pel cruixents, pero falta sal. La salsa esta bona pero no destaca:
                    allioli amb oli picant<br>Les recomanaries?: si<br>Imprescindibles?: no<br>DATA: 10-01-2018
                    <br>
                    <br>Suirnodor]]>
                </description>
                <styleUrl>#icon-503-62AF44</styleUrl>
                <ExtendedData>
                    <Data name="gx_media_links">
                        <value>
                            <![CDATA[https://doc-0c-0s-mymaps.googleusercontent.com/untrusted/hostedimage/sp540u1gdhv7u5v9na7627phvo/psjn7scn77a9rvo7plth4kfddk/1686819488250/xUcpN3FudnuQYrEAf25SWSdkT0JYD12L/17346896698994278261/5ACtvi-GgQNiXmqet8s4p-XZp7hX95biSI7sJV2v4pkXD5IPReaQR6ZqSShToSu57sYOSU2jIuxnpFvrgAEVbotwcmAlYFCnSU5bBplibRcpGoW7wdK3ZVQQS47ez95EWNAlmFWRyNc9jEuzEiqtz9bQl-lcHkB2Qrt73ZjwfDzlVD6yr08DNE6mASizg3yfi?session=0&fife]]></value>
                    </Data>
                </ExtendedData>
                <Point>
                    <coordinates>
                        2.16808990000004,41.3847838,0
                    </coordinates>
                </Point>
            </Placemark>
            <Placemark>
                <name>8. Els 4Gats</name>
                <description>
                    <![CDATA[Preu: 8€. Quantitat: 7. Patates: 8. Salsa: 8. Nota final: 8. Les patates estan molt bones peeero no estan fregides, ara: el gust molt top. La salsa blanca: allioli suau casolà. La salsa vermella: una salsa de tomaquet arromescada. El conjunt molt bo pero ni son patates fregides, ni braves, pq no piquen gens.<br>Les recomanaries?: si<br>Imprescindibles?: no<br>DATA: 10/12/2019<br><br>DLL-DG: 9:00–0:00<br><br>BravasBCN]]></description>
                <styleUrl>#icon-503-62AF44</styleUrl>
                <Point>
                    <coordinates>
                        2.17357430000004,41.3858096,0
                    </coordinates>
                </Point>
            </Placemark>
            <Placemark>
                <name>8. Bar Granja Leo</name>
                <description>
                    <![CDATA
                    <br>
                    <br>el porten uns xinesos que han heretat la recepta del propoetari original
                    <br>
                    <br>Preu: 3,60€. Quantitat: 5. Patates: 8. Salsa: 8. Nota final: 8. Les patates estan bones pero els
                    hi falta cruixentor i l’oli de 10 anys aporta un gust especial. La salsa es allioli amb algua
                    especie mes que, com a conjust, es resultona<br>Les recomanaries?: si, nomes per lexperiencia<br>
                    Imprescindibles?: no<br>DATA: 27-03-2018]]>
                </description>
                <styleUrl>#icon-503-62AF44</styleUrl>
                <ExtendedData>
                    <Data name="gx_media_links">
                        <value>
                            <![CDATA[https://doc-0s-0s-mymaps.googleusercontent.com/untrusted/hostedimage/sp540u1gdhv7u5v9na7627phvo/ffh1ca0js78n7h2p9urfsn7tf8/1686819488250/xUcpN3FudnuQYrEAf25SWSdkT0JYD12L/17346896698994278261/5ACtvi-EdwOIaKJr49ARsdyatIpwbSGV55RuUCt8QDKKAiBw8QTfZOKkzj3vywEhj6SnXh-KCsBcXvZjuacDOrKdRE3Mn6MokpGhaPj7m5cBGPk3r6bOkngc7hVgmKz6bxG5U1N5Ju58xsw4vuIzFP_3MPXexzmQVbQByREJXbUqYY_rchnD458GK6DRMQ0Gy?session=0&fife]]></value>
                    </Data>
                </ExtendedData>
                <Point>
                    <coordinates>
                        2.17558880000001,41.4398066,0
                    </coordinates>
                </Point>
            </Placemark>
            <Placemark>
                <name><![CDATA[8. Show Plate & Tapa. T DG]]></name>
                <description>
                    <![CDATA
                    <br>
                    <br>Carrer de Reus, 22
                    <br>
                    <br>Dl-Ds: 10:30 - 23:30
                    <br>
                    <br>Preu: 3,80€. Quantitat: 5. Patates: 8. Salsa: 9. Nota final: 8. La salsa pica (oli) + allioli
                    pepi. La patata es com al cali i fregideta. Prou be]]>
                </description>
                <styleUrl>#icon-503-62AF44</styleUrl>
                <ExtendedData>
                    <Data name="gx_media_links">
                        <value>
                            <![CDATA[https://doc-0k-0s-mymaps.googleusercontent.com/untrusted/hostedimage/sp540u1gdhv7u5v9na7627phvo/62io3okm73ns0r35jfkolab468/1686819488250/xUcpN3FudnuQYrEAf25SWSdkT0JYD12L/17346896698994278261/5ACtvi-Hyu-YALdH5-Mb4ogcAGQJKr7QHqh_zBCI_dGHa3lXfkYzdq7-_MDSG3vOBgQwBth-TZJ7uwCDVQZXv0k-p-1KjguoSEAJy0VuxeFNaScEX8DF__DzGQgRlD0bpGeihImF-xYIiPf1qbD8S2p5BrCSdhM9L4i0C7D46GwtgH-ybz6QrmBELyEbXJUZl?session=0&fife]]></value>
                    </Data>
                </ExtendedData>
                <Point>
                    <coordinates>
                        2.13446780000004,41.4050777,0
                    </coordinates>
                </Point>
            </Placemark>
            <Placemark>
                <name>8. Melosa</name>
                <description>
                    <![CDATA]]>
                </description>
                <styleUrl>#icon-503-62AF44</styleUrl>
                <ExtendedData>
                    <Data name="gx_media_links">
                        <value>
                            <![CDATA[https://doc-0k-0s-mymaps.googleusercontent.com/untrusted/hostedimage/sp540u1gdhv7u5v9na7627phvo/4imd6a4cookjh24vj5v07ttm5o/1686819488250/xUcpN3FudnuQYrEAf25SWSdkT0JYD12L/17346896698994278261/5ACtvi-HA7zCkoK6cu5PGwTOe9pUHIYIsrOcoRf7gSmH47HHP5x0Tdq1bR5q5WtC0qMYx0Pr3fzcUK27_3ppObA1qBUJ2Z-gzv-DPnN_0EkFQij6Lq7-CBCUCI6gRVklKVjcDjq5ff90AwEwZKHeNcZPwgUoCKMCFIVVdyrdNTurevcBhJg5_TeaaERW46yAB?session=0&fife https://doc-0k-0s-mymaps.googleusercontent.com/untrusted/hostedimage/sp540u1gdhv7u5v9na7627phvo/fg6iklcdmk879kauhd64i5ofko/1686819488250/xUcpN3FudnuQYrEAf25SWSdkT0JYD12L/17346896698994278261/5ACtvi-Hv7v0vdjjgRE_u7SHzwgJs2n6y3Z3WyHg0meQc27XD2Trud9n1uvbSjhJNVVZQzfe42AiVr_1Nk_Nse-URlJYdHOj892mmmTPYuBY5Iz9ITj9YwRPuhn_o6b-z3EE4uQVQ_mRU5Ub8BtFyL3J3xU1_uF2KL-snDIhASMNAp-JapLqlHOPFCR6ae_wL?session=0&fife]]></value>
                    </Data>
                </ExtendedData>
                <Point>
                    <coordinates>
                        2.1899075,41.4124379,0
                    </coordinates>
                </Point>
            </Placemark>
            <Placemark>
                <name>8. Blu Bar</name>
                <description>
                    <![CDATA
                    <br>
                    <br>Preu: 4,40. Quantitat: 7. Patates: 8. Salsa: 8. Nota final: 8. Patates al forn bastant bones tot
                    i que queden camuflades per la salsa vermella (unica salsa) massa potent: gust a ramani exagerat, i
                    una mica picant<br>Les recomanaries?: si<br>Imprescindibles?: no<br>DATA: 26-07-2018
                    <br>
                    <br>dg-dj 12:00–0:00<br>dv-dss 12:00–2:00
                    <br>
                    <br>bravasBCN]]>
                </description>
                <styleUrl>#icon-503-62AF44</styleUrl>
                <ExtendedData>
                    <Data name="gx_media_links">
                        <value>
                            <![CDATA[https://doc-0g-0s-mymaps.googleusercontent.com/untrusted/hostedimage/sp540u1gdhv7u5v9na7627phvo/qfqftcdprbm790mo78q4svmno4/1686819488250/xUcpN3FudnuQYrEAf25SWSdkT0JYD12L/17346896698994278261/5ACtvi-Eg3tUS2kns7YVx9hTeld7nRHHt_iiYGRbpZzsZFDJh5BlHgXsYMY-waRf_QvLdLOKVchjt0ErPeukliBh7YLLxMArAa-USESYAuNIQME8pa6yxQfZPtTPTQO2u2vLwiLPXT3_k2POVkVBD5vm12qRJr8gyhiS_AvcDPWQ7YigvhHccArOzd-z4MKSy?session=0&fife]]></value>
                    </Data>
                </ExtendedData>
                <Point>
                    <coordinates>
                        2.20475710000005,41.3982249,0
                    </coordinates>
                </Point>
            </Placemark>
            <Placemark>
                <name>8. König Barcelona Centre</name>
                <description>
                    <![CDATA
                    <br>
                    <br>Preu: . Quantitat: 9. Patates: 9. Salsa: 7. Nota final: 8. La patata bona de gust i bona
                    fritura, no tenen gust a fritanga tot i que aixo es una fabrica. Salsa aviangrada que no destaca<br>
                    Les recomanaries?: si<br>Imprescindibles?: no<br>DATA: 22/07/2918]]>
                </description>
                <styleUrl>#icon-503-62AF44</styleUrl>
                <ExtendedData>
                    <Data name="gx_media_links">
                        <value>
                            <![CDATA[https://doc-14-0s-mymaps.googleusercontent.com/untrusted/hostedimage/sp540u1gdhv7u5v9na7627phvo/5ga8a6e09bop6nce38gn4d59ro/1686819488250/xUcpN3FudnuQYrEAf25SWSdkT0JYD12L/17346896698994278261/5ACtvi-GHxgJfvZeJzER5T6EtvhWPxRitDm9eTLU5v3ZIvw1Hw69dpxEW0ruhj9LKXFrsA_55iGPb8LwMKSlBaUL_raZ0dNOp_vObrWSL3xBvLWGwOdLqxP_wR46XaVeN3kNNP3H3bwTSSIxmtTktcoE2Q_8LchNfBWePVDGhhuareSdyKGnOnhyLkeBxKvMN?session=0&fife]]></value>
                    </Data>
                </ExtendedData>
                <Point>
                    <coordinates>
                        2.16768530000002,41.3876,0
                    </coordinates>
                </Point>
            </Placemark>
            <Placemark>
                <name>8. Taquerías Tamarindo</name>
                <description>
                    <![CDATA
                    <br>
                    <br>C/ Aragó, 236. Precio: 4€. Quantitar: 6. Patates: 8. Salsa: 8. Nota final: 8. Braves diferents,
                    salsa vermella pica pero poca quantitat (3salses)]]>
                </description>
                <styleUrl>#icon-503-62AF44</styleUrl>
                <ExtendedData>
                    <Data name="gx_media_links">
                        <value>
                            <![CDATA[https://doc-10-0s-mymaps.googleusercontent.com/untrusted/hostedimage/sp540u1gdhv7u5v9na7627phvo/bnvp607socalur9snblgha33js/1686819488250/xUcpN3FudnuQYrEAf25SWSdkT0JYD12L/17346896698994278261/5ACtvi-FN_HZnwXrsC08qX8U5ge-qA8hBK2VuGebY9drTPu2aRhflC6X2Q8YyNI-HdR1llO-gWk3b0NacZVIQ3qMJinKsLAcnv6KR9fEBzz7GX80TlRfkp3zgDoXb0XlTwdi2oGFsTFyvkJ8MjHA0o5S1XysDdo-FTJX1p_RpC3BLGk-hlcy5XfNJSmx6hNbL?session=0&fife]]></value>
                    </Data>
                </ExtendedData>
                <Point>
                    <coordinates>
                        2.1622752,41.390132,0
                    </coordinates>
                </Point>
            </Placemark>
            <Placemark>
                <name>8. El 58. T DL I DG TARDA</name>
                <description>
                    <![CDATA
                    <br>
                    <br>Rambla del Poblenou, 58
                    <br>
                    <br>Preu: 3,50€. Quantitat: 7. Patates: 9. Salsa: 7. Nota final: 8. Les patates estan bens fetes
                    pero soses. Les salses son: una vermella i una blanca (amb pebre?) destaca massa la pebre. Al final
                    milloren (mes salsa, tot barrejat). Remanarles molt al principi<br>Les recomanaries?: si<br>
                    Imprescindibles?: no
                    <br>
                    <br>Dt-Ds: 13:00-23:00<br>Dg: 13:00-16:00]]>
                </description>
                <styleUrl>#icon-503-62AF44</styleUrl>
                <ExtendedData>
                    <Data name="gx_media_links">
                        <value>
                            <![CDATA[https://doc-04-0s-mymaps.googleusercontent.com/untrusted/hostedimage/sp540u1gdhv7u5v9na7627phvo/2d5cbkb0fvqerb360n888n18f0/1686819488250/xUcpN3FudnuQYrEAf25SWSdkT0JYD12L/17346896698994278261/5ACtvi-FQLN2yGaHE0lCq4pXalMyWXym_iamjBiuDQC95-Lvq9fct-HWy_RZjbh3d8eM97BU-VLbFYkUzyBv-9j_UjDjC9iJx0pJ-u5rF1wwyUe5SKnq6U7q0l7YJG93p_Y2sDZRbSpb523QrW687cjxo0P7t3I27c_n_DzTDzH9y9bH54BJ4DXlmes50fxOU?session=0&fife]]></value>
                    </Data>
                </ExtendedData>
                <Point>
                    <coordinates>
                        2.20219399999996,41.4004559,0
                    </coordinates>
                </Point>
            </Placemark>
            <Placemark>
                <name>8. BarraVas. T DL I DG</name>
                <description>
                    <![CDATA
                    <br>
                    <br>Carrer de Mozart, 16. Preu: 3,90€. Quantitat: 7. Salsa: 8. Nota final: 8.  Patates ok pero falta
                    cruixentor. Piquen prou, allioli potent amb oli picant i pimenton
                    <br>
                    <br>Dt-Ds: 18:30-02:00]]>
                </description>
                <styleUrl>#icon-503-62AF44</styleUrl>
                <ExtendedData>
                    <Data name="gx_media_links">
                        <value>
                            <![CDATA[https://doc-0g-0s-mymaps.googleusercontent.com/untrusted/hostedimage/sp540u1gdhv7u5v9na7627phvo/07apt51ono5rju8o2qopio7e9s/1686819488250/xUcpN3FudnuQYrEAf25SWSdkT0JYD12L/17346896698994278261/5ACtvi-GUgBmJaJWPB6uJ75AUc5d3CJwXPXwdxZHKz5QLRdTpFMRRAjpNIAnyjpBUQ083iWymWHgd1xK9hbllDZv23h6vTSAuE9PygCh0gKPbLTXbCUJxNZQ8QV-JooA-suSbQNeGMBtgWs0xGuMuRDaXw95FS1pEbG7fSgxbJtmyR7mpB9sMIx_hs1WFFx59?session=0&fife]]></value>
                    </Data>
                </ExtendedData>
                <Point>
                    <coordinates>
                        2.15827379999996,41.3993616,0
                    </coordinates>
                </Point>
            </Placemark>
            <Placemark>
                <name>8. Restaurant Bar Vall (Gràcia)</name>
                <description>
                    <![CDATA
                    <br>
                    <br>Preu: . Quantitat: 5. Patates: 8. Salsa: 7. Nota final: 8. Els hi falta cruixentor. La salsa
                    pica pero te massa toc de vinagre. El conjunt es bo<br>Les recomanaries?: si<br>Imprescindibles?:
                    no]]>
                </description>
                <styleUrl>#icon-503-62AF44</styleUrl>
                <ExtendedData>
                    <Data name="gx_media_links">
                        <value>
                            <![CDATA[https://doc-0c-0s-mymaps.googleusercontent.com/untrusted/hostedimage/sp540u1gdhv7u5v9na7627phvo/blsh2pqcr0g450sr4i446phg1s/1686819488250/xUcpN3FudnuQYrEAf25SWSdkT0JYD12L/17346896698994278261/5ACtvi-Fk1HT_laQANFNm2vYRFNz4_6TkQkSEVyDuE7KE5N2wqFmQDgL8SDj-5AYFl74CbXN4uQCg7Y9w0jeAwIyoKhCnfYqAm2cSGpadZgwdLHAsIqxNCiqiRPatIEQelj6Cv2SGtRSuxmO-4wmLEI_kG1S6sIKxiisAlKGne2dcBl8fa4gr_zSNoPyXAJMJ?session=0&fife]]></value>
                    </Data>
                </ExtendedData>
                <Point>
                    <coordinates>
                        2.15857370000003,41.4074306,0
                    </coordinates>
                </Point>
            </Placemark>
            <Placemark>
                <name>8. Casa Varela</name>
                <description>
                    <![CDATA
                    <br>
                    <br>Plaça de Molina, 4
                    <br>
                    <br>Preu: 4,60€. Quantitat: 7. Patates: 8,5. Salsa: 7. Nota final 8. Molt original. Patata ben feta,
                    molt tendre. Salsa diferent (mojo picon) que pica una miqueta. Potser massa avinagrada]]>
                </description>
                <styleUrl>#icon-503-62AF44</styleUrl>
                <ExtendedData>
                    <Data name="gx_media_links">
                        <value>
                            <![CDATA[https://doc-10-0s-mymaps.googleusercontent.com/untrusted/hostedimage/sp540u1gdhv7u5v9na7627phvo/hjuom8m67u31fm1t0d26mbo0rs/1686819488250/xUcpN3FudnuQYrEAf25SWSdkT0JYD12L/17346896698994278261/5ACtvi-Ghi2pTlAgqPpHIYNXnblXXdRPRCiXaNZOkDXPv_97vvHaKjfuVDDImmekbB6Oqo0TKUMv7iulHq1XRd4SPLRbNmIwmrKJreypATVqOw_nKzDP7lETMvlMhRHLJf_F8zkjV2aCsm3JRIAT-vneSorHsMzR--gAtPCFk8wHMim-5AVV7sjpQA1VTlyll?session=0&fife]]></value>
                    </Data>
                </ExtendedData>
                <Point>
                    <coordinates>
                        2.14734320000002,41.4008318,0
                    </coordinates>
                </Point>
            </Placemark>
            <Placemark>
                <name>8. Robadora</name>
                <description>
                    <![CDATA
                    <br>
                    <br>Carrer d'En Robador, 18
                    <br>
                    <br>Preu: 7€. Quantitat: 7. Patates: 8. Salsa: 8. Nota final: 8. Patates petites bullides amb un
                    fregit final, bones de gust pero podrien ser mes cruixents. Salsa blanca allioli, salsa vermella
                    pincanteta pero hi ha algo que no acaba.<br>Les recomanaries?: si<br>Imprescindibles?: no
                    <br>
                    <br>Dl-dv 19:00–3:00<br>Ds-dg 12:00–3:00]]>
                </description>
                <styleUrl>#icon-503-62AF44</styleUrl>
                <ExtendedData>
                    <Data name="gx_media_links">
                        <value>
                            <![CDATA[https://doc-08-0s-mymaps.googleusercontent.com/untrusted/hostedimage/sp540u1gdhv7u5v9na7627phvo/3s2s4hfa2o6rfjm44hcnp52gs8/1686819488250/xUcpN3FudnuQYrEAf25SWSdkT0JYD12L/17346896698994278261/5ACtvi-GDIqw53UB-0pMd5Bq6WgHuuB3r0vsgXXPcxfWIOPY9pd49dErCahtC8iEfQORReyd1rP1wFY5aHbPAxCwghqEQEoPDkn5zZVeyVT-Sqcb0_MCPN0s4d-a07CpFNSW8fB2n1-EqE8U1ktHhHYK6MUkjmom5J_oHIftFr66raxosOPW-UCvm9Zu5_ipt?session=0&fife]]></value>
                    </Data>
                </ExtendedData>
                <Point>
                    <coordinates>
                        2.17059199999994,41.3795628,0
                    </coordinates>
                </Point>
            </Placemark>
            <Placemark>
                <name>8. RESTAURANTE TAPAS NAVIA</name>
                <description>
                    <![CDATA
                    <br>
                    <br>Preu: . Quantitat: 7. Patates: 9. Salsa: 7. Nota final: 8. Son unes bones patates braves comuns
                    <br>Les recomanaries?: si<br>Imprescindibles?: no]]>
                </description>
                <styleUrl>#icon-503-62AF44</styleUrl>
                <ExtendedData>
                    <Data name="gx_media_links">
                        <value>
                            <![CDATA[https://doc-08-0s-mymaps.googleusercontent.com/untrusted/hostedimage/sp540u1gdhv7u5v9na7627phvo/mfisv4vfret61e3e8n2j663v2s/1686819488250/xUcpN3FudnuQYrEAf25SWSdkT0JYD12L/17346896698994278261/5ACtvi-HMAD0u1ayXsuHbj8LNZUVGck8V5O_NcCdIc6AWLAxwBKr1tmJVDO8KdeROrod7tiHllFQbTeOwTEW_VTHGR9jdEluwqGiTVhoVQ7twzrbNExXwgMoaEGzpWjGPSf-Nlm7CZWqwhoGcpUsKez_QWFyAqfuPmUho0P_qgSyzhc_A7rh51WWHz7We7Wg4?session=0&fife]]></value>
                    </Data>
                </ExtendedData>
                <Point>
                    <coordinates>
                        2.16218600000002,41.405356,0
                    </coordinates>
                </Point>
            </Placemark>
            <Placemark>
                <name>8. Malabar Bar Restaurant</name>
                <description>
                    <![CDATA
                    <br>
                    <br>Preu: 3,50. Quantitat: 10. Patates: 9. Salsa: 7. Nota final: 8. Les patates estan molt bones de
                    gust i molt ben cuinades. Llastima que falti una mica de cruixentor. Les salses estan bones, allioli
                    bo, salsa vermella molt normal i freda 👎🏼<br>Les recomanaries?: si<br>Imprescindibles?: no]]>
                </description>
                <styleUrl>#icon-503-62AF44</styleUrl>
                <ExtendedData>
                    <Data name="gx_media_links">
                        <value>
                            <![CDATA[https://doc-00-0s-mymaps.googleusercontent.com/untrusted/hostedimage/sp540u1gdhv7u5v9na7627phvo/q8cmhr1emg415clcofgq1hh448/1686819488250/xUcpN3FudnuQYrEAf25SWSdkT0JYD12L/17346896698994278261/5ACtvi-GgbvX4isXDYkL8rGhDT-QeZA6OxtvQ1tvwyfSDz-vv1rr0xvBlfnfREpEjx6xfaUhZw43aCTCSH_U66vIwQujU4AgH4MvFGtJ15MHe9ROpp6MrBxrQIqr_oPdEmiH46ufOvnVkHarF0u-4he1vJZmVazxFcSsO4fl8PWr3PtpvbPjADG0_12VntbhY?session=0&fife]]></value>
                    </Data>
                </ExtendedData>
                <Point>
                    <coordinates>
                        2.16563880000001,41.4059886,0
                    </coordinates>
                </Point>
            </Placemark>
            <Placemark>
                <name>8. GILDA Tapas Bistro Urbano</name>
                <description>
                    <![CDATA
                    <br>
                    <br>Preu: 3,80€. Quantitat: 6. Patates: 8. Salsa: 8. Nota final: 8. Patates molt ben fregides i
                    salses fetes amb carinyo. La salsa vermella molt original amb toc de cafe i canyella. Pero no
                    piquen. El cambrer no calla<br>Les recomanaries?: si<br>Imprescindibles?: no
                    <br>
                    <br>DATA: 21/07/2020]]>
                </description>
                <styleUrl>#icon-503-62AF44</styleUrl>
                <ExtendedData>
                    <Data name="gx_media_links">
                        <value>
                            <![CDATA[https://doc-14-0s-mymaps.googleusercontent.com/untrusted/hostedimage/sp540u1gdhv7u5v9na7627phvo/qmkku843qm1of4g626m9kpu5co/1686819488250/xUcpN3FudnuQYrEAf25SWSdkT0JYD12L/17346896698994278261/5ACtvi-E5CYGpIkFhx2O5fNagcxEwgHskcMIALGSoW1xL5iSA2m-M6KszBNFwRD-umTQQUFkc_l93MwAAg8WFlW48jJ5gsCg_V9YhpwLFuv_45mNN87lSG9MhoASuLuK78aiiLLbey7LeFquk0aoN63zjE88o3szSRH1SnO_ntU-yz65f8Wnu_Oy_Lx_Y0rf1?session=0&fife]]></value>
                    </Data>
                </ExtendedData>
                <Point>
                    <coordinates>
                        2.18026,41.380699,0
                    </coordinates>
                </Point>
            </Placemark>
            <Placemark>
                <name>8. Picants Curtidillo</name>
                <description>
                    <![CDATA
                    <br>
                    <br>12:00–16:30, 19:30–23:00
                    <br>
                    <br>Preu: 4€. Quantitat: 6. Patates: 7. Salsa: 10. Nota final: 8. Estan bones pero com que fa estona
                    que estan fetes.... la sala molt bona i pica!!!! La blanca es com mayo amb algo, la vermella ni idea
                    pero pica i esta bona<br>Les recomanaries?: si<br>Imprescindibles?: si<br>DATA: 31-03-2018
                    <br>
                    <br>SrBoca]]>
                </description>
                <styleUrl>#icon-503-62AF44</styleUrl>
                <ExtendedData>
                    <Data name="gx_media_links">
                        <value>
                            <![CDATA[https://doc-08-0s-mymaps.googleusercontent.com/untrusted/hostedimage/sp540u1gdhv7u5v9na7627phvo/7q7ondigmn7r23t068jonhunss/1686819488250/xUcpN3FudnuQYrEAf25SWSdkT0JYD12L/17346896698994278261/5ACtvi-Ewj9Mteld8GqluK3ZauTe-E4k_LivHLkwZcQSxQhS-V9ZPi9xMVstzq-YVycEs-KXcc3JYLjLAR_ZG752kJp-mXJZN9SG0UTy9c9Fn7eyRiP17OXe0h-bMcUv6-ZaUSVEOD_mk1rC1OquouK3B4DVytp-OwcNTCZ9jSBu31l7jc_sP5fXXGX4G3pOj?session=0&fife]]></value>
                    </Data>
                </ExtendedData>
                <Point>
                    <coordinates>
                        2.13251639999999,41.3865873,0
                    </coordinates>
                </Point>
            </Placemark>
            <Placemark>
                <name>8. Bar Bitácora Barceloneta</name>
                <description>
                    <![CDATA
                    <br>
                    <br>Preu: 3,90. Quantitat: 10. Patates: 9. Salsa: 7. Nota final: 8. Patates molt bones pero sense
                    cruixent. Salses mediocres: mayo + tomaquet artesana amb massa gust a romani i sense picar<br>Les
                    recomanaries?: si<br>Imprescindibles?: no]]>
                </description>
                <styleUrl>#icon-503-62AF44</styleUrl>
                <ExtendedData>
                    <Data name="gx_media_links">
                        <value>
                            <![CDATA[https://doc-00-0s-mymaps.googleusercontent.com/untrusted/hostedimage/sp540u1gdhv7u5v9na7627phvo/p1ig0uitdo0bqj687563e6hgo8/1686819488250/xUcpN3FudnuQYrEAf25SWSdkT0JYD12L/17346896698994278261/5ACtvi-EuojiAtGezYgOaWDm0B55iQT8Jyxd3JpKla8GOFIenzAcoSPR6qpFWeRjDzAm1IYRnDUSA8Wd4Vpg_PioIw2GlS6wG3WfeKZRfbR6m4DMM2gGzeYUTtD58tQcfD2RCgTCUxtrSDF6D2CGnaLly2K7hCIyRbpMq9yTQqtkLnaligqOqG8WoP7DqP10f?session=0&fife]]></value>
                    </Data>
                </ExtendedData>
                <Point>
                    <coordinates>
                        2.1876231,41.3821239,0
                    </coordinates>
                </Point>
            </Placemark>
            <Placemark>
                <name>8. La Frontera de Gràcia</name>
                <description>
                    <![CDATA]]>
                </description>
                <styleUrl>#icon-503-62AF44</styleUrl>
                <ExtendedData>
                    <Data name="gx_media_links">
                        <value>
                            <![CDATA[https://doc-0g-0s-mymaps.googleusercontent.com/untrusted/hostedimage/sp540u1gdhv7u5v9na7627phvo/1pilsaerlv4r1mmd0va17p9rb0/1686819488250/xUcpN3FudnuQYrEAf25SWSdkT0JYD12L/17346896698994278261/5ACtvi-GZTD-gFLkEjtvx4sVo3cY4-21b7jC8f0HSAkX5_B8x4D1yctDPkUfTbRFTxC7tqchXJrLmSEb1NQnDGPNxgr69163Q55m-_zr-bbuJBAzahmuuw27ZFs0UYkqzRXFKzFC2O4NLdBrKeg6_GHRaMf4BMe3H0cQ_QUq6e7aFcSWwoMceXDE1-O3F-s79?session=0&fife https://doc-10-0s-mymaps.googleusercontent.com/untrusted/hostedimage/sp540u1gdhv7u5v9na7627phvo/f9ghtehsiqv0a9ok73tbljoi20/1686819488250/xUcpN3FudnuQYrEAf25SWSdkT0JYD12L/17346896698994278261/5ACtvi-ETX0EY3QBvM5XtFgfv74XhLmvuXxApqmAqwhXd72ZBSTZd1vMOsAiy5ZbgjMuJRi6zB8uJQyy5__uEtWJQ-4xfzJZwdFdjnrik9kpQtghKT4rkNsxOo3c-VGq-nD8SiWfuTMT2gtCxpnOE5j941W6mzuxHq2A_c-4P5uNNx6KIeqMX_y1w7r5FMP3b?session=0&fife]]></value>
                    </Data>
                </ExtendedData>
                <Point>
                    <coordinates>
                        2.16281000000004,41.41201,0
                    </coordinates>
                </Point>
            </Placemark>
            <Placemark>
                <name>7.5. bar cerveceria can pepe. T DG</name>
                <description>
                    <![CDATA
                    <br>
                    <br>Preu: 5,90€. Quantitat: 9. Patates: 8. Salsa: 7. Nota final: 7,5. Braves de bar de Manolo pero
                    ben fetes. Patates ben fregides, potser no la millor varietat. Allioli casolà i un oli “picant” que
                    no pica. Podria estar mes forta la salsa. Llastima que la salsa esta freda<br>Les recomanaries?: no
                    <br>Imprescindibles?: no<br>DATA: 19/04/2023]]>
                </description>
                <styleUrl>#icon-503-62AF44</styleUrl>
                <ExtendedData>
                    <Data name="gx_media_links">
                        <value>
                            <![CDATA[https://doc-0o-0s-mymaps.googleusercontent.com/untrusted/hostedimage/sp540u1gdhv7u5v9na7627phvo/mtrvck55fi8k0l20u8hfrkuslo/1686819488250/xUcpN3FudnuQYrEAf25SWSdkT0JYD12L/17346896698994278261/5ACtvi-HBiAIWXyCYavC4jgwEdI00oF2_PWWf545z_5m-l2bI7M_LJZFGocRm9mKqcIueHcbyZY52wfl3e_HIayM4qfMGMDIKR2ubBz-HaJNhWd25_C4ECAGCJi3XllvePQkSCCK4leuviRqEQvyIWhFx1JyfWHWBlg_DyDcJo1jQ35Q9k4s1MZ0bBWXUQOi_IByf1Qvp0ESfx8ttoyqbSarUK0NjhzxDW3v2jPwS?session=0&fife]]></value>
                    </Data>
                </ExtendedData>
                <Point>
                    <coordinates>
                        2.02504120000003,41.3154396,0
                    </coordinates>
                </Point>
            </Placemark>
            <Placemark>
                <name>7.5. Taraxacum</name>
                <description>
                    <![CDATA
                    <br>
                    <br>Preu: 6,50. Quantitat: 9. Patates: 8. Salsa: 7. Nota final: 7,5. Patates un pel crues pero bones
                    de gust. Salsa blanca: allioli suau, salsa vermella: picantona amb un dolç bastant adictiu<br>Les
                    recomanaries?: si<br>Imprescindibles?: no, hem de venir a sopar<br>DATA: 05/04/2023]]>
                </description>
                <styleUrl>#icon-503-62AF44</styleUrl>
                <ExtendedData>
                    <Data name="gx_media_links">
                        <value>
                            <![CDATA[https://doc-10-0s-mymaps.googleusercontent.com/untrusted/hostedimage/sp540u1gdhv7u5v9na7627phvo/26sphif5qssdasa6fn4o5o7m4g/1686819488250/xUcpN3FudnuQYrEAf25SWSdkT0JYD12L/17346896698994278261/5ACtvi-Gwr9c2QxkQnU-GmerPZQRzVuvIvFhRjMu0dqRXhTMPIwQtOq1AIWZUYU6S1hWMfZ9yOwce_7Et5-1vXb0TQF948YPAA52o5yFS80C6e-KjFSEv7EVwda1jpGKZ7mEc9lfD2eI7stG0cHW5YGVeNTwaDJiLXfHjrVlk2JSyjTnuePpO9c0XZlNAdzuE9h5j9rvlWOJ3_75oR7yyfpGlFeHPmCivT7GCtbLh?session=0&fife]]></value>
                    </Data>
                </ExtendedData>
                <Point>
                    <coordinates>
                        1.9256852,42.4341315,0
                    </coordinates>
                </Point>
            </Placemark>
            <Placemark>
                <name>7.5. Golf Sant Marc</name>
                <description>
                    <![CDATA
                    <br>
                    <br>Preu: 2,50€. Quantitat: 10. Patates: 8. Salsa: 7. Nota final: 7,5. Patates tenen bon gust, pero
                    la salsa sencilla: allioli de pot amb oli picant. El global esta be a bon preu a la terraseta al sol
                    <br>Les recomanaries?: si<br>Imprescindibles?: no<br>DATA: 28/12/2022]]>
                </description>
                <styleUrl>#icon-503-62AF44</styleUrl>
                <ExtendedData>
                    <Data name="gx_media_links">
                        <value>
                            <![CDATA[https://doc-14-0s-mymaps.googleusercontent.com/untrusted/hostedimage/sp540u1gdhv7u5v9na7627phvo/1vrv276sr90nvfknb98eo4m8vc/1686819488250/xUcpN3FudnuQYrEAf25SWSdkT0JYD12L/17346896698994278261/5ACtvi-G5VChcrtJUoYemOs5QajNuSX9jn_dV_valcLGKfx2FC5sWDq-HsP2dPR37_b3gfH9C_IjQVSyWHBB4GtihfNw2CP7te3IcsG0AiaDCqWSKIDS0fhaztQpDKdPcO98hi1uojiKwYw84CSo58Hy2xvLZGalIKPdAtEtxGcfzoD16Y5JYjiYZUUI4gzgf?session=0&fife]]></value>
                    </Data>
                </ExtendedData>
                <Point>
                    <coordinates>
                        1.9304964,42.4150705,0
                    </coordinates>
                </Point>
            </Placemark>
            <Placemark>
                <name>7.5. SOCO Gràcia</name>
                <description>
                    <![CDATA
                    <br>
                    <br>Preu: 4,75€. Quantitat: 10. Patates: 8. Salsa: 7. Nota final: 7,5. Patates semblants a les
                    “papas arrugas” amb una salsa semi-casolana pero que pica bastant. Prou be per estar al nostre barri
                    <br>Les recomanaries?: si<br>Imprescindibles?: no<br>DATA: 22/11/2022]]>
                </description>
                <styleUrl>#icon-503-62AF44</styleUrl>
                <ExtendedData>
                    <Data name="gx_media_links">
                        <value>
                            <![CDATA[https://doc-0g-0s-mymaps.googleusercontent.com/untrusted/hostedimage/sp540u1gdhv7u5v9na7627phvo/cfnldqebbpd4l8hi11ah0vlcpg/1686819488250/xUcpN3FudnuQYrEAf25SWSdkT0JYD12L/17346896698994278261/5ACtvi-HHQLQ6fjbLhNjjfwGps14hoDB9ZN1zTk8ACqpZOynxlY6tZQffQABatEalAbxE4PkmuD7fvFN4pVihuJW9Oi6Nns0tVLc4T_tjx_xjxIfUMh8vn_ulxvN6fItKir9S1LoRhAjOT6jfC2Ej-b2cCzWm5a5q4L965H5RcFqY4vVXXDC3nhUGEs5qC4BZ?session=0&fife]]></value>
                    </Data>
                </ExtendedData>
                <Point>
                    <coordinates>
                        2.16356,41.408287,0
                    </coordinates>
                </Point>
            </Placemark>
            <Placemark>
                <name>7.5. Portal 22</name>
                <description>
                    <![CDATA
                    <br>
                    <br>Preu: 4,70. Quantitat: 8. Patates: 8. Salsa: 7. Nota final: 7,5. Patates al caliu ben bonetes.
                    Salsa vermella picantona de pimenton i un allioli suau amb julivert. Global original i bo!<br>Les
                    recomanaries?: si<br>Imprescindibles?: no<br>DATA: 19/08/2022]]>
                </description>
                <styleUrl>#icon-1577-558B2F</styleUrl>
                <ExtendedData>
                    <Data name="gx_media_links">
                        <value>
                            <![CDATA[https://doc-10-0s-mymaps.googleusercontent.com/untrusted/hostedimage/sp540u1gdhv7u5v9na7627phvo/nd9hk4hbabt4s97vglts42sclo/1686819488250/xUcpN3FudnuQYrEAf25SWSdkT0JYD12L/17346896698994278261/5ACtvi-H1dDQpDTlISj7SjNj7wNZmS31M9O8KGq8knfvXQpSbKMUY8b0pnu7dICAE0rH6nMWBOmkMCaeDjOjz6MydeJhCrLMfXAN_BCHoGrDx9e-w_nq0sKEZQyBxl0LV6w5g0PFrZFsAS9a_mj4yHJxLUhK6yxI3-v0soZcrhyL04CIEqRIqwjbOOQ2Pr_uu?session=0&fife]]></value>
                    </Data>
                </ExtendedData>
                <Point>
                    <coordinates>
                        1.2461544,41.2828655,0
                    </coordinates>
                </Point>
            </Placemark>
            <Placemark>
                <name>7.5. Collonut. TRES UBICACIONS</name>
                <description>
                    <![CDATA
                    <br>
                    <br>Preu: 4,20€. Quantitat: 7. Patates: 8. Salsa: 7. Nota final: 7,5. Patates fregides com si fossin
                    de bossa. Estan molt bones, pero no son braves. La salsa blanca: allioli suau, la vermella: salsa
                    tomaquet picantona. Global wai i diferent<br>Les recomanaries?: si<br>Imprescindibles?: no<br>DATA:
                    25/07/2022
                    <br>
                    <br>DLL-DV: 13:00–0:00<br>DSS-DG:12:00–0:00]]>
                </description>
                <styleUrl>#icon-503-62AF44</styleUrl>
                <ExtendedData>
                    <Data name="gx_media_links">
                        <value>
                            <![CDATA[https://doc-0k-0s-mymaps.googleusercontent.com/untrusted/hostedimage/sp540u1gdhv7u5v9na7627phvo/6vcude43coqa0o94c8bg24vg38/1686819488250/xUcpN3FudnuQYrEAf25SWSdkT0JYD12L/17346896698994278261/5ACtvi-FTkfoa5cROruTTzvuUbHCpUfP5wTwfmLp7aCJIIxWCtc8QHAn1_sHyLeka-CL2AqMFryNDgGL7dXUQo6yGmVswmW2tU8VnLNWWxibs5sMk2nbt56x578ixVw3nnDc_q1_og7jic2uUPp7M8t14sUh7LXqqS-SHLNv7Kckfv85JPVABLFFeVCAdh153?session=0&fife]]></value>
                    </Data>
                </ExtendedData>
                <Point>
                    <coordinates>
                        2.181988,41.42046,0
                    </coordinates>
                </Point>
            </Placemark>
            <Placemark>
                <name>7.5. Casa Teresa Bar</name>
                <description>
                    <![CDATA
                    <br>
                    <br>Preu: . Quantitat: 8. Patates: 8. Salsa: 7. Nota final: 7,5. Les patates estan molt be de gust
                    pero els hi falta cruixentor. Les sales abundants, allioli super suau, salsa se tomaquet suau tmb:
                    el global no picq<br>Les recomanaries?: si<br>Imprescindibles?: no<br>DATA: 26/06/2022]]>
                </description>
                <styleUrl>#icon-503-62AF44</styleUrl>
                <ExtendedData>
                    <Data name="gx_media_links">
                        <value>
                            <![CDATA[https://doc-00-0s-mymaps.googleusercontent.com/untrusted/hostedimage/sp540u1gdhv7u5v9na7627phvo/l5ousufvq236d8pn5ld8doaeng/1686819488250/xUcpN3FudnuQYrEAf25SWSdkT0JYD12L/17346896698994278261/5ACtvi-HlPNMHtGgTnwMneNFtbcV6haRIvoGqG0GkKDgqyWI63kGfA6_lM-J8wRMZ_1KXvFzQ6WfH0UsbIHlm7ekZUWIOueCkSm4CR6qk3RNq2LZ7IYxUvybkcWQPPRm9fcjA2jhjZjIMr4FSFQXqer-IM3JY6x8Uyp9BiKJvLTrY1YAdHhL-a_fXoYdlnrVo?session=0&fife]]></value>
                    </Data>
                </ExtendedData>
                <Point>
                    <coordinates>
                        -0.8779902,41.6404827,0
                    </coordinates>
                </Point>
            </Placemark>
            <Placemark>
                <name><![CDATA[7.5. Bar Yeti "El albondigable". T DLL i DG TARDA]]></name>
                <description>
                    <![CDATA]]>
                </description>
                <styleUrl>#icon-503-62AF44</styleUrl>
                <ExtendedData>
                    <Data name="gx_media_links">
                        <value>
                            <![CDATA[https://doc-0o-0s-mymaps.googleusercontent.com/untrusted/hostedimage/sp540u1gdhv7u5v9na7627phvo/5elei4vi5l3nd44b4e8uua291c/1686819488250/xUcpN3FudnuQYrEAf25SWSdkT0JYD12L/17346896698994278261/5ACtvi-FRNQapxvh0_zhqGhZMrmtZZQ7vxGf8oJrIsfRNAdUgbhRcMvsAQnr7YdqSfNBcvzeZ9RGG2ScwZlumH5jCqDC-mH_5LevOH6CYW7yqktK0vf2IdwDgHL6XHQKq4oTsul5X9ds_KI2qaCX8Mdgpfpx8lNK3Za1w0iRC_kCuFDvbBGiXqcw0vx_7klox?session=0&fife https://doc-0k-0s-mymaps.googleusercontent.com/untrusted/hostedimage/sp540u1gdhv7u5v9na7627phvo/tdj1p6oqqd7ch9t3jaun9i9mmg/1686819488250/xUcpN3FudnuQYrEAf25SWSdkT0JYD12L/17346896698994278261/5ACtvi-Eyt-Dj0EEB5JaSC77OHoz2l0XUK-_cskXvA1xasQPoJeSIDev9x2CvnXZCXaSKIPaohjiotrrsISiO8Vs5lKC3uUEeK3raqLWv_XAntOp14GVtR97GP8YKxCEAXkHI_qwdoEn58KHkQ3aq3u8J6jWyDkEcEGm_DvuOjfocWY_SSc_SQRGqYYg6NiJ_?session=0&fife https://doc-0k-0s-mymaps.googleusercontent.com/untrusted/hostedimage/sp540u1gdhv7u5v9na7627phvo/k80ac9k2shpl8rgqfij95b0698/1686819488250/xUcpN3FudnuQYrEAf25SWSdkT0JYD12L/17346896698994278261/5ACtvi-GJC6kgJBL2M9veUHvdvxyJXlkVGZan7GHPwhsTBzb5Dtpdly0XewKvUKsxVW84G94MIHeMTy9PmK2Jed1LxFRGdJk3-rIJo_OhQW8Y4_ZKfjHaqko4k6fca8j9Gz6Cou8iMe_TrIdZ9iibUmsmbOrgDqc-ENLfVg6o2maao31a9evs-kmY_qNpi_lLJA?session=0&fife]]></value>
                    </Data>
                </ExtendedData>
                <Point>
                    <coordinates>
                        2.1342258,41.406334,0
                    </coordinates>
                </Point>
            </Placemark>
            <Placemark>
                <name>7.5. UNA</name>
                <description>
                    <![CDATA
                    <br>
                    <br>Preu: 6.50€. Quantitat: 9. Patates: 9. Salsa: 6. Nota final: 7,5. Patates ben fetes i
                    fregidetes. Salsa blanca: allioli de pot, salsa vermella: salsa rosa de pot. Amb especies per sobre
                    per donarli un toc extra molon<br>Les recomanaries?: si<br>Imprescindibles?: no<br>DATA:
                    05/02/2022]]>
                </description>
                <styleUrl>#icon-503-62AF44</styleUrl>
                <ExtendedData>
                    <Data name="gx_media_links">
                        <value>
                            <![CDATA[https://doc-0g-0s-mymaps.googleusercontent.com/untrusted/hostedimage/sp540u1gdhv7u5v9na7627phvo/q6fe4h1ldgah9dm31f6hf1ke70/1686819488250/xUcpN3FudnuQYrEAf25SWSdkT0JYD12L/17346896698994278261/5ACtvi-FxZBms191WmJmU7oxzttuyD4mTGk1QlnStT3ZopVachRbFdifxgik3hLnG2u88XFKMFzY3JscSX9Lrano-FBU3SoJFJKtO5QR5t1Mk4U1f0rmkSgVPeDTLhcHhBjbIexdi4ghrw3FpZg0LPvodJDQZm3yAiys25bXtvPrafefyzw2gvQlM2mmaToO5?session=0&fife]]></value>
                    </Data>
                </ExtendedData>
                <Point>
                    <coordinates>
                        1.927154,42.433096,0
                    </coordinates>
                </Point>
            </Placemark>
            <Placemark>
                <name>7.5. Atabalats Gastrobar. T DG</name>
                <description>
                    <![CDATA
                    <br>
                    <br>Preu: 7€. Quantitat: 9. Patates: 7. Salsa: 8. Nota final: 7,5. Les patates tenen la consistencia
                    perfecta, pero de gust no son les millors patates per ser fregides. La salsa blanca es un ajonesa
                    casolana molt suau, i la vermella: algo semblant a un pesto. Una vegada barrejat tot: millora<br>Les
                    recomanaries?: no<br>Imprescindibles?: no<br>DATA: 09/11/2018
                    <br>
                    <br>DLL-DJ 10:00–16:00, 20:00–23:30<br>DV-DSS 10:00–16:00, 20:00–1:30
                    <br>
                    <br>bravasBCN]]>
                </description>
                <styleUrl>#icon-503-62AF44</styleUrl>
                <ExtendedData>
                    <Data name="gx_media_links">
                        <value>
                            <![CDATA[https://doc-00-0s-mymaps.googleusercontent.com/untrusted/hostedimage/sp540u1gdhv7u5v9na7627phvo/hps5k6m495gti6s9d4tsa5g1c4/1686819488250/xUcpN3FudnuQYrEAf25SWSdkT0JYD12L/17346896698994278261/5ACtvi-EA2XzMLgxWIjfa_J8XbA0-KgknWz_6hIBRBkBqTiCoB_1vk9nTLsmjBXi3MkaYtPEuO8UTx4q7lgmES0vDg9EHG0St-hn74hEN-KLT4GmRNLT7_Abg5n1M0IkKJ6o-uSIV41qE_EJkRVIaheCaNHycVh13fUwf9y1kcZhMQFub1tyPhXw0NhYdz52P?session=0&fife]]></value>
                    </Data>
                </ExtendedData>
                <Point>
                    <coordinates>
                        2.16051990000005,41.4087684,0
                    </coordinates>
                </Point>
            </Placemark>
            <Placemark>
                <name>7.5. La Mari Ollero Vermuteria</name>
                <description>
                    <![CDATA]]>
                </description>
                <styleUrl>#icon-503-62AF44</styleUrl>
                <ExtendedData>
                    <Data name="gx_media_links">
                        <value>
                            <![CDATA[https://doc-0c-0s-mymaps.googleusercontent.com/untrusted/hostedimage/sp540u1gdhv7u5v9na7627phvo/5m5t5la8kkebd6seo3ne0mq3ms/1686819488250/xUcpN3FudnuQYrEAf25SWSdkT0JYD12L/17346896698994278261/5ACtvi-HROcp7MiTUQMtWA3AiC1jGhOixIDsuXE35DZ6qL2XNglRD_264E2CnHsKKDru9IcxfbRT7YFd76PUFn35s32YpVhJzkpP9iDAlfYQezqCexJM9ktRp104YvR-wpV7O-98-2EnJT8jJRzk3f9TukduGwyAsSq1D3SM1bZ0UGaT-7p03KFRv6sGMY8J9?session=0&fife https://doc-0o-0s-mymaps.googleusercontent.com/untrusted/hostedimage/sp540u1gdhv7u5v9na7627phvo/76q64110e1bhj8jurthvh7r5js/1686819488250/xUcpN3FudnuQYrEAf25SWSdkT0JYD12L/17346896698994278261/5ACtvi-ED9sQiHcOkizYNJoyVcNDB6PujofscXYQCg033Re0TD9T2cqdMWwh-vZU_8txkFn1dSVacFe4U6zNWdeQ5-VrsloMtnnEcRHQrcrSXljc3DCxhvljppLLQazxjnwfuXNxx4o3Pc7Yke73yK1IYxylcl-1s6LU-u-gFBR5YwEVBj0VGwFsKF-hQWUvi?session=0&fife]]></value>
                    </Data>
                </ExtendedData>
                <Point>
                    <coordinates>
                        2.16045699999995,41.375401,0
                    </coordinates>
                </Point>
            </Placemark>
            <Placemark>
                <name>7.5. Betlem - Miscelánea Gastronómica</name>
                <description>
                    <![CDATA
                    <br>
                    <br>Carrer de Girona, 70. Preu: 4,90€. Quantitat: 9. Patates: 6. Salsa: 8,5. Nota final: 7,5. Salsa
                    picant pero dolça. Patates massa grans, estan una mica crues. Bastanta salsa :p]]>
                </description>
                <styleUrl>#icon-503-62AF44</styleUrl>
                <ExtendedData>
                    <Data name="gx_media_links">
                        <value>
                            <![CDATA[https://doc-0k-0s-mymaps.googleusercontent.com/untrusted/hostedimage/sp540u1gdhv7u5v9na7627phvo/reqaarm5p2mlrmeuq3vs46lghc/1686819488250/xUcpN3FudnuQYrEAf25SWSdkT0JYD12L/17346896698994278261/5ACtvi-GAC6zTh0mOiSgLPblMoQvYTh-F48aZK3i64M0t_oow4_iDP-SXT2goql2sZcQRgSF5SUyLlIEZlCfwpW83JGvu8Y1C-VHmIvjTvH0J8VMVZpslb54TEZ_zx1B9bNccbY7DOSkJlvIoTeK8WRvLegb75VS-dDC9IqN9Uuw8O6TgBQ7mKWixnvZE20Pt?session=0&fife]]></value>
                    </Data>
                </ExtendedData>
                <Point>
                    <coordinates>
                        2.1713712,41.3953972,0
                    </coordinates>
                </Point>
            </Placemark>
            <Placemark>
                <name>7.5. Antunez. T DG TARDA</name>
                <description>
                    <![CDATA
                    <br>
                    <br>Preu: 4,10€. Quantitat: 7. Patates: 9. Salsa: 7. Nota final: 7,5. No piquen gaire, la vermella
                    si. Falta salsa. Son originals. Amb el temps milloren
                    <br>
                    <br>Carrer de Neptú, 18
                    <br>
                    <br>DL-DX 8:00–1:00<br>DJ-DV: 8:00–2:30<br>DS 11:00–2:30<br>DG 11:00–1:00]]>
                </description>
                <styleUrl>#icon-503-62AF44</styleUrl>
                <ExtendedData>
                    <Data name="gx_media_links">
                        <value>
                            <![CDATA[https://doc-0c-0s-mymaps.googleusercontent.com/untrusted/hostedimage/sp540u1gdhv7u5v9na7627phvo/e7uf9b9op1hfl2pn8dl3eftb44/1686819488250/xUcpN3FudnuQYrEAf25SWSdkT0JYD12L/17346896698994278261/5ACtvi-HSAip5v0OyfBnZ6-r2T2xI2b0a9xQNs_mTjERr2p0z-Uz9Q7JufeOr2vY1GkiQ0GXMdbZa2qtqaZQQM_qiOOgu_CHbISueoCTIY_iKDV5CM2IJA1UjWrGvAqxKFA1RQWtvF0iiE19SasfWi7BpJmNyKvjgQpRstOj1td1F_AkrRRZpI9XdgtnZI_gv?session=0&fife]]></value>
                    </Data>
                </ExtendedData>
                <Point>
                    <coordinates>
                        2.15469329999996,41.3978913,0
                    </coordinates>
                </Point>
            </Placemark>
            <Placemark>
                <name><![CDATA[7.5. L'Òstia]]></name>
                <description>
                    <![CDATA
                    <br>
                    <br>Plaça de la Barceloneta, 1
                    <br>
                    <br>Dl-Dg: 10:00 - 23:45
                    <br>
                    <br>Preu: 4,90. Quantitat: 10. Patates: 7. Salsa: .7,5 Nota final: 7,5. Les salses no maten, per la
                    carn li dona un toc. No piquen. Son originals, no passen a lhistoria bravil, pero les recomanariem.
                    Millor barrejarho tot]]>
                </description>
                <styleUrl>#icon-503-62AF44</styleUrl>
                <ExtendedData>
                    <Data name="gx_media_links">
                        <value>
                            <![CDATA[https://doc-10-0s-mymaps.googleusercontent.com/untrusted/hostedimage/sp540u1gdhv7u5v9na7627phvo/mcj5end5vfsran2vbi0cmerbds/1686819488250/xUcpN3FudnuQYrEAf25SWSdkT0JYD12L/17346896698994278261/5ACtvi-HtVy1uTv8GgQKB35DZfEpYn02MKlAfGJ5oObxJdKoJ0v5rv8vM0YjdZj-PFTMJMjZbvSsHc_EJhwWyGnHl6aMzvdg67nu7kpjDTa5d0pe8aK5IxtJxndqK_vZMvdDBj8E6L33O6IA0q6xH2FCd79LCfb16OiufkCsRKqal0nhBNgWeG0tEw0jCyvBc?session=0&fife]]></value>
                    </Data>
                </ExtendedData>
                <Point>
                    <coordinates>
                        2.18800439999995,41.3799178,0
                    </coordinates>
                </Point>
            </Placemark>
            <Placemark>
                <name>7.5. Frankie Gallo Cha Cha Cha</name>
                <description>
                    <![CDATA
                    <br>
                    <br>Preu: 4,50€. Quantitat: 9. Patates: 10. Salsa: 5. Nota final: 7,5. Les patates excel·lents! Aixi
                    es fa una patata: cruji-cruji!!! Salsa: mayonesa amb toc de llima que no aporta massa, tot i que al
                    estiu estan be pq son fresquetes. Tampoc enganyen, ja que a la carta estan posades com a patates
                    fregides.<br>Les recomanaries?: si<br>Imprescindibles?: no. Imprescindible venir a menjar pizza, ja
                    que hi ets: demana braves.<br>DATA: 2/06/2019
                    <br>
                    <br>DLL-DJ 19:00–1:00<br>DV-DG 13:30–2:00
                    <br>
                    <br>BravasBCN]]>
                </description>
                <styleUrl>#icon-503-62AF44</styleUrl>
                <ExtendedData>
                    <Data name="gx_media_links">
                        <value>
                            <![CDATA[https://doc-0g-0s-mymaps.googleusercontent.com/untrusted/hostedimage/sp540u1gdhv7u5v9na7627phvo/g63vdp7cv7msrtcqirmeqquk24/1686819488250/xUcpN3FudnuQYrEAf25SWSdkT0JYD12L/17346896698994278261/5ACtvi-Hsouy6DWkLkGNShBKyDM6t6oo7CSGV0svlz6sC8ti5CqUp_B_MX9wy6RjvVd6CPs855eJKDkczAf9EDbB3CFoUnnX1KjHk6G1SKtBlovnri-wXlKXFAi_liJRXANiIuixnhLCa437CJG35RoIsY30VYcW1FzKNR7PlGCZUfQixWdMum9-KChkGP_Ej?session=0&fife]]></value>
                    </Data>
                </ExtendedData>
                <Point>
                    <coordinates>
                        2.17245630000002,41.378548,0
                    </coordinates>
                </Point>
            </Placemark>
            <Placemark>
                <name>7.5. Estruch Bar</name>
                <description>
                    <![CDATA
                    <br>
                    <br>Preu: 3,50€. Quantitat: 9. Patates: 9. Salsa: 6. Nota final: 7,5. La patata esta bona. Salses:
                    mayo 😞, i salsa especiada de comino, pimenton, pebre.... “pica” per les especies. Poca salsa. Mayo
                    nooooo!!!!!<br>Les recomanaries?: si<br>Imprescindibles?: no<br>DATA: 17-02-2018]]>
                </description>
                <styleUrl>#icon-503-62AF44</styleUrl>
                <ExtendedData>
                    <Data name="gx_media_links">
                        <value>
                            <![CDATA[https://doc-10-0s-mymaps.googleusercontent.com/untrusted/hostedimage/sp540u1gdhv7u5v9na7627phvo/q9jqhc5pjosp622imlsfesa65o/1686819488250/xUcpN3FudnuQYrEAf25SWSdkT0JYD12L/17346896698994278261/5ACtvi-G4_0_Tt1OaGDmXSmEvKBMTXFfMncOJ1a-MGaEWFNXiLXwEZEfvNjrHUoQswkIxRzcUUvxgrzLKlrpLbXEsMdfF1x1dIuho1zukSicpO9fHvr1gvIXh3f6sLbE7UERqL3bL5B3iTJY3c4L7TOx5ryYSmocK5QnwEYqnB59wS7EKQG8xHee3WRnOn-fN?session=0&fife]]></value>
                    </Data>
                </ExtendedData>
                <Point>
                    <coordinates>
                        2.10002459999998,41.5534279,0
                    </coordinates>
                </Point>
            </Placemark>
            <Placemark>
                <name>7.5. Segons Mercat</name>
                <description>
                    <![CDATA
                    <br>
                    <br>Horari de restuarant
                    <br>
                    <br>Dl-dg: 13H -16:30H / 20H - 23:30<br>Dv-ds: HASTA 24H.
                    <br>
                    <br>Preu: 4,80€. Quantitat: 6. Patates: 8. Salsa: 7. Nota final: 7,5. La patata esta molt ben feta,
                    pero de gust no es una passada. La salsa es una musselina dall amb oli picant Que ni pica.<br>Les
                    recomanaries?: si<br>Imprescindibles?: no]]>
                </description>
                <styleUrl>#icon-1577-558B2F</styleUrl>
                <ExtendedData>
                    <Data name="gx_media_links">
                        <value>
                            <![CDATA[https://doc-0g-0s-mymaps.googleusercontent.com/untrusted/hostedimage/sp540u1gdhv7u5v9na7627phvo/ekmhtp1vp05u32gk57513tqnlk/1686819488250/xUcpN3FudnuQYrEAf25SWSdkT0JYD12L/17346896698994278261/5ACtvi-HeM_8WbENPHMKWjwDAskxVFaBOj35-YdQ__H9py6TLnVm3ZN0yUzZKZBJ44TeTNRCdzP7TMs5qu_XGx3h0rMUZVHdDUW36lYTYWOeZWMqNTEgQU7dBVQuZYIYPUDsI2re5Vijp3z_i6QHuHsgFniLLSvak4m4gtdEtHS3f-Br6cnZdy8LkdKi50Qxp?session=0&fife]]></value>
                    </Data>
                </ExtendedData>
                <Point>
                    <coordinates>
                        2.16053710000006,41.383234,0
                    </coordinates>
                </Point>
            </Placemark>
            <Placemark>
                <name>7.5. Paco Meralgo</name>
                <description>
                    <![CDATA
                    <br>
                    <br>Carrer de Muntaner, 171
                    <br>
                    <br>De 13:00h a16.00h<br>De 20:00h a 00:30h<br>Obert tots els dies de l’any excepte el 25 de
                    Desembre
                    <br>
                    <br>Preu: 4,70. Quantitat: 4. Patates: 7,5. Salsa: 7,5. Nota final: 7,5. La salsa pica (all i oli
                    amb oli picant). No destaquen (semblants a tomas, pq no tenen salsa vermella) molen pq piquen. Les
                    patates son cruixents, pero despres no maten, semblen de bar cutre]]>
                </description>
                <styleUrl>#icon-503-62AF44</styleUrl>
                <ExtendedData>
                    <Data name="gx_media_links">
                        <value>
                            <![CDATA[https://doc-0c-0s-mymaps.googleusercontent.com/untrusted/hostedimage/sp540u1gdhv7u5v9na7627phvo/5g9egiejfmre845c1qd24qipt0/1686819488250/xUcpN3FudnuQYrEAf25SWSdkT0JYD12L/17346896698994278261/5ACtvi-F9ml0xPuh5DGR4AuFPDFsBSUmI9TuhFbK049i1PxWvA7QebIF7dcbWNMeydcTgQMMNrBWaBDoPLyZGdl0vVGv4xR2xF5cRbgWf-05oL9xOwSzjf0BXjLqwFdj4s9bVeQlhVA6h1etg6MAKWdeXyVirW6IaQvp-qEolDI4z4W9nUUoAwOC6QP1-8ToM?session=0&fife]]></value>
                    </Data>
                </ExtendedData>
                <Point>
                    <coordinates>
                        2.15251020000005,41.3917175,0
                    </coordinates>
                </Point>
            </Placemark>
            <Placemark>
                <name>7.5. LATA-Bern@</name>
                <description>
                    <![CDATA
                    <br>
                    <br>Carrer del Torrent de les Flors, 53
                    <br>
                    <br>Preu: 5,25€. Quantitat: 7. Patates: 7. Salsa: 8. Nota final: 7,5. Si es tigues cruixent, encara
                    qe fos un pel, tindrien mes bona nota. La salsa esta bona, pero no fa els honors al nom
                    "encabronadas". Sobra la pell, es nota massa
                    <br>
                    <br>Dt-dg: 13:00 - 00:00]]>
                </description>
                <styleUrl>#icon-503-62AF44</styleUrl>
                <ExtendedData>
                    <Data name="gx_media_links">
                        <value>
                            <![CDATA[https://doc-08-0s-mymaps.googleusercontent.com/untrusted/hostedimage/sp540u1gdhv7u5v9na7627phvo/3pj95udpsbuv4jbln623fs6kqo/1686819488250/xUcpN3FudnuQYrEAf25SWSdkT0JYD12L/17346896698994278261/5ACtvi-Gn-8SPJnbh_SFpiRtljAiO276xokDXiv_t65YHVOpLRZjmu1iWTNy5QgJfdJ43LKG4skYEaYW9ZNCG1hosyt9kz3oPV04b9NBQvvFQn3OBzwiFdfhGMXO43Og9tLyVEboYW25oIFQvO9vL5dS4FwCt7W9dUZ96EAhaR2B1ueXJThBZnheSUWKy9Ht_?session=0&fife]]></value>
                    </Data>
                </ExtendedData>
                <Point>
                    <coordinates>
                        2.1601733,41.4061807,0
                    </coordinates>
                </Point>
            </Placemark>
            <Placemark>
                <name>7.5. Tapeo Born (= tapeo gracia). T DL</name>
                <description>
                    <![CDATA
                    <br>
                    <br>Preu: 4,5. Quantitat: 7. Patates: 8. Salsa: 7. Nota final: 7,5. Les patates estan bones pero es
                    nota que es un lloc guiri i van amb pressa. La salsa vermella casolana molt bona, all i oli suau. No
                    pica gens. El local petit i amb mal servei<br>Les recomanaries?: no<br>Imprescindibles?: no<br>
                    0DATA: 10/09/2019
                    <br>
                    <br>Dt-dv: 12.00 a 16.00h y de 19.00 a 00.00h.<br>Ds-dg: 12.00 a 00.00h.
                    <br>
                    <br>bravas bcn]]>
                </description>
                <styleUrl>#icon-503-62AF44</styleUrl>
                <ExtendedData>
                    <Data name="gx_media_links">
                        <value>
                            <![CDATA[https://doc-00-0s-mymaps.googleusercontent.com/untrusted/hostedimage/sp540u1gdhv7u5v9na7627phvo/cn608qo6ljo8eg524d2h6anfk0/1686819488250/xUcpN3FudnuQYrEAf25SWSdkT0JYD12L/17346896698994278261/5ACtvi-HVvTzZGej5DjRTX5aSamC6411v2AFrw-2A5EkYibu_tu_fzZnL2cRKjj9Nl3SoLaZdc4Dz5XaDJi-19qghMXeyb1E4iUBTluPys5xCCAKIBvLfDNCu4AzxhygoiAcj25rydyvkEPn7kEGQATdapCZ9AETtWSzM9sLoIgfZYCKj0UbIplL6XtWXvybX?session=0&fife]]></value>
                    </Data>
                </ExtendedData>
                <Point>
                    <coordinates>
                        2.18173780000006,41.3845803,0
                    </coordinates>
                </Point>
            </Placemark>
            <Placemark>
                <name>7.5. Malkoa charcuteria degustacion. T DLL i DG TARDA</name>
                <description>
                    <![CDATA
                    <br>
                    <br>Preu: 4,50€. Quantitat: 10. Patates: 8. Salsa: 7. Nota final: 7,5. Patates bona fritura pero
                    gust no maten. Tres salses: pesto amb mayo, brava, ceba pochada picant. Poca salsa i poc predominant
                    <br>Les recomanaries?: no<br>Imprescindibles?: no<br>DATA: 14-02-2018]]>
                </description>
                <styleUrl>#icon-503-62AF44</styleUrl>
                <ExtendedData>
                    <Data name="gx_media_links">
                        <value>
                            <![CDATA[https://doc-00-0s-mymaps.googleusercontent.com/untrusted/hostedimage/sp540u1gdhv7u5v9na7627phvo/iarqgjaltridua61onhe867164/1686819488250/xUcpN3FudnuQYrEAf25SWSdkT0JYD12L/17346896698994278261/5ACtvi-FqFPfETA0nIEYyVLYuMqbgM1MjlKptc-2dcmjLOj9EQNfiU_DvmA3Li6WOuXKFOQS58cDu1PUH0ZCWcgxqcaUN9c8INhQ-Ekh8bjDe2IM9FWcoNGlxps9CGxzJMleU0d0HPvm06SpMSFWQw1pBlXGU54tdbs2TtNZ6OjtVi6YhpcywgGxDtcv8VFm1?session=0&fife]]></value>
                    </Data>
                </ExtendedData>
                <Point>
                    <coordinates>
                        2.09832589999996,41.3595537,0
                    </coordinates>
                </Point>
            </Placemark>
            <Placemark>
                <name>7.5. La Foga</name>
                <description>
                    <![CDATA
                    <br>
                    <br>Preu: 6€. Quantitat: 8. Patates: 7. Salsa: 8. Nota final: 7,5. Ni fu ni fa. Patata poc fregida i
                    freda amb salsa vermella meji i allioli especiat. Les salses estan bones pero el conjunt no passara
                    a la historia<br>Les recomanaries?: no<br>Imprescindibles?: no<br>DATA: 20-03-2018
                    <br>
                    <br>DG-DJ 9:00–0:00<br>DV-DSS: 9:00–1:00
                    <br>
                    <br>BravasBCN]]>
                </description>
                <styleUrl>#icon-503-62AF44</styleUrl>
                <ExtendedData>
                    <Data name="gx_media_links">
                        <value>
                            <![CDATA[https://doc-14-0s-mymaps.googleusercontent.com/untrusted/hostedimage/sp540u1gdhv7u5v9na7627phvo/f31esoij864n6p5i8ooohbdcbg/1686819488250/xUcpN3FudnuQYrEAf25SWSdkT0JYD12L/17346896698994278261/5ACtvi-Ex8XX0zfyEZe1dggL-Lh2RQ0OQaUmI70cXRY6UMwogLSHi60zDjR5xbsk-TrcwC9j3A09b0nQAFVGB_qSxi4n-i7KnUcwISuVJvbiYaVnNQwWfd_9tpPGVoxAmstAe0dnHlC8Phf1tvf_Gq5T-96jdNGHp0LO5RuyQnyVGOqPfLtewVGQyt4-Cx1kl?session=0&fife]]></value>
                    </Data>
                </ExtendedData>
                <Point>
                    <coordinates>
                        2.17850169999997,41.3931373,0
                    </coordinates>
                </Point>
            </Placemark>
            <Placemark>
                <name><![CDATA[7.5- Chivuo's Gràcia - Slow Street Food & Craft Beer]]></name>
                <description>
                    <![CDATA
                    <br>
                    <br>Preu: 3€. Quantitat: 7. Patates: 7. Salsa: 8. Nota final: 7,5. Les patates estan ben fetes pero
                    es farinosa (tipus de patata no acertat). Les salses estan bones pero no destaquen<br>Les
                    recomanaries?: si<br>Imprescindibles?: no]]>
                </description>
                <styleUrl>#icon-503-62AF44</styleUrl>
                <ExtendedData>
                    <Data name="gx_media_links">
                        <value>
                            <![CDATA[https://doc-14-0s-mymaps.googleusercontent.com/untrusted/hostedimage/sp540u1gdhv7u5v9na7627phvo/orvvbmf9ousf7ul9vincb9rkuc/1686819488250/xUcpN3FudnuQYrEAf25SWSdkT0JYD12L/17346896698994278261/5ACtvi-E7_8MGqu12oPjBcWqKlR4Ik0rYUI4gS4IKBfB91IXBhPXi4iWapXBMRvKO-Vuqi1chW5OoXTn0YpeQ-1rwrIX2TywlgNhbopeKudRpGZXx9MJH2DXhVUHD8cAwM_ILefkh291-ddULMB49aG5_86XDklhLW7SJeVtx9s0XBxaUvn33DvLHFwzq42yE?session=0&fife]]></value>
                    </Data>
                </ExtendedData>
                <Point>
                    <coordinates>
                        2.15393500000005,41.405009,0
                    </coordinates>
                </Point>
            </Placemark>
            <Placemark>
                <name>7.5. Xiroi Ca la Nuri</name>
                <description>
                    <![CDATA
                    <br>
                    <br>DLL.DG 9:00–1:00
                    <br>
                    <br>Preu: 6,30. Quantitat: 7. Patates: 8. Salsa: 7. Nota final: 7,5. Les patates estan bones pero
                    les han fregit amb la fregidora de tot. La salsa vermella es com una marinera de musclo amb un toc
                    picantó, la blanca es un allioli suau<br>Les recomanaries?: no<br>Imprescindibles?: no<br>DATA:
                    05/07/2019]]>
                </description>
                <styleUrl>#icon-503-62AF44</styleUrl>
                <ExtendedData>
                    <Data name="gx_media_links">
                        <value>
                            <![CDATA[https://doc-0s-0s-mymaps.googleusercontent.com/untrusted/hostedimage/sp540u1gdhv7u5v9na7627phvo/qevppvnssf7f2lqmb577045l10/1686819488250/xUcpN3FudnuQYrEAf25SWSdkT0JYD12L/17346896698994278261/5ACtvi-E0ombVLWlGpPMDPu2g80X4kr7BSrF4u3dUjr3vHYqMh0yyr9w5Xv3HCpm85So6jJ5AaFKqmZTwjwUDadMN0EOWx7ZieUI7DkgitSCbRav9D_C6eQlF6ItozzQJWXEAQZgdGuLX94Q-upscusuSAFP08Ltl7tbzuaxFFCBF7YtW5rfTVFi1sVS5M-gj?session=0&fife]]></value>
                    </Data>
                </ExtendedData>
                <Point>
                    <coordinates>
                        2.20344009999997,41.3916199,0
                    </coordinates>
                </Point>
            </Placemark>
            <Placemark>
                <name>7.5. La fàbrica</name>
                <description>
                    <![CDATA
                    <br>
                    <br>Preu: . Quantitat: 8. Patates: 8. Salsa: 7. Nota final: 7,5. Les patates estan bones, pero poc
                    cruixents. La salsa es un mojo picon, poc picant i massa liquid. Conjunt global correcte<br>Les
                    recomanaries?: no<br>Imprescindibles?: no<br>DATA: 27/12/2018]]>
                </description>
                <styleUrl>#icon-503-62AF44</styleUrl>
                <ExtendedData>
                    <Data name="gx_media_links">
                        <value>
                            <![CDATA[https://doc-00-0s-mymaps.googleusercontent.com/untrusted/hostedimage/sp540u1gdhv7u5v9na7627phvo/kpcke15t7ltoa54o6ln14863t8/1686819488250/xUcpN3FudnuQYrEAf25SWSdkT0JYD12L/17346896698994278261/5ACtvi-FFjkEjS5bpDeH9jcnhkkYASnktE7zw7SJOHOTA-mKeuCQZPuJi6nF-Cpht0ilO43CyPvl2Z8URwakKm4Tyu4rTYrTOqHlnCBcdM0-33bb303uH5xvBG6tqbTWz8giMkTktga5OOAE9dfHEpRpmoCWkt_x1BMCQgnLUrFgOJ6JFyrz05A0AhuICPPuU?session=0&fife]]></value>
                    </Data>
                </ExtendedData>
                <Point>
                    <coordinates>
                        1.9274508,42.4317386,0
                    </coordinates>
                </Point>
            </Placemark>
            <Placemark>
                <name>7.5 Bar But</name>
                <description>
                    <![CDATA
                    <br>
                    <br>Preu: 4,50€. Quantitat: 8. Patates: 7. Salsa: 7. Nota final: 7,5. El concepta mola. La massa ens
                    agradaria una mica mes gruixent, mes semblant a una patata. Les estan bones, pero la blanca te massa
                    poc gust, i la vermella (axoriçada). Cada quadrat hauria de tenir les dues salses<br>Les
                    recomanaries?: no<br>Imprescindibles?: no
                    <br>
                    <br>DLL 9:00–17:00<br>DM-DV 9:00–23:30<br>DSS 10:00–23:30<br>DG 10:00–17:00]]>
                </description>
                <styleUrl>#icon-503-62AF44</styleUrl>
                <ExtendedData>
                    <Data name="gx_media_links">
                        <value>
                            <![CDATA[https://doc-0o-0s-mymaps.googleusercontent.com/untrusted/hostedimage/sp540u1gdhv7u5v9na7627phvo/r6dmepnm8bfi2mmofjs78k0mhk/1686819488250/xUcpN3FudnuQYrEAf25SWSdkT0JYD12L/17346896698994278261/5ACtvi-EXYss8uXT6H_l52gqk9Xi8qX1S5qUMChYfybJBeIPblPNR_gJoM_hcorxw70ZvToaIdl17DK3V-eKw7jk6-U42m4v5db8cysYJ43_nmf2IXijgz4-d52l_k690NspbdbkOh67FGuUG-WZ4CuTqQIJZOjCABuLq4xNNsPnYYHCjhOjRKt0N1Ko5kZk7?session=0&fife]]></value>
                    </Data>
                </ExtendedData>
                <Point>
                    <coordinates>
                        2.15935999999999,41.397982,0
                    </coordinates>
                </Point>
            </Placemark>
            <Placemark>
                <name>7.5. La Nonna Delia .Vermuteria Gastronòmica</name>
                <description>
                    <![CDATA
                    <br>
                    <br>Preu: 4,5. Quantitat: 9. Patates: 9. Salsa: 6. Nota final: 7,5. Les patates es tan molt bones,
                    tendretes i bon gust peeero...zero cruixent. Salses casolanes pero molt normaletes: allioli i
                    tomaquet fregist.<br>Les recomanaries?: si<br>Imprescindibles?: no
                    <br>
                    <br>DATA: 15/12/2020]]>
                </description>
                <styleUrl>#icon-503-62AF44</styleUrl>
                <ExtendedData>
                    <Data name="gx_media_links">
                        <value>
                            <![CDATA[https://doc-0g-0s-mymaps.googleusercontent.com/untrusted/hostedimage/sp540u1gdhv7u5v9na7627phvo/b8fi4a9rngo3kb7g6vuqtugj94/1686819488250/xUcpN3FudnuQYrEAf25SWSdkT0JYD12L/17346896698994278261/5ACtvi-Ee82QMvmrmbk2UIWJupKESFiIiruxzuIW0h3HCccjU2L27uvKKf_UMTOWsJ3atbvkn2D2ioOA6gC3yORcfa559IoP4hV9YFhJkKjGnMru5oqyKhGa0GRcXspseabYpjah6IXKra-k51DYP2Y8H37B4SCn96SMCemLWkehAzVx9o_sQl3BNHq4YrQaP?session=0&fife]]></value>
                    </Data>
                </ExtendedData>
                <Point>
                    <coordinates>
                        2.1736735,41.4080911,0
                    </coordinates>
                </Point>
            </Placemark>
            <Placemark>
                <name>7.5. Maitea</name>
                <description>
                    <![CDATA
                    <br>
                    <br>Carrer de Casanova, 155
                    <br>
                    <br>dll-dv 11:00–0:00<br>dss 12:00–0:00
                    <br>
                    <br>Preu: 4,10€. Quantitat: 5. Patates: 9. Salsa: 7. Nota final: 7.5. Mayonesa amb pimenton + un
                    vermella mes picante. Li falta gust a la salsa<br>Les recomanaries?: si<br>Imprescindibles?: no]]>
                </description>
                <styleUrl>#icon-503-62AF44</styleUrl>
                <ExtendedData>
                    <Data name="gx_media_links">
                        <value>
                            <![CDATA[https://doc-0s-0s-mymaps.googleusercontent.com/untrusted/hostedimage/sp540u1gdhv7u5v9na7627phvo/d1gactu51dej3ja6jm421qqh44/1686819488250/xUcpN3FudnuQYrEAf25SWSdkT0JYD12L/17346896698994278261/5ACtvi-FekzQoUvB4HOSdHxFpv8pj5voAup_7edUDHIJrL5fGBY3bEoyUbujTXGK7ipDxeWct93rt_e469F-mBpokF9Sd6lAwm5SWUIizp4fsvXGc6OvQZ5bHJHbgJa1hXeJKWB62EoxAe8et5z_pX9YjrhHjSUYiYsIEFd_5DdpmUrJlU1oYXLDqLn2CwWBi?session=0&fife]]></value>
                    </Data>
                </ExtendedData>
                <Point>
                    <coordinates>
                        2.15117459999999,41.3910298,0
                    </coordinates>
                </Point>
            </Placemark>
            <Placemark>
                <name>7.5 Sa Barra Begur</name>
                <description>
                    <![CDATA
                    <br>
                    <br>Preu: 6,5. Quantitat: 7. Patates: 7. Salsa: 8. Nota final: 7.5. Patata de gust excel.ent pero no
                    fregida, una llastima. Ajonesa suau i vermella picant notables, pero honestament...ves al bandarra
                    <br>Les recomanaries?: no<br>Imprescindibles?: no.<br>DATA: 21/05/2021]]>
                </description>
                <styleUrl>#icon-503-62AF44</styleUrl>
                <ExtendedData>
                    <Data name="gx_media_links">
                        <value>
                            <![CDATA[https://doc-00-0s-mymaps.googleusercontent.com/untrusted/hostedimage/sp540u1gdhv7u5v9na7627phvo/571qjn2iuugcetq9okd4oacb5g/1686819488250/xUcpN3FudnuQYrEAf25SWSdkT0JYD12L/17346896698994278261/5ACtvi-H5itZChBPxG79Y8MHjeydPL0An_9RUYIHez0_TOEZB5jONtqQEQaBR7guIfLDk23Rsv8aRnmYUcnVdqi1StrXATEhB2z-iqc4EVdQM5SYMVl_Chl32bFFXCA9b3NTenHYm_Npgqnll9WLa9e7mvgkylD23DP7g9xHhK-hV6O4fifYos_5aUKnBG9SO?session=0&fife]]></value>
                    </Data>
                </ExtendedData>
                <Point>
                    <coordinates>
                        3.20695,41.9546195,0
                    </coordinates>
                </Point>
            </Placemark>
            <Placemark>
                <name>7.5. La Rovira</name>
                <description>
                    <![CDATA]]>
                </description>
                <styleUrl>#icon-503-62AF44</styleUrl>
                <ExtendedData>
                    <Data name="gx_media_links">
                        <value>
                            <![CDATA[https://doc-0c-0s-mymaps.googleusercontent.com/untrusted/hostedimage/sp540u1gdhv7u5v9na7627phvo/13i0dtoi839dg3ptdhodroo0ug/1686819488250/xUcpN3FudnuQYrEAf25SWSdkT0JYD12L/17346896698994278261/5ACtvi-GCKbFZNZGe9_bMitHlvGPtprkDVuMF2jBCzrKRUSes-i71wiQDv4Y4xrO0oRUX0ySAAkTuD6AJjinvhrIJ-yMsCVzcR_HkFaW_455yPkaOLS3smZRNxDnbHXRuQ00NYoLZaRZbsepeOMmoT-gTcmGWSzfC2Y3tFJwG3oTH49TnxTRucdzUrWgikjjc?session=0&fife https://doc-00-0s-mymaps.googleusercontent.com/untrusted/hostedimage/sp540u1gdhv7u5v9na7627phvo/02affg153mhv5jiarrekhc6cgk/1686819488250/xUcpN3FudnuQYrEAf25SWSdkT0JYD12L/17346896698994278261/5ACtvi-GQX-vjChHZECSbaXV8sgMwdFcy0rn2UxFQpXC_sdpBY-VQkN-wy81uBtv6aEbAkxsl5J7G6nIm-Bi5bGmJPUbdwPveCzt14GWxwiVWnm4r60pMPvBNWcDG9BJcS81uFjvBIWUb77hybGJp_LvRv5SorZtroccWGFJgk40yK2F4BunjSw1CHLwJrxrR?session=0&fife]]></value>
                    </Data>
                </ExtendedData>
                <Point>
                    <coordinates>
                        2.15809060000004,41.4074993,0
                    </coordinates>
                </Point>
            </Placemark>
            <Placemark>
                <name><![CDATA[7.5. Terra d'Escudella]]></name>
                <description>
                    <![CDATA
                    <br>
                    <br>Preu: 4,50€. Quantitat: 8. Patates: 8. Salsa: 7. Nota final: 7,5. Les patates estan bones pero
                    fredes algunes i calentes les altres! Tres salses: allioli, romesco, brava. Estan bones pero no
                    piquen i tampoc destaquen molt<br>Les recomanaries?: si<br>Imprescindibles?: pseee<br>DATA:
                    27-09-2018]]>
                </description>
                <styleUrl>#icon-503-62AF44</styleUrl>
                <ExtendedData>
                    <Data name="gx_media_links">
                        <value>
                            <![CDATA[https://doc-0g-0s-mymaps.googleusercontent.com/untrusted/hostedimage/sp540u1gdhv7u5v9na7627phvo/e8js9v5apnjrgdf8olukk37jm4/1686819488250/xUcpN3FudnuQYrEAf25SWSdkT0JYD12L/17346896698994278261/5ACtvi-FCrpWVKdIizw2BPhhYZ9_lUg6ft000JP8CmgJ6Lh_9wIinFWfT3o18TXLXO5RwRzvqQtg6P4RPINBemNrQRQ9BL0yX2uEMK6HTup6mDGq4OGQj-Um8-qVGXjJyn_RUCmfb2R-K8TRRlWAFZAhNKfXXUSgsEPmr3TRqqw4VAIvkesc9sRvC5iW9H2Yx?session=0&fife]]></value>
                    </Data>
                </ExtendedData>
                <Point>
                    <coordinates>
                        2.1390864,41.3762669,0
                    </coordinates>
                </Point>
            </Placemark>
            <Placemark>
                <name>7.5. Molina Restaurant</name>
                <description>
                    <![CDATA
                    <br>
                    <br>Preu: . Quantitat: 10. Patates: 9. Salsa: 7. Nota final: 7,5. Les patates estan bones i
                    cruixents. Salsa vermella casera amb punt picant. Salsa blanca ajonesa. La pega: no peguen les
                    salses i mes tomaquet siusplau. Cambrera estupida 😂<br>Les recomanaries?: si<br>Imprescindibles?:
                    no]]>
                </description>
                <styleUrl>#icon-1577-558B2F</styleUrl>
                <ExtendedData>
                    <Data name="gx_media_links">
                        <value>
                            <![CDATA[https://doc-08-0s-mymaps.googleusercontent.com/untrusted/hostedimage/sp540u1gdhv7u5v9na7627phvo/ibde7sfl6m4beb4oqhro2e8esg/1686819488250/xUcpN3FudnuQYrEAf25SWSdkT0JYD12L/17346896698994278261/5ACtvi-ExYZgupppdxSf31cTcgIf25A9LXTcSK45_8y2TU6mKZLqzcoyzzsdWvKB7Tw9_qeXIbeKl1bvd32MtTt1nKzDUssgBzQYIF5r5WyadaiWZrKtQZgz1c38eLnbSfUCnQ46vaO3hlHXDYqDkwBz7C7NxdbA6rhPp1GcwwIthvSn7y0LFHM4mF-UIr4hS?session=0&fife]]></value>
                    </Data>
                </ExtendedData>
                <Point>
                    <coordinates>
                        2.13811329999999,41.4116317,0
                    </coordinates>
                </Point>
            </Placemark>
            <Placemark>
                <name>7.5 BAR Riera Begur</name>
                <description>
                    <![CDATA
                    <br>
                    <br>Preu: 5,30€ . Quantitat: . Patates: 7. Salsa: 8. Nota final: 7,5 Patata insulsa pero ben feta.
                    Blanc d allioli suau i vermella que recorda al mojo picón, resultat correcte sense destacr<br>Les
                    recomanaries?:no<br>Imprescindibles?: no<br>DATA: 23/05/2021]]>
                </description>
                <styleUrl>#icon-503-62AF44</styleUrl>
                <ExtendedData>
                    <Data name="gx_media_links">
                        <value>
                            <![CDATA[https://doc-14-0s-mymaps.googleusercontent.com/untrusted/hostedimage/sp540u1gdhv7u5v9na7627phvo/nne4vb1c1mi0ep0h4dnueiq4v8/1686819488250/xUcpN3FudnuQYrEAf25SWSdkT0JYD12L/17346896698994278261/5ACtvi-EoL7cRPYoc2rRo_hNsEsugkzlAD-S6Fs5Q2eT1OXkwHjw4b5AouP1dkZsHF_3zzm5HizWsWLVknFRR-eK1Y1NuZjqZ2gWg8sAosB5t52hbTygoXGzGbFdXKPNjuD8yfOkbc55X5kfvNUQUS8fTd722KqdrsIkOpLno9OW9_ly7aXicULKaRfJepyw7?session=0&fife]]></value>
                    </Data>
                </ExtendedData>
                <Point>
                    <coordinates>
                        3.21098,41.97184,0
                    </coordinates>
                </Point>
            </Placemark>
            <Placemark>
                <name>7.5. Ølgod</name>
                <description>
                    <![CDATA
                    <br>
                    <br>Preu: 3,95. Quantitat: 7. Patates: 8. Salsa: 7. Nota final: 7,5. Patata ben fregida pero sense
                    gust. Salsa blanca suau, vermella molt dolça. Conjunt global be pero no destaca<br>Les
                    recomanaries?: no<br>Imprescindibles?: no<br>DATA: 14/02/2019
                    <br>
                    <br>dll-dg: 12:00–2:00<br>bravasbcn]]>
                </description>
                <styleUrl>#icon-503-62AF44</styleUrl>
                <ExtendedData>
                    <Data name="gx_media_links">
                        <value>
                            <![CDATA[https://doc-08-0s-mymaps.googleusercontent.com/untrusted/hostedimage/sp540u1gdhv7u5v9na7627phvo/qve4ljenstotnrvv5s4vt2srr0/1686819488250/xUcpN3FudnuQYrEAf25SWSdkT0JYD12L/17346896698994278261/5ACtvi-Eq_13fBE-LolzVsnFjQDG2gv8w-plcvGBq3-FmAiuk1lTiol2N7Ho_xX-8jbC04Z8kL3PnMdoxVXgPbpGHbmGuyPdW-nBvpOI5CMgXBI6oSwc8qcoqp4McZxeVZPyUGNA03Q6fSzARRaMSFKqfIG9PZ68_kvzr2pB67m3CMG2BNnz0aHb60K3tTkFH?session=0&fife]]></value>
                    </Data>
                </ExtendedData>
                <Point>
                    <coordinates>
                        2.16918029999999,41.3801451,0
                    </coordinates>
                </Point>
            </Placemark>
            <Placemark>
                <name><![CDATA[7.5. Lexi's. T DG]]></name>
                <description>
                    <![CDATA
                    <br>
                    <br>Carrer d'Aribau, 38. Preu: 4,75€. Quantitat: 9. Patates: 9,5. Salsa: 6,5. Nota final: 7,5. All i
                    oli amb oli picant, qe no pica gaire. Massa sal gorda negre
                    <br>
                    <br>Dl-Dx: 08:30-00:00<br>Dj: 08:30-02:30<br>Dv: 08:30-03:00<br>Ds: 09:30-03:0]]>
                </description>
                <styleUrl>#icon-503-62AF44</styleUrl>
                <ExtendedData>
                    <Data name="gx_media_links">
                        <value>
                            <![CDATA[https://doc-0g-0s-mymaps.googleusercontent.com/untrusted/hostedimage/sp540u1gdhv7u5v9na7627phvo/m8ts7fh4d8k268teaatau6np4c/1686819488250/xUcpN3FudnuQYrEAf25SWSdkT0JYD12L/17346896698994278261/5ACtvi-E8iriArwnG3hlvm6DwrJKDWvASnoE_s83zLgmouqBofgtuXEhKoiCrAZGHHB0A2ucvoRq4z4js5g0fTUfLuWKdoDYmAHSCB3zAtwWwAG2M3h9x94OnoA_gE6ffxNEPIAQa5LVAuHmWgHemJcB6nIxJDPvxuxdjR43o6KyQR_vMsJT8b7mVtWDEDrIk?session=0&fife]]></value>
                    </Data>
                </ExtendedData>
                <Point>
                    <coordinates>
                        2.16069820000007,41.3875659,0
                    </coordinates>
                </Point>
            </Placemark>
            <Placemark>
                <name>7. Bodega Pàdua</name>
                <description>
                    <![CDATA
                    <br>
                    <br>Preu: 4,60. Quantitat: 9. Patates: 8. Salsa: 6. Nota final: 7. Les patates molt bones, tendres o
                    sabroses. Les salses son cassolanes pero els hi falta un punch, sobretot picant.<br>Les
                    recomanaries?: si<br>Imprescindibles?: no<br>DATA: 01/02/2023]]>
                </description>
                <styleUrl>#icon-503-62AF44</styleUrl>
                <ExtendedData>
                    <Data name="gx_media_links">
                        <value>
                            <![CDATA[https://doc-08-0s-mymaps.googleusercontent.com/untrusted/hostedimage/sp540u1gdhv7u5v9na7627phvo/6o0birlkbkbniufqe6ogbqg7pk/1686819488250/xUcpN3FudnuQYrEAf25SWSdkT0JYD12L/17346896698994278261/5ACtvi-Ei7QUUpKKrXXLZCuUkghZpLM6vG_PGtr7VVec9kNmqk3oNZ-uXDHmojsRlDZZGuhij3MdO0JQjYzx8YhtyT09p66QpVyB7zeZwyVo8JRx8kT7bHY22fSFmbcDhg4R6rYESbQoJ3Y0V6PLChhss4pavHaxwSy574wYE4OKMFGaX37vHXxV4dpQFAuS1?session=0&fife]]></value>
                    </Data>
                </ExtendedData>
                <Point>
                    <coordinates>
                        2.1439119,41.4044141,0
                    </coordinates>
                </Point>
            </Placemark>
            <Placemark>
                <name>7. Bar Bogatell</name>
                <description>
                    <![CDATA
                    <br>
                    <br>Preu: 4,5€. Quantitat: 10. Patates: 8. Salsa: 6. Nota final: 7. Un munt de patates ben
                    fregidetes. Crec qe amb l’oli de fa mil fregides, pero la salsa (molt especiada) ho dissimula. La
                    salsa es picantona amb toc tailandes qe aniria super be amb un curry, pero potser no tant amb unes
                    braves…<br>Les recomanaries?: no<br>Imprescindibles?: no<br>DATA: 13/07/2022]]>
                </description>
                <styleUrl>#icon-503-62AF44</styleUrl>
                <ExtendedData>
                    <Data name="gx_media_links">
                        <value>
                            <![CDATA[https://doc-0s-0s-mymaps.googleusercontent.com/untrusted/hostedimage/sp540u1gdhv7u5v9na7627phvo/4gufda6ldnjcll7n425njq5va8/1686819488250/xUcpN3FudnuQYrEAf25SWSdkT0JYD12L/17346896698994278261/5ACtvi-Gv-NFJ8VpPb_fI53w028geqNJgZf5AfeVGv0GqvMuBXLeA1lIcAzP1BXv23z1sZCMxxwZ2CWa51Dwhki3OnKfYZudy8cMklrHdQ49xBkj25kvgvXj-c5Vq2UVKGDN-2Q1lfrCVWl0tw4ncOLcpiddrx_uv_bmpfuTgd1gUHcluQ8SzzDYY05Tl-cPW?session=0&fife]]></value>
                    </Data>
                </ExtendedData>
                <Point>
                    <coordinates>
                        2.2034755,41.3947445,0
                    </coordinates>
                </Point>
            </Placemark>
            <Placemark>
                <name><![CDATA[7. Croq & Roll Croqueteria]]></name>
                <description>
                    <![CDATA
                    <br>
                    <br>Preu: 5.25. Quantitat: 8. Patates: 9. Salsa: 5. Nota final: 7. Patata molt ben fregida
                    desgracida amb una salsa mediocre que te bones idees mal executades<br>Les recomanaries?: no<br>
                    Imprescindibles?: no<br>DATA: 02/06/023
                    <br>
                    <br>DLL-DX_ 18:00–23:30<br>DJ-DG: 12:00–23:30
                    <br>
                    <br>Realfoodiepei]]>
                </description>
                <styleUrl>#icon-503-62AF44</styleUrl>
                <ExtendedData>
                    <Data name="gx_media_links">
                        <value>
                            <![CDATA[https://doc-14-0s-mymaps.googleusercontent.com/untrusted/hostedimage/sp540u1gdhv7u5v9na7627phvo/h6nslt96ham3q6el68759o005c/1686819488250/xUcpN3FudnuQYrEAf25SWSdkT0JYD12L/17346896698994278261/5ACtvi-G7Nc0gC_QNQBfCPcwG8TnEZVHZ9O1zRBu-gFI-vADjQG0OhEEUh_SSMrHEnRpHM_JrXR1_QTFJ6h6fdIOM36M-7WE9FPlVg8E3s6A32V7W1pPGQU1Eo0aSIJmVwBfe_4ZDDI6PHC7uZ-Bg6y40Elv2AGHGblBfkfWyJCSORlF2jkddJ1oBW7weWath?session=0&fife]]></value>
                    </Data>
                </ExtendedData>
                <Point>
                    <coordinates>
                        2.1616086,41.4038296,0
                    </coordinates>
                </Point>
            </Placemark>
            <Placemark>
                <name>7. Akelarre</name>
                <description>
                    <![CDATA
                    <br>
                    <br>Preu: 3,90. Quantitat: 9. Patates: 7. Salsa: 7. Nota final: 7. Patates normaletes, ben
                    fregidetes pero potser un pel crues. Salses casolanes pero no destaquen per la originalitat<br>Les
                    recomanaries?: no<br>Imprescindibles?: no<br>DATA: 04/03/2022]]>
                </description>
                <styleUrl>#icon-503-62AF44</styleUrl>
                <ExtendedData>
                    <Data name="gx_media_links">
                        <value>
                            <![CDATA[https://doc-08-0s-mymaps.googleusercontent.com/untrusted/hostedimage/sp540u1gdhv7u5v9na7627phvo/7n1e5i3b0cpbdtgvpr91d0a9j4/1686819488250/xUcpN3FudnuQYrEAf25SWSdkT0JYD12L/17346896698994278261/5ACtvi-FSrwrz3ob0xy2tabn8cVSDLf27v5ZNS5dQrzezOx3s8xZUIAGJdYPGO84htTrkFc12NrjvH5oqUZxo_poE9g7HbhRgMa-RMc3s7uzriBljuwcqEwXFHEmXu1qfXn3Ww-RI4E9jLLnDQWo8EpRemJpaBRAK3OI3yK0nW2CZBHPHxxenFfy6EUYQkZHo?session=0&fife]]></value>
                    </Data>
                </ExtendedData>
                <Point>
                    <coordinates>
                        2.0676278,41.4788159,0
                    </coordinates>
                </Point>
            </Placemark>
            <Placemark>
                <name>7. Bar centro. T DS I DG</name>
                <description>
                    <![CDATA]]>
                </description>
                <styleUrl>#icon-503-62AF44</styleUrl>
                <ExtendedData>
                    <Data name="gx_media_links">
                        <value>
                            <![CDATA[https://doc-10-0s-mymaps.googleusercontent.com/untrusted/hostedimage/sp540u1gdhv7u5v9na7627phvo/iqulcd7os04iou6bn1e6s9u0b0/1686819488250/xUcpN3FudnuQYrEAf25SWSdkT0JYD12L/17346896698994278261/5ACtvi-G6M0u2B9nSZvYS0rB636pfftSu70Q2F-n4DvUpix7N0qrTXWEbhoDC2arDkAsBl7CrhF0v9j8P2qRYJSr6N4cZCXL34KnX4oYWo7vUA0CQ-KMRFYF3AYY90mp43EBDNSJr4iaFvm3mS_kXEdoNz6VSOaUS0i5acUrysf7CMQHOVed7-PT4G6nmxd0K?session=0&fife https://doc-04-0s-mymaps.googleusercontent.com/untrusted/hostedimage/sp540u1gdhv7u5v9na7627phvo/u485cmoe4fp9h8glrfq6jltafs/1686819488250/xUcpN3FudnuQYrEAf25SWSdkT0JYD12L/17346896698994278261/5ACtvi-EG7MkpBTyY5q914Ty6IFE439cTwuKvhL4mTt6nHgc160k7RNF-YXjpKxKhvNbsCSZNeF35wGE70nTykfDbnwTdt5Xh1866znTzym47LfggJ6yOGCT6eNTL9TkP9WKsv_v_1wqPf0gqe8Jnfi4iIeY25CWMf1pQhay9OwXbWxAZXiV9hohX8nxsYN8B?session=0&fife]]></value>
                    </Data>
                </ExtendedData>
                <Point>
                    <coordinates>
                        2.17522989999998,41.3929415,0
                    </coordinates>
                </Point>
            </Placemark>
            <Placemark>
                <name>7. La bodegueta de Gràcia. T DLL I DG TARDA</name>
                <description>
                    <![CDATA]]>
                </description>
                <styleUrl>#icon-503-62AF44</styleUrl>
                <ExtendedData>
                    <Data name="gx_media_links">
                        <value>
                            <![CDATA[https://doc-00-0s-mymaps.googleusercontent.com/untrusted/hostedimage/sp540u1gdhv7u5v9na7627phvo/r7i7n70fq4f1qdfgsf74qb4nso/1686819488250/xUcpN3FudnuQYrEAf25SWSdkT0JYD12L/17346896698994278261/5ACtvi-EEZa__n3VOuOdV4OXtHjZuX5iS__tagfE2kJCxNVvm3Jd7910vBgoAUYxYvBuE6tiHq9fvlQYG6QZT7_CROZvyODbZoAH_drKMZ9_r4wcbzrqkF0Rt32EcixIQhCYKYPYHHSY8pTwI53CMhndg7YcNAO8Rami2coCtjTd2CPxvyQOo9eKCxNI08d4r?session=0&fife https://doc-08-0s-mymaps.googleusercontent.com/untrusted/hostedimage/sp540u1gdhv7u5v9na7627phvo/65tluneqc7niepmo3def916r5o/1686819488250/xUcpN3FudnuQYrEAf25SWSdkT0JYD12L/17346896698994278261/5ACtvi-EVDOZHwgY-fcbNY22xHmHUBCtCX5Re0INfKpRgSY05P-MmFE9vwuKnmJTbMdKisfvLznhznJ-ceBficP28QMEmjbKIuIzRbcEKTGXklp5ENQ4LMbWodoRpy7wZj6N7ULeV2AZzXrC64-Kg8qU5hLgNtFS3bdwHFQz5dLolpmrobmrvz65zJv2jJ7gR?session=0&fife]]></value>
                    </Data>
                </ExtendedData>
                <Point>
                    <coordinates>
                        2.16307689999996,41.4073359,0
                    </coordinates>
                </Point>
            </Placemark>
            <Placemark>
                <name>7. Mirando al Mar</name>
                <description>
                    <![CDATA
                    <br>
                    <br>Preu: 7€. Quantitat: 8. Patates: 7. Salsa: 7. Nota final: 7. Bastant noslet tot el conjunt. I
                    les patates fregides be pero normaletes<br>Les recomanaries?: no<br>Imprescindibles?: no<br>DATA:
                    2/1/2022
                    <br>
                    <br>Dl-dg: 12:00 a 0:00]]>
                </description>
                <styleUrl>#icon-1577-558B2F</styleUrl>
                <ExtendedData>
                    <Data name="gx_media_links">
                        <value>
                            <![CDATA[https://doc-08-0s-mymaps.googleusercontent.com/untrusted/hostedimage/sp540u1gdhv7u5v9na7627phvo/i7gl6nbkaskf0ccdrt18pq98pk/1686819488250/xUcpN3FudnuQYrEAf25SWSdkT0JYD12L/17346896698994278261/5ACtvi-FxXCVQ0nP7qgPpbYqEBHbNFWhHh3NPcxmgdfx29T7uAocO_THbbyfTSEQ9GbyPF4zO18edaxbNS1UH7HBDJj8w5ACDkxuiA928R5oBfgvTophOY5vpFK5yzE-IDosQXooH6-DtnBcVp2z1mAU6neViND__Jo_z2d0E2cfX7SMZnDgTFFMT0vCahJbt?session=0&fife]]></value>
                    </Data>
                </ExtendedData>
                <Point>
                    <coordinates>
                        2.1828498,41.3751348,0
                    </coordinates>
                </Point>
            </Placemark>
            <Placemark>
                <name>7. La Xula Taperia. T DG TARDA</name>
                <description>
                    <![CDATA
                    <br>
                    <br>Preu: 4€?. Quantitat: 8. Patates: 7. Salsa: 7. Nota final: 7. Patates com al caliu, tenen bon
                    gust pero. La salsa es nota que es cassolana pero bastant sosso, el toni diu que piquen, i si, pero
                    no te un gust molt definit.<br>Les recomanaries?: no<br>Imprescindibles?: no<br>DATA: 05-03-2020
                    <br>
                    <br>dll 17:00–0:00<br>dm-dv 13:00–0:00<br>dss 12:00–2:00<br>dg 12:00–18:00
                    <br>
                    <br>bravasBCN]]>
                </description>
                <styleUrl>#icon-503-62AF44</styleUrl>
                <ExtendedData>
                    <Data name="gx_media_links">
                        <value>
                            <![CDATA[https://doc-04-0s-mymaps.googleusercontent.com/untrusted/hostedimage/sp540u1gdhv7u5v9na7627phvo/1sau7t4qfg75up0podkfcpul9k/1686819488250/xUcpN3FudnuQYrEAf25SWSdkT0JYD12L/17346896698994278261/5ACtvi-GAa1Obo2lkMLzg_wMOkqY09K1Vc6Iei_Npgh4YnmfJ_9_IQ6VAM9c62b9H4A8IYiXcF_K4-gJHVg7kGbQNOnIXi3wlzzLAjhoteV8BYSis_YzIYN4Le6nIwL6iQXczcd-IXUOYlmHMDyIx3vvblHV-x8wmyTSMWk51vy9nhDHh5gKwLpEkWnnnTq93?session=0&fife]]></value>
                    </Data>
                </ExtendedData>
                <Point>
                    <coordinates>
                        2.15859,41.402365,0
                    </coordinates>
                </Point>
            </Placemark>
            <Placemark>
                <name>7. La Real Hamburguesería</name>
                <description>
                    <![CDATA
                    <br>
                    <br>Preu: 2,5€ racio. Quantitat: 4. Patates: 7. Salsa: 7. Nota final: 7. Patates confelades ben
                    fetes. La salsa pica pero molt normal.<br>Les recomanaries?: no, vine a fer burgers<br>
                    Imprescindibles?: no<br>DATA: 16/02/2020
                    <br>
                    <br>dll-dg 13:00–16:30, 20:00–23:30
                    <br>
                    <br>bravasbcn]]>
                </description>
                <styleUrl>#icon-1577-558B2F</styleUrl>
                <ExtendedData>
                    <Data name="gx_media_links">
                        <value>
                            <![CDATA[https://doc-0c-0s-mymaps.googleusercontent.com/untrusted/hostedimage/sp540u1gdhv7u5v9na7627phvo/qo4egi2q332jorms46h5uodmno/1686819488250/xUcpN3FudnuQYrEAf25SWSdkT0JYD12L/17346896698994278261/5ACtvi-HxfkmfvcPWRg-UUTjtNPWQSfpyroquYfBMRqh-PrfdfDbQGZD2gQnDvsA6qblMfQ6PjCYpBqESqEolc3LUksdAxQoMSx-xGc23qSIERcTFHU3CPw8kGg0sqRzspjLUZ6pKIPcohLfVNjQavcqmT5YW3ZwG7Kudo480OTjVQy7kaNMVJX8pYPY5k-1y?session=0&fife]]></value>
                    </Data>
                </ExtendedData>
                <Point>
                    <coordinates>
                        2.16654399999993,41.3952672,0
                    </coordinates>
                </Point>
            </Placemark>
            <Placemark>
                <name><![CDATA[7. Elsa & Fred]]></name>
                <description>
                    <![CDATA]]>
                </description>
                <styleUrl>#icon-503-62AF44</styleUrl>
                <ExtendedData>
                    <Data name="gx_media_links">
                        <value>
                            <![CDATA[https://doc-00-0s-mymaps.googleusercontent.com/untrusted/hostedimage/sp540u1gdhv7u5v9na7627phvo/grmnv0mmeute2kpmooupqohu5s/1686819488250/xUcpN3FudnuQYrEAf25SWSdkT0JYD12L/17346896698994278261/5ACtvi-G-Cg3hg_nGoMu5NCAjV7HiaGKN6bervEwU2QutAHBPVAzOitBodWxaw1lCfZGltwS2BEd87iZuGMxcCOOXld9eRxNWUSR_aCfafVJX71x_gIrP28iQaW9Lb2Oki2iql-sHJ5LUvTtU0tqsoTxBRF0PCCa_Ffb7gR4sbawLqRN_0MFAH44nxQ5ZuVDo?session=0&fife https://doc-0o-0s-mymaps.googleusercontent.com/untrusted/hostedimage/sp540u1gdhv7u5v9na7627phvo/akno9ckmgnm31maa7qqj3aa2lo/1686819488250/xUcpN3FudnuQYrEAf25SWSdkT0JYD12L/17346896698994278261/5ACtvi-H_UZy_X6D9vwKd1YPKENuuj2tkIqRBlOgzvqTxyQiF1vgTsD2HHrgC3vl0M8cb44TTwBV0tT8h2aQI-ySgn9Ut10ZsnPvelburD3hGwtkpy1pBnIIOmn9hzNfmPGc2uOLkyzH4NEjNCCzv1Zy_Yq97xd5u8jWOuIQOskPfzC4fhIWOmxx7pCF4mrWH?session=0&fife]]></value>
                    </Data>
                </ExtendedData>
                <Point>
                    <coordinates>
                        2.17986599999995,41.3898463,0
                    </coordinates>
                </Point>
            </Placemark>
            <Placemark>
                <name>7. Pepa Tomate. T DL FINS 20</name>
                <description>
                    <![CDATA]]>
                </description>
                <styleUrl>#icon-503-62AF44</styleUrl>
                <ExtendedData>
                    <Data name="gx_media_links">
                        <value>
                            <![CDATA[https://doc-0c-0s-mymaps.googleusercontent.com/untrusted/hostedimage/sp540u1gdhv7u5v9na7627phvo/0ova0cc6la2rh3qvdgrjqfeal4/1686819488250/xUcpN3FudnuQYrEAf25SWSdkT0JYD12L/17346896698994278261/5ACtvi-FkMcmw08JBZ2XiuQw8Tfm_mWLHmQeM6hIlqWRfzc2ge786atq5cGK1KcEBBv2CNXEv24CRbrn0m4jJRynK7Mi5iVTdsjDuXcUOPJkX05yMI461IQ9-hZM3M1J_HU2EpD5M9wWrbR3xkAYc-5x_wrXqC5OPt8CohogozQQSzII329buhlDtfMqTjfC2?session=0&fife https://lh3.googleusercontent.com/umsh/AKnoyZ1ye9X41vpge9LxMAQe9hpIwIJiJp572x5ceWo-2yOcH4e5j6llO-E8FMbLAtIhAxQYYqqAB7Vuxaf17cH8Dv3w7i3BXTogfXi84iVvOJT1_K9dChR-9e_tntOGHKAYUzxDWdhYecb7XRYwetkAyAGYy3iKeWqd3LLx62cLgrquGmpcFHr35cKp2qyNMRq0B_LM]]></value>
                    </Data>
                </ExtendedData>
                <Point>
                    <coordinates>
                        2.15800709999996,41.4027875,0
                    </coordinates>
                </Point>
            </Placemark>
            <Placemark>
                <name>7. Banna. T DL</name>
                <description>
                    <![CDATA
                    <br>
                    <br>Plaça Revolució de Setembre de 1868, 15
                    <br>
                    <br>13:00-16:00 / 20:00-24:00
                    <br>
                    <br>Preu: . Quantitat: 10. Patates: 6. Salsa: 7. Nota final: 7. Originals. Mayo condimentada + salsa
                    de cacauet una mica picant. Si no tenen mes nota, es pq no estan mes bones, no pq estiguin
                    dolentes]]>
                </description>
                <styleUrl>#icon-503-62AF44</styleUrl>
                <ExtendedData>
                    <Data name="gx_media_links">
                        <value>
                            <![CDATA[https://doc-10-0s-mymaps.googleusercontent.com/untrusted/hostedimage/sp540u1gdhv7u5v9na7627phvo/iot4u3no1ouqcfs2jkq30ia0mc/1686819488250/xUcpN3FudnuQYrEAf25SWSdkT0JYD12L/17346896698994278261/5ACtvi-HP90x6xhZKh3skXwlfUza6_oh2wwWrjgTrwo9gKg9Pglp9AhMjBj3nqUsYMc1ed5tWM9HbgcnYaBW-G5nkjMJBXZb6PjggNrQXV_q_cLUfBfDgtd-cGFQANKyFEhgFaOJVfZdUbhe4gbgehMKSnAm1KFA9xFIIdL4Ec1murtdFDpG1NmAkwZMc3j9t?session=0&fife]]></value>
                    </Data>
                </ExtendedData>
                <Point>
                    <coordinates>
                        2.15807100000006,41.40252,0
                    </coordinates>
                </Point>
            </Placemark>
            <Placemark>
                <name>7. Entrepanes díaz. T DL</name>
                <description>
                    <![CDATA
                    <br>
                    <br>Carrer de Pau Claris, 189
                    <br>
                    <br>Preu: 5€. Quantitat: 5, pel preu. Patates: 6. Salsa: 7. Nota final: 7. Patates poc convincents
                    pel que fa la textura. El conjunt esta bo. Allioli suau, tamquet poc picant, cibulet i comí
                    <br>
                    <br>Dt-Ds: 11:00-00:00<br>Dg: 11:30-18:00]]>
                </description>
                <styleUrl>#icon-503-62AF44</styleUrl>
                <ExtendedData>
                    <Data name="gx_media_links">
                        <value>
                            <![CDATA[https://doc-0s-0s-mymaps.googleusercontent.com/untrusted/hostedimage/sp540u1gdhv7u5v9na7627phvo/b1luj7c4c2v0d8rn7h7af1v0r8/1686819488250/xUcpN3FudnuQYrEAf25SWSdkT0JYD12L/17346896698994278261/5ACtvi-HFThQByI05EfURiKpu8o_ullVo2g86Vdn2_wdUmxG3KK7bFu4L5GXYGoquiGJfkjZOKMYGWZB9Sxw3GL2WH0r9LIGG7HO4-74GGEYFHj0IfIChAhgWTh3I76Vc06I189BHuD0av7axWcBnb31FSPSPLDddKL9EtrW91srEGT5o_4yL5cITejO3t5xi?session=0&fife]]></value>
                    </Data>
                </ExtendedData>
                <Point>
                    <coordinates>
                        2.16093999999998,41.3972662,0
                    </coordinates>
                </Point>
            </Placemark>
            <Placemark>
                <name>7. La Cigale</name>
                <description>
                    <![CDATA
                    <br>
                    <br>Preu: 6,50. Quantitat: 4. Patates: 7. Salsa: 7. Nota final: 7. La patata esta ben feta pero la
                    varietat no es la que toca per fer unes braves. La salsa es com avinagrada, ens recorda a
                    curtywurst, una mescla extranya amb un toc picant que esta be<br>Les recomanaries?: no<br>
                    Imprescindibles?: no
                    <br>
                    <br>DATA: 24/09/2019]]>
                </description>
                <styleUrl>#icon-503-62AF44</styleUrl>
                <ExtendedData>
                    <Data name="gx_media_links">
                        <value>
                            <![CDATA[https://doc-04-0s-mymaps.googleusercontent.com/untrusted/hostedimage/sp540u1gdhv7u5v9na7627phvo/qpgc9qm6g85q18am14cike5p8k/1686819488250/xUcpN3FudnuQYrEAf25SWSdkT0JYD12L/17346896698994278261/5ACtvi-EKGXSo0S8iqK4Hukwyzie18FcA7ybC87EI8pqMO2nh56DetfW-t7upUIf2BykNd2aXcOj8BVgozDWGClhI49GRXtEFn51gVuqjShUXHs2VGTYhJvVf7xQH0p9Kz6xUIDKGkz6Boa8GmzdjrU-TQZoXna1CqHDlX-QAT-8TzbNIc12ge3ujJ7BGWj98?session=0&fife]]></value>
                    </Data>
                </ExtendedData>
                <Point>
                    <coordinates>
                        2.16203840000003,41.4018848,0
                    </coordinates>
                </Point>
            </Placemark>
            <Placemark>
                <name>7. Cafe Pages</name>
                <description>
                    <![CDATA
                    <br>
                    <br>Preu: 4,5€. Quantitat: 10. Patates: 6. Salsa: 7. Nota final: 7. Estan bones pero la salsa
                    sasembla sospitosament a la de pot dels papes. ]]>
                </description>
                <styleUrl>#icon-503-62AF44</styleUrl>
                <ExtendedData>
                    <Data name="gx_media_links">
                        <value>
                            <![CDATA[https://doc-04-0s-mymaps.googleusercontent.com/untrusted/hostedimage/sp540u1gdhv7u5v9na7627phvo/agkvhrhb18rma1g9tm5nq800rk/1686819488250/xUcpN3FudnuQYrEAf25SWSdkT0JYD12L/17346896698994278261/5ACtvi-GOLVWU74L51_2NPgxJgT1hV0AryOlaxP2PuYxAWtscErLx3qM2NwU5Mq0DCTUEPrYdhthgxsN0UUQ0vuUbUCv-PgVmBUZQpoy1AmtY53tb2lT8eyUrzBE9MFAMjCYAorL3hG4eSu9_qgWGQox6-eeOdlVghyzN8bY4AWp6_sBfZhkSSFqbvkoBRjbo?session=0&fife]]></value>
                    </Data>
                </ExtendedData>
                <Point>
                    <coordinates>
                        2.16009800000006,41.3995422,0
                    </coordinates>
                </Point>
            </Placemark>
            <Placemark>
                <name>7. La Llimona</name>
                <description>
                    <![CDATA
                    <br>
                    <br>Preu: 4,70€ . Quantitat: 7. Patates: 7. Salsa: 7. Nota final: 7. Patates al forn amb pell. Salsa
                    blanca: all i oli bastant liquid. Salsa vermella: salsa de tomaquet<br>Les recomanaries?: no<br>
                    Imprescindibles?: no<br>DATA: 27-02-2018
                    <br>
                    <br>Random]]>
                </description>
                <styleUrl>#icon-503-62AF44</styleUrl>
                <ExtendedData>
                    <Data name="gx_media_links">
                        <value>
                            <![CDATA[https://doc-0g-0s-mymaps.googleusercontent.com/untrusted/hostedimage/sp540u1gdhv7u5v9na7627phvo/hbp4avaepbies5soluohcrc9oo/1686819488250/xUcpN3FudnuQYrEAf25SWSdkT0JYD12L/17346896698994278261/5ACtvi-ErdykB0RPtI-THN0lTUyWQB8sRkxcRg_WTxZxqdizuuMrixbs63jfSyfg00BgFzC1n6QxqWcP0WppLEk8v06a4pFk83yMva2hT2uyG-jAD8PI8vqUcebP_D1Im9jfLT1LjsQd6_5MvJpS-gPn6XMgrLJM9RetAAyHQxtrI0zZRk-7AVApiCi_vWgDl?session=0&fife]]></value>
                    </Data>
                </ExtendedData>
                <Point>
                    <coordinates>
                        2.13623400000006,41.3879949,0
                    </coordinates>
                </Point>
            </Placemark>
            <Placemark>
                <name>7. Sanbermut</name>
                <description>
                    <![CDATA
                    <br>
                    <br>Preu: 4,95€. Quantitat: 7. Patates: 8. Salsa: 6. Nota final: 7. La patata esta bastant bona:
                    cruixentona i amb bon gust de patata fregida com cal, aixo si: saladetes. Salsa blanca: allioli per
                    no dir mayonesa, massa suau, suau, suau, su-su-su-suau, suau, suau...! Salsa vermella: sembla
                    pimenton picante lligat amb algun liquid...no trempa!<br>Les recomanaries?: no<br>Imprescindibles?:
                    no<br>DATA: 8/10/2019
                    <br>
                    <br>11:00 - 00:00
                    <br>
                    <br>bravasbcn]]>
                </description>
                <styleUrl>#icon-503-62AF44</styleUrl>
                <ExtendedData>
                    <Data name="gx_media_links">
                        <value>
                            <![CDATA[https://doc-00-0s-mymaps.googleusercontent.com/untrusted/hostedimage/sp540u1gdhv7u5v9na7627phvo/ue6cvekdcsg3nvbi19b16c90qc/1686819488250/xUcpN3FudnuQYrEAf25SWSdkT0JYD12L/17346896698994278261/5ACtvi-GZxNMwdhd41h8ann2fIo6X1YvmuzOWiEtfLjQ3DIsjDL11dIqs7-Uv1_fxscgwFzspf2vJECpl0e4thxLwPVskPShuJzjRCQmA_5xm1R6auZRJfhvNVW3xIQSnIzcEMdlMb-fedPLPlSa7hhfXILHHtSxwYRng2W6OEaHvnlMAx-prIhysTeaTpAw-?session=0&fife]]></value>
                    </Data>
                </ExtendedData>
                <Point>
                    <coordinates>
                        2.13411930000007,41.4033547,0
                    </coordinates>
                </Point>
            </Placemark>
            <Placemark>
                <name>7. Babia</name>
                <description>
                    <![CDATA
                    <br>
                    <br>Carrer dels Sagristans, 9
                    <br>
                    <br>Preu: 3,75€. Quantitat: 8. Patates 6,5, un pel crues. Salsa: 7,5. Nota final: 7. Salses
                    separades de les patates. Salsa vermella pica molt, acompanyada de mayonesa]]>
                </description>
                <styleUrl>#icon-503-62AF44</styleUrl>
                <ExtendedData>
                    <Data name="gx_media_links">
                        <value>
                            <![CDATA[https://doc-0k-0s-mymaps.googleusercontent.com/untrusted/hostedimage/sp540u1gdhv7u5v9na7627phvo/jbasp45021nblgcg57p69o8i9k/1686819488250/xUcpN3FudnuQYrEAf25SWSdkT0JYD12L/17346896698994278261/5ACtvi-Fkg57c3NR79sDxE7NvG-fknYwxcXZfxD1q1amh5NKSjgqmr_d9oz9wBo2vzxYd-hHfmWKrGDbBG8ELTUBBPJAmwVGgL7-6yHe53fbYHbwtp8qg5fRmajwHPvINNoi8mzy_whEJDKIgE64RTc8HLw7C32fYFfOI3jFTqdkioHEfVYaj4Y2_Brr2WtaB?session=0&fife]]></value>
                    </Data>
                </ExtendedData>
                <Point>
                    <coordinates>
                        2.17529569999999,41.3851772,0
                    </coordinates>
                </Point>
            </Placemark>
            <Placemark>
                <name>7. La esquinica. T DL I DG TARDA</name>
                <description>
                    <![CDATA
                    <br>
                    <br>Preu: 4,50€. Quantitat: 7. Patates: 7. Salsa: 8. Nota final: 7. Bar tomas: 6,5. Patates gust
                    molt bo. All i oli potent, pimenton picant bo<br>Les recomanaries?: si no hi ha cua<br>
                    Imprescindibles?: no
                    <br>
                    <br>Passeig Fabra i Puig, 296 (Turó de la Peira). Barcelona.
                    <br>
                    <br>Dt-Ds: 08:00-00:00<br>Dg: 08:00-16:00]]>
                </description>
                <styleUrl>#icon-503-62AF44</styleUrl>
                <ExtendedData>
                    <Data name="gx_media_links">
                        <value>
                            <![CDATA[https://doc-14-0s-mymaps.googleusercontent.com/untrusted/hostedimage/sp540u1gdhv7u5v9na7627phvo/54s3m5d1dsmbvta03rbfu2uuno/1686819488250/xUcpN3FudnuQYrEAf25SWSdkT0JYD12L/17346896698994278261/5ACtvi-Ew7TdbWnKJreVblI-tyrWu_qsBHwQYEpWboXzmEovPa5JvkitSbLvxQuCpvjUU_Zlv3hHNGJWrhpkl27svhqfiX1-ua9l_0F-4JbjwR0u79eNQ3ZErwSpn8W0HlQLohLGsMGd9YlVnfTvSs9my-MkGwFvkg4nfCgnz5JnNEIcSJ5ORHhuGTrW0TtRh?session=0&fife]]></value>
                    </Data>
                </ExtendedData>
                <Point>
                    <coordinates>
                        2.17125099999998,41.430625,0
                    </coordinates>
                </Point>
            </Placemark>
            <Placemark>
                <name>7. Bar Snack 55</name>
                <description>
                    <![CDATA
                    <br>
                    <br>Preu: 3,25€. Quantitat: 9. Patates: 6. Salsa: 7. Nota final: 7. Patates bullides tot i que les
                    han fregit. Correctes pero no passaran a lhistoria]]>
                </description>
                <styleUrl>#icon-503-62AF44</styleUrl>
                <ExtendedData>
                    <Data name="gx_media_links">
                        <value>
                            <![CDATA[https://doc-08-0s-mymaps.googleusercontent.com/untrusted/hostedimage/sp540u1gdhv7u5v9na7627phvo/2j6pkoqur40dlu1s6hgfmsj8u4/1686819488250/xUcpN3FudnuQYrEAf25SWSdkT0JYD12L/17346896698994278261/5ACtvi-Fr6095hSOyWol2X-jGhM3lhVkIIvdoZ5AHyK5I2eaU5clhx3FwLFN4EFyRKyPfPvv2B3VJveYZYSpNSQu-a0na6pjDHmD3QLrBqlARl4b6T4lmLMtzzTcpf2n6Sdvorn5ynX-TTmGwUwHHNxwpkBKT7x793sWJiY-Sv3616Fak3Ra5JqKXvBZZU_Rd?session=0&fife]]></value>
                    </Data>
                </ExtendedData>
                <Point>
                    <coordinates>
                        2.17247739999993,41.3968941,0
                    </coordinates>
                </Point>
            </Placemark>
            <Placemark>
                <name>7. Biercab</name>
                <description>
                    <![CDATA
                    <br>
                    <br>Carrer Muntaner, 55. Nota: 7. Presentacio bona pero no te relacio amb la qualitat. Salsa pica
                    pero escasa. Patata no Molt ben feta]]>
                </description>
                <styleUrl>#icon-503-62AF44</styleUrl>
                <ExtendedData>
                    <Data name="gx_media_links">
                        <value>
                            <![CDATA[https://doc-04-0s-mymaps.googleusercontent.com/untrusted/hostedimage/sp540u1gdhv7u5v9na7627phvo/1e7nj3g3q7l9kbr85a5h9gqkmo/1686819488250/xUcpN3FudnuQYrEAf25SWSdkT0JYD12L/17346896698994278261/5ACtvi-F7Pxbo7cUwTDFZHNwoJowSN0xaqwzuTvQqAqQCzxwtPcrWftiUhLNmhfH69j7peEk462L9sHDLhd4pv3667o9nDvJ3YLqdnQNanc80471xbDFmid4cQfsN6wsRY_0p95FGB_bqKi5cTl3NslG9USMoF2z97F7bP0zc0TiYVkdRB5lj98QL02gQ8_dG?session=0&fife]]></value>
                    </Data>
                </ExtendedData>
                <Point>
                    <coordinates>
                        2.15979259999995,41.3861988,0
                    </coordinates>
                </Point>
            </Placemark>
            <Placemark>
                <name>7. Cafè Flanders</name>
                <description>
                    <![CDATA
                    <br>
                    <br>Preu: 3,95. Quantitat: 7. Patates: 9. Salsa: 5. Nota final: 7. Les patates estan molt bones,
                    igual els falta un toc cruixent. La salsa creiem qe es cassolana, tot i qe podria ser de pot
                    perfectament, ja que es una mayo-brava. Aixo si: tenen un toc picant.<br>Les recomanaries?: no<br>
                    Imprescindibles?: no<br>DATA: 22/11/2019]]>
                </description>
                <styleUrl>#icon-503-62AF44</styleUrl>
                <ExtendedData>
                    <Data name="gx_media_links">
                        <value>
                            <![CDATA[https://doc-14-0s-mymaps.googleusercontent.com/untrusted/hostedimage/sp540u1gdhv7u5v9na7627phvo/sdspf5j76pbdf3hr9adsgldhvk/1686819488250/xUcpN3FudnuQYrEAf25SWSdkT0JYD12L/17346896698994278261/5ACtvi-ExyEn1lkqLzfDh7lDDesYDMJ1G-1AC5a357yVrUAbhUY3P_2wsivCbr7RgrIN3m3aHUMD60-oyd_uMqgMq_j-J-PcEoZ77mm2IBntzW5boes9W_9kwasSjZfXw0pfjUZUzNZ8pLFYHMsDSj1yJmhz5XA3TzCi4O_ZW0zTNNObA8YYrPMiYqHN8XVZG?session=0&fife]]></value>
                    </Data>
                </ExtendedData>
                <Point>
                    <coordinates>
                        2.15844500000003,41.4073405,0
                    </coordinates>
                </Point>
            </Placemark>
            <Placemark>
                <name>7. Bodega Manolo</name>
                <description>
                    <![CDATA
                    <br>
                    <br>Carrer del Torrent de les Flors, 101
                    <br>
                    <br>Dt-Dc: 10:00-17:00<br>Dj-Dv: 10:00-17:00, 21:00-23:00<br>Ds: 12:30-17:00, 21:00-23:00<br>Dg:
                    12:00-15:00
                    <br>
                    <br>Preu: 4,90. Quantitat: 6. Patates: 8. Salsa: 7. Nota final: 7. Les patates estan be, la salsa
                    tambe pero la idea (qe a lallioli li afegeixin tinta) es millor que l'execusio<br>Les recomanaries?:
                    no<br>Imprescindibles?: no]]>
                </description>
                <styleUrl>#icon-503-62AF44</styleUrl>
                <ExtendedData>
                    <Data name="gx_media_links">
                        <value>
                            <![CDATA[https://doc-00-0s-mymaps.googleusercontent.com/untrusted/hostedimage/sp540u1gdhv7u5v9na7627phvo/4trop33no3dotahi0ha66pfup0/1686819488250/xUcpN3FudnuQYrEAf25SWSdkT0JYD12L/17346896698994278261/5ACtvi-EYPtzUbxQuh_X_mX0AZdsWF9nQTu38Z8t5KDfpd5FaPOlkwmr8nVFCxb_XCxZiZIkUGC81_Ob7Vg3u7AAK8_M1q7nA42C4j8w4ut5_us_7rAgtdD19F0995htw8T2xRA0XX0SiWAUtGEzW7lJQDGlnMzfYyRCNLYqf_eCt1s1ES9mxfvXDwvXXSeQz?session=0&fife]]></value>
                    </Data>
                </ExtendedData>
                <Point>
                    <coordinates>
                        2.15829689999998,41.4081145,0
                    </coordinates>
                </Point>
            </Placemark>
            <Placemark>
                <name>7. Terra Bar</name>
                <description>
                    <![CDATA
                    <br>
                    <br>Preu: 5,50€. Quantitat: 8. Patates: 8. Salsa: 6,5. Nota final: 7. Patates petitones al caliu
                    molt bones. Llastima que siguin al caliu. Nomes hi ha una salsa i molt normaleta<br>Les
                    recomanaries?: no<br>Imprescindibles?: no]]>
                </description>
                <styleUrl>#icon-503-62AF44</styleUrl>
                <ExtendedData>
                    <Data name="gx_media_links">
                        <value>
                            <![CDATA[https://doc-00-0s-mymaps.googleusercontent.com/untrusted/hostedimage/sp540u1gdhv7u5v9na7627phvo/9oend4gs0ndvboou7nb9kl0apc/1686819488250/xUcpN3FudnuQYrEAf25SWSdkT0JYD12L/17346896698994278261/5ACtvi-GMr006ktFG-KLzqtEaoqy_ieaoTteXwAOVmYFUFOLRhJTfON-ElLcC1JLGGZK8ZOWEQcXh9eRcbKZC6KRO2cLbJbIJggddY8GqgRufPVlkyy8vPcRwco6rhRNylBSkAtzMZbFi51a6GACBkFUOCiW8cULddgGJv5eAyI2EvpX6X7T04gtoYmYGw5Fi?session=0&fife]]></value>
                    </Data>
                </ExtendedData>
                <Point>
                    <coordinates>
                        2.15694329999997,41.4049306,0
                    </coordinates>
                </Point>
            </Placemark>
            <Placemark>
                <name>7. El mirador de Can Cases</name>
                <description>
                    <![CDATA
                    <br>
                    <br>Preu: . Quantitat: . Patates: 7. Salsa: 7. Nota final: 7. Les patates esta ben feta pero de
                    gust...algo falla. Salsa: all i oli suau amb pimenton picante arrabossant les patates: suficientment
                    bones<br>Les recomanaries?: no<br>Imprescindibles?: no<br>DATA: 23-08-2018]]>
                </description>
                <styleUrl>#icon-503-62AF44</styleUrl>
                <ExtendedData>
                    <Data name="gx_media_links">
                        <value>
                            <![CDATA[https://doc-14-0s-mymaps.googleusercontent.com/untrusted/hostedimage/sp540u1gdhv7u5v9na7627phvo/mvgvqun0nqu7j6jr01quk4tnmo/1686819488250/xUcpN3FudnuQYrEAf25SWSdkT0JYD12L/17346896698994278261/5ACtvi-GIC9Sq_DgzMAZ6sEISaGAEyF7T3QICeo9kvyDd_pJwN50Zs_s_Y_uv90PT-96sUTnya4h0IjA1_WltCrIsKXTsRLtOIWiHQSFwD0Y-R9UtTsJONjHO7IdL6arie4RXfYrERY0nA6NwtVTPd5a6LIG9fyjCAsilVdsOrQMslbLgQs2OamwmHdfCPZaD?session=0&fife]]></value>
                    </Data>
                </ExtendedData>
                <Point>
                    <coordinates>
                        2.09848999999997,41.43446,0
                    </coordinates>
                </Point>
            </Placemark>
            <Placemark>
                <name>7. Le Bouchon</name>
                <description>
                    <![CDATA
                    <br>
                    <br>12:30 a 23:30
                    <br>
                    <br>Preu: 7. Quantitat: 8. Patates: 6,5. Salsa: 7. Nota final: 7. Son cares pel que son (o haurien
                    destar molt mes bones). La patata no ens mata en quan a la qualitat. Les salses tampoc, tot i que no
                    estan dolentes. Simplement, correctes<br>Les recomanaries?: no<br>Imprescindibles?: no]]>
                </description>
                <styleUrl>#icon-503-62AF44</styleUrl>
                <ExtendedData>
                    <Data name="gx_media_links">
                        <value>
                            <![CDATA[https://doc-04-0s-mymaps.googleusercontent.com/untrusted/hostedimage/sp540u1gdhv7u5v9na7627phvo/fl7am3g9l6l7q4qgkl0vqdsm4o/1686819488250/xUcpN3FudnuQYrEAf25SWSdkT0JYD12L/17346896698994278261/5ACtvi-F3wR9qSKMLEG_964D7IWgC-v4E6YadUgfGDpuEZ5sznc1ASinqhq_3ct6XXSW3sFYyS7EMhL_f_0JGWjyzkI-_JzlY75CDtRp519vj26FTPxlLmhvUGAdl0o8ld7u2R177-YEsuTAl24fXCwSbk0p0UmcA8gLAmd4tnFieYLqHVi6grTCn9G-YRIor?session=0&fife]]></value>
                    </Data>
                </ExtendedData>
                <Point>
                    <coordinates>
                        2.17894309999997,41.3825882,0
                    </coordinates>
                </Point>
            </Placemark>
            <Placemark>
                <name>7. Cabo Bar</name>
                <description>
                    <![CDATA
                    <br>
                    <br>Preu: 4,85. Quantitat: 9. Patates: 8. Salsa: 6. Nota final: 7. Les patates estan bones pero
                    reescalfades. Les salses: vermella amb massa curcuma, pesto de cilantro que destaca massa, i una
                    ajonesa massa suau. Tot estrellat millora. Estan bones pero no passan a cap top<br>Les
                    recomanaries?: no<br>Imprescindibles?: no<br>DATA: 08/01/2021]]>
                </description>
                <styleUrl>#icon-503-62AF44</styleUrl>
                <ExtendedData>
                    <Data name="gx_media_links">
                        <value>
                            <![CDATA[https://doc-0c-0s-mymaps.googleusercontent.com/untrusted/hostedimage/sp540u1gdhv7u5v9na7627phvo/jem49c6vdms2n383uil0itg998/1686819488250/xUcpN3FudnuQYrEAf25SWSdkT0JYD12L/17346896698994278261/5ACtvi-ENgg_godjDy4bjZ0XkpHl363F-n3t5js3SI_ipV3WWZM3GmYi8PSFssyVmlNrQZNy_h6aHbt7Vk9GWfsqLrIGZNSDJWYNZTT1ZNq1Khe4udcP_HeEBjnBSFh3CTFvQlQqtUOVUc_78T01QdplzKvnm69b2fzTy4gQe1r9tOCKRHp62kOhQuqWimHmm?session=0&fife]]></value>
                    </Data>
                </ExtendedData>
                <Point>
                    <coordinates>
                        2.1852051,41.396357,0
                    </coordinates>
                </Point>
            </Placemark>
            <Placemark>
                <name>7. El Timonel</name>
                <description>
                    <![CDATA
                    <br>
                    <br>Preu: 6€. Quantitat: 4. Patates: 8. Salsa: 6. Nota final: 7. La patata es feta al forn, bona de
                    gust. La salsa no destaca tot i que pica una mica<br>Les recomanaries?: no<br>Imprescindibles?: no
                    <br>DATA: 16-08-2018]]>
                </description>
                <styleUrl>#icon-503-62AF44</styleUrl>
                <ExtendedData>
                    <Data name="gx_media_links">
                        <value>
                            <![CDATA[https://doc-0c-0s-mymaps.googleusercontent.com/untrusted/hostedimage/sp540u1gdhv7u5v9na7627phvo/sgive8nf53prc51lim4s3ltv8k/1686819488250/xUcpN3FudnuQYrEAf25SWSdkT0JYD12L/17346896698994278261/5ACtvi-Hdp3Qfa2lMmHE7DUlDwnCMIBCKJgO8_lEsatJevpFwLLikNHnT4MzsDq1iA0eB0aFTRQmDWCYdQh8jEtJjETAZdoYIplXm9gGTv2_1FVcQtvEZ5elvF04jzAC8wdQJJ3mRD1zBH9fkOeJgGtWDvJkE9Tt97Kp7UxXujDoGcRIPmnEBTFhM6txaIb6u?session=0&fife]]></value>
                    </Data>
                </ExtendedData>
                <Point>
                    <coordinates>
                        2.31387670000004,41.4773603,0
                    </coordinates>
                </Point>
            </Placemark>
            <Placemark>
                <name>7. El Farolillo</name>
                <description>
                    <![CDATA
                    <br>
                    <br>Preu: 4,50. Quantitat: 9. Patates: 8. Salsa: 6. Nota final: 7. Patates amb bona textura pero la
                    patata de gust podria millorar. La salsa no es casolana<br>Les recomanaries?: no<br>
                    Imprescindibles?: no<br>DATA: 10-09-2017]]>
                </description>
                <styleUrl>#icon-503-62AF44</styleUrl>
                <ExtendedData>
                    <Data name="gx_media_links">
                        <value>
                            <![CDATA[https://doc-00-0s-mymaps.googleusercontent.com/untrusted/hostedimage/sp540u1gdhv7u5v9na7627phvo/3ulmb3k915npj0f82k2kbi1rks/1686819488250/xUcpN3FudnuQYrEAf25SWSdkT0JYD12L/17346896698994278261/5ACtvi-HjerUiwOD4RstIlTbM41bC59w3FznTzidjOna_njuiytqfBuDf_-JdcqB75oqgLnuYymfPSIFpxMITTwv0CDTvaUyMPFpOyJE4hIzN6QbYG48c_VPy8Kzp1go1a6qslPgToTzB0HMcQ3TwICtcPKlOCLg2i_e3nGN4VzEc2gIIMZMIF_yTwQZeBLkG?session=0&fife]]></value>
                    </Data>
                </ExtendedData>
                <Point>
                    <coordinates>
                        3.16377360000001,41.9175671,0
                    </coordinates>
                </Point>
            </Placemark>
            <Placemark>
                <name>7. Tastet Ibèric</name>
                <description>
                    <![CDATA
                    <br>
                    <br>reu: . Quantitat: 8. Patates: 8. Salsa: 6. Nota final: 7. Patata ben fregida pero varietat
                    incorrecte. Les salses correctes, tot i que piquen. Simplement correctes<br>Les recomanaries?: no
                    <br>Imprescindibles?: no<br>DATA: 27/01/2019]]>
                </description>
                <styleUrl>#icon-503-62AF44</styleUrl>
                <ExtendedData>
                    <Data name="gx_media_links">
                        <value>
                            <![CDATA[https://doc-0g-0s-mymaps.googleusercontent.com/untrusted/hostedimage/sp540u1gdhv7u5v9na7627phvo/9g86asjv9jptqmbmrb1j20gcq4/1686819488250/xUcpN3FudnuQYrEAf25SWSdkT0JYD12L/17346896698994278261/5ACtvi-GqK3TaQ4owLbcb8YQ5OE50N7SkoNUtS40Bs-7KwivZff7OVjq4XXVifumllGjhsGKYqRkBfddFTOHn3ShZmWJZPq4YZQgmV1a6YSDmmjKZO6kjFHFkpEfm1nbHaLlx14_GkhviBD9zAJUnq7Ny-aTSS4co7DJxpvEZPmiWEzQlgehlWkbKZ51NZ8Rn?session=0&fife]]></value>
                    </Data>
                </ExtendedData>
                <Point>
                    <coordinates>
                        1.92682089999994,42.4332191,0
                    </coordinates>
                </Point>
            </Placemark>
            <Placemark>
                <name>7. Casa Mariol. T DG TARDA</name>
                <description>
                    <![CDATA
                    <br>
                    <br>Preu: 3,50€. Quantitat: 8. Patates: 8. Salsa: 6. Nota final: 7. Les patates son originals, molt
                    especiades pero zero cruixents. La salsa vermella esta bona pero es extranya amb el regust a
                    taronja. La blanca: ajonesa prou bona.<br>Les recomanaries?: no, per hem de provar el local<br>
                    Imprescindibles?: no<br>DATA: 25-10-2018
                    <br>
                    <br>DLL-DSS: 10:00–15:00, 17:00–22:00<br>DG: 11:00–15:00
                    <br>
                    <br>bravasBCN]]>
                </description>
                <styleUrl>#icon-503-62AF44</styleUrl>
                <ExtendedData>
                    <Data name="gx_media_links">
                        <value>
                            <![CDATA[https://doc-0k-0s-mymaps.googleusercontent.com/untrusted/hostedimage/sp540u1gdhv7u5v9na7627phvo/4n25eugqeojrmn38k0ecpj6bb8/1686819488250/xUcpN3FudnuQYrEAf25SWSdkT0JYD12L/17346896698994278261/5ACtvi-HWqmvrxcZzzcLKqfqSq6loU8Et2wxtX0SdP55KDHWGOxo6p4nehoLoeAKJWu65bUwDFrjGTaLsiCNQT4wNSJzv90m3Uk42DRMj6Sxay05uTKSgOxZLbMsmzCDZtvBGTzLQ46tEO8PFWNCw2NNro2XaKCpFaeAupIWYIk-zd4dTl4UEg5l-8xf0O0OR?session=0&fife]]></value>
                    </Data>
                </ExtendedData>
                <Point>
                    <coordinates>
                        2.17590930000006,41.4071487,0
                    </coordinates>
                </Point>
            </Placemark>
            <Placemark>
                <name>7. Taberna San Pascual</name>
                <description>
                    <![CDATA
                    <br>
                    <br>Preu: 4,50€. Quantitat: 7. Patates: 8. Salsa: 6. Nota final: 7. Patata bona tot i la mala pinta,
                    ben fregida pero falta cruixentor. Allioli blanc bo i vermella regulera amb especies. Absència total
                    de picantor<br>Les recomanaries?: no<br>Imprescindibles?: no<br>DATA: 24/10/2020]]>
                </description>
                <styleUrl>#icon-503-62AF44</styleUrl>
                <ExtendedData>
                    <Data name="gx_media_links">
                        <value>
                            <![CDATA[https://doc-0k-0s-mymaps.googleusercontent.com/untrusted/hostedimage/sp540u1gdhv7u5v9na7627phvo/7ca785mlqhr781jb8innerm2ek/1686819488250/xUcpN3FudnuQYrEAf25SWSdkT0JYD12L/17346896698994278261/5ACtvi-H0YIQaqY45SjYJpJ0Xu_OddmI8OL5Kg1Esf5qmrLISo9QLFUPBY1KSs8kFc5WTae4yvTg47QEG8WCeQJbFF75QXKmyDFfihojss1lnmj7RXz9wm_njbDwF4z6iTM15_Zq7_5Ztiad7GVB7LQUbveLdcCyWI4flAEbzZ5IkR77-DV4mfFoN8xRhGJZR4EF2a6P3EVEqPq90H3X9uuw5v-wWlyXL6ISFP-G6?session=0&fife]]></value>
                    </Data>
                </ExtendedData>
                <Point>
                    <coordinates>
                        -0.4829089,38.3459519,0
                    </coordinates>
                </Point>
            </Placemark>
            <Placemark>
                <name>7. El Jardí</name>
                <description>
                    <![CDATA
                    <br>
                    <br>Preu: 5,5€. Quantitat: 6. Patates: 7. Salsa: 7. Nota final: 7. Patates una mica sequetes tot i
                    que cruixents. Salsa normaleta pero pica! Conjunt be pero no destaquen en res<br>Les recomanaries?:
                    no<br>Imprescindibles?: no<br>DATA: 25/04/2012]]>
                </description>
                <styleUrl>#icon-503-62AF44</styleUrl>
                <ExtendedData>
                    <Data name="gx_media_links">
                        <value>
                            <![CDATA[https://doc-04-0s-mymaps.googleusercontent.com/untrusted/hostedimage/sp540u1gdhv7u5v9na7627phvo/la09cgq12bfefdf82lhnd6sll8/1686819488250/xUcpN3FudnuQYrEAf25SWSdkT0JYD12L/17346896698994278261/5ACtvi-HlohKoJUXAeSqqtDFpoe4oVLpXoUaI3vLATaGs8GCgxs1T5kuI8AGiVipwc5mPtAsHPSLA52o032PbQj6Dj_UGS-HN7pHQApNZY2oUlSadPMajfUGG716Ky55j3uBP3NYr2FG8P1bPWqouKkD8SZjIHL1wuRcFRPr1_hGIiBqPmoTNLGvqq9hhhmwP?session=0&fife]]></value>
                    </Data>
                </ExtendedData>
                <Point>
                    <coordinates>
                        2.1703194,41.3805201,0
                    </coordinates>
                </Point>
            </Placemark>
            <Placemark>
                <name>6.5. Restaurant la marina</name>
                <description>
                    <![CDATA
                    <br>
                    <br>Preu: . Quantitat: 8. Patates: 7. Salsa: 6. Nota final: 6,5. Patates normales fregides amb tot
                    el pesxadito frito del restaurant. Salsa vermella = currywurst. Salsa blanca = allioli molt suau<br>
                    Les recomanaries?: no<br>Imprescindibles?: no, la resta de coses del restaurant ens van encantar.
                    <br>DATA: 07/05/2023]]>
                </description>
                <styleUrl>#icon-1577-558B2F</styleUrl>
                <ExtendedData>
                    <Data name="gx_media_links">
                        <value>
                            <![CDATA[https://doc-0g-0s-mymaps.googleusercontent.com/untrusted/hostedimage/sp540u1gdhv7u5v9na7627phvo/pp2ms10qc9l8c7hk23ld68nams/1686819488250/xUcpN3FudnuQYrEAf25SWSdkT0JYD12L/17346896698994278261/5ACtvi-GdjRVJlFR_NWnsMYBexrwJ92xK3oSnpGiR6pOXzHThTLGCffETrImUHRY0-kKA-NLm72i9CrUykzR5PREKWRk5Fo1oSgetSBtVf6L3GqzeerVuMhxa4BQHJ98oFsHJ_xOneoQ9qNTJKv7c57w4wBwVaNxXvgBvngbSlKIUITDWWRw0Wv54gSghZ1GDPB35Wt7ZSEVIh5t1kOoQLAmKfUx-BdIYWQR4mbQH?session=0&fife]]></value>
                    </Data>
                </ExtendedData>
                <Point>
                    <coordinates>
                        2.4513593,41.5370628,0
                    </coordinates>
                </Point>
            </Placemark>
            <Placemark>
                <name>6.5. Chez Marius</name>
                <description>
                    <![CDATA
                    <br>
                    <br>Preu: 9€. Quantitat: 7. Patates: 7. Salsa: 6. Nota final: 6,5. Les patates estan bones pero no
                    estan fregides (o molt poc). La salsa vermella pica una mica, pero no mata: son francesos, no saben
                    fer braves.<br>Les recomanaries?: no<br>Imprescindibles?: no<br>DATA: 16/09/2022]]>
                </description>
                <styleUrl>#icon-1577-558B2F</styleUrl>
                <ExtendedData>
                    <Data name="gx_media_links">
                        <value>
                            <![CDATA[https://doc-04-0s-mymaps.googleusercontent.com/untrusted/hostedimage/sp540u1gdhv7u5v9na7627phvo/6pcdujsgpg37040rj76nbp5og0/1686819488250/xUcpN3FudnuQYrEAf25SWSdkT0JYD12L/17346896698994278261/5ACtvi-GxauiiMyWUu6luYOMJ7cvheDE8r4XbrOMl0gtmelKYCXlxoHnPsyINn-Eyhllmh2TtGV2dwhvEv-gGABMKiEntc3NKfTZqn7grPRFnzyqe7YbWdRhLjyMKrRO4mT8ci3mXnNxydjusXXm44L71QS84xWhDWryaCkivxQA3Pscqi7q3UTYCalOYyNpG?session=0&fife]]></value>
                    </Data>
                </ExtendedData>
                <Point>
                    <coordinates>
                        3.0036831,43.1810945,0
                    </coordinates>
                </Point>
            </Placemark>
            <Placemark>
                <name>6.5. Beerivins. T DG</name>
                <description>
                    <![CDATA
                    <br>
                    <br>Preu: . Quantitat: 9. Patates: 6. Salsa: 7. Nota final: 6,5. Les patates normaletetes: no
                    destaquen en qualitat no en fregida. La salsa: allioli potent d’all i una salsa vermella que pica
                    bastant, pero que no esta especialment bona<br>Les recomanaries?: no<br>Imprescindibles?: no<br>
                    DATA: 21/07/2022
                    <br>
                    <br>DLL-DSS 12:30–16:00, 18:30–0:00
                    <br>
                    <br>BravasBCN]]>
                </description>
                <styleUrl>#icon-503-62AF44</styleUrl>
                <ExtendedData>
                    <Data name="gx_media_links">
                        <value>
                            <![CDATA[https://doc-04-0s-mymaps.googleusercontent.com/untrusted/hostedimage/sp540u1gdhv7u5v9na7627phvo/um64sud9lc4vp7tiji082okk3o/1686819488250/xUcpN3FudnuQYrEAf25SWSdkT0JYD12L/17346896698994278261/5ACtvi-Ea9vhYMN4D-Ma_nopJuNrzN8nKwoHzNNc4CCA-jfJ8vgtuz_AN55YNwsOB0NwtQJUQRembMFV8TCxR7Wndwi6NUMSXb2iuJQ6lohINbry4_5HF6V390oIy9Ka4afZFTrBdOG1Sdyh_-LoxMIfV1PhRdagZbzMeWrJqClZ6PSZhHByEFsKJO6ICHIKT?session=0&fife]]></value>
                    </Data>
                </ExtendedData>
                <Point>
                    <coordinates>
                        2.1739153,41.4076537,0
                    </coordinates>
                </Point>
            </Placemark>
            <Placemark>
                <name>6.5. ChichaLimoná. T DL I DG TARDA</name>
                <description>
                    <![CDATA]]>
                </description>
                <styleUrl>#icon-503-62AF44</styleUrl>
                <ExtendedData>
                    <Data name="gx_media_links">
                        <value>
                            <![CDATA[https://doc-04-0s-mymaps.googleusercontent.com/untrusted/hostedimage/sp540u1gdhv7u5v9na7627phvo/ve05m7tl1ah9qoivkl92thfmpg/1686819488250/xUcpN3FudnuQYrEAf25SWSdkT0JYD12L/17346896698994278261/5ACtvi-GPXqyeW_-5H-gU2MHj73ltTzyh1icNelKNkgEZU3ievmftUuyHjRQD3JSght-7s6uPieymaOqTLiILpK6MnoRzvKAYw-n1PJ4eGFA1bwtC-bnjugTk9beGCsOtySTWfhVvNPXeD1jRXHlsMUEITMGuMlazg-ADP11QrcBIHk7SlXX1HVFdnozJ60ky?session=0&fife https://doc-14-0s-mymaps.googleusercontent.com/untrusted/hostedimage/sp540u1gdhv7u5v9na7627phvo/h774a3dhgm098djbarkcgjtb30/1686819488250/xUcpN3FudnuQYrEAf25SWSdkT0JYD12L/17346896698994278261/5ACtvi-Grb8I_yRgOPRBCO-E7CqBI_cdHKCUY6KLfordYAv80Nl5-16ACrq54FWxfg-OQ0Dwg1X1ArgRD4Ri8aY7SMLAXRAXsrv45wfrPfN-7bKi1e6fphKwgEwdv1C63kFDFpJ2YModoxZaBwmyzjJB0yZgH2Oh1D7t90clQTEsXlFp2IzfjwRappW5RnKHs?session=0&fife]]></value>
                    </Data>
                </ExtendedData>
                <Point>
                    <coordinates>
                        2.17261610000003,41.3974326,0
                    </coordinates>
                </Point>
            </Placemark>
            <Placemark>
                <name>6.5. Bar Tomás</name>
                <description><![CDATA[Carrer Major de Sarrià, 49<br>Nota: 6,5]]></description>
                <styleUrl>#icon-503-62AF44</styleUrl>
                <Point>
                    <coordinates>
                        2.12305820000006,41.3975656,0
                    </coordinates>
                </Point>
            </Placemark>
            <Placemark>
                <name><![CDATA[6.5. Palosanto Barcelona Tapas Bar & Restaurant]]></name>
                <description>
                    <![CDATA]]>
                </description>
                <styleUrl>#icon-503-62AF44</styleUrl>
                <ExtendedData>
                    <Data name="gx_media_links">
                        <value>
                            <![CDATA[https://doc-08-0s-mymaps.googleusercontent.com/untrusted/hostedimage/sp540u1gdhv7u5v9na7627phvo/boro9nj873asevacteb933b450/1686819488250/xUcpN3FudnuQYrEAf25SWSdkT0JYD12L/17346896698994278261/5ACtvi-Ea35qu0cgC5lLm40c7D8j7Fzb3aWMALZWgZGvaRKKxs61yjIvhHOw4--stW4Qihzgzb5WJ6h0jiq9ooVppVIn8UROOCU5cgGO7Qu0-jJbBwUYrx18uh9ADUDJudwqbCGqhccod88vkKgJeAz1epnuk6f-sJqgr_ijtNRB30r-OWiRWgHDXDymuj-cB?session=0&fife https://doc-04-0s-mymaps.googleusercontent.com/untrusted/hostedimage/sp540u1gdhv7u5v9na7627phvo/82q4cjqn4o4gom0ujjlhmhlr9c/1686819488250/xUcpN3FudnuQYrEAf25SWSdkT0JYD12L/17346896698994278261/5ACtvi-FoApABV2yaQz6Yzy36weRht1qtYvPka_VhsVoO0jA3Ya2NUeL0KySxH-jVBD15PzVVhZewTQXbiLueb_Kt0f__Bo9clKGviec3fQ9a6RVfA0LJWPBbKhqdN237NYghyCyUZMZE0-7NGzvG370mS4aaKbR6hBgoNCEemtboI5g2NDyF61Hv68bdML1b?session=0&fife https://doc-14-0s-mymaps.googleusercontent.com/untrusted/hostedimage/sp540u1gdhv7u5v9na7627phvo/vf501jepe10v6l8g5uinrlflmk/1686819488250/xUcpN3FudnuQYrEAf25SWSdkT0JYD12L/17346896698994278261/5ACtvi-EKoCE6-voWCGU_fAn4PlBf5sG2enm88W9q_xD0KDDd0pO3MKS3-p30YarQncXzZpGjfAh1hREfR0GvFi5wBDXKPftq_Ze1G6CJPySJV2Ef02Q5_7NAj1cuwLVnRQO60M3CSMGthVkvRmTLnPc4ZY81jZDxm5yPpdqicEPNveQKdDIiA9GKyBXdniV3?session=0&fife]]></value>
                    </Data>
                </ExtendedData>
                <Point>
                    <coordinates>
                        2.16980839999997,41.3779118,0
                    </coordinates>
                </Point>
            </Placemark>
            <Placemark>
                <name>6,5. Bar Mandri. T DG I DS TARDA</name>
                <description>
                    <![CDATA
                    <br>
                    <br>Carrer de Mandri, 54
                    <br>
                    <br>Preu: 4€?. Quantitat: 6. Patates: 7. Salsa: 6. Nota final: 6,5. Patates molt fetes i poc
                    cruixents. Salsa allioli suau amb molt poca salsa picant.
                    <br>
                    <br>dl-dv: 7:00 – 2:00<br>ds 8:00 – 16:00]]>
                </description>
                <styleUrl>#icon-503-62AF44</styleUrl>
                <ExtendedData>
                    <Data name="gx_media_links">
                        <value>
                            <![CDATA[https://doc-08-0s-mymaps.googleusercontent.com/untrusted/hostedimage/sp540u1gdhv7u5v9na7627phvo/mrriib4a44nut0k8ss68ounf9c/1686819488250/xUcpN3FudnuQYrEAf25SWSdkT0JYD12L/17346896698994278261/5ACtvi-HvsnasY2TbgPWsHe6CSLD8vA1Un_wf-vRC5FEH96GuJKf3fqb8Qc2JtDrBYNmKVWXQU9dlDHkahvN9Z_OSlC_7HnYimN6njuColWbSonzdpwBxf_9W_uqUMpXMG0jsf4Dnhedi2CAeY_mqccXKjSCJjG35J-_8j_oOeWeLSjg-P5U_nspM30U4RZRJ?session=0&fife]]></value>
                    </Data>
                </ExtendedData>
                <Point>
                    <coordinates>
                        2.1330242,41.4037678,0
                    </coordinates>
                </Point>
            </Placemark>
            <Placemark>
                <name>6.5. Guingueta Aigua</name>
                <description>
                    <![CDATA
                    <br>
                    <br>Preu: . Quantitat: 8. Patates: 7. Salsa: 6. Nota final: 6,5. Ben fregides pero amb oli super
                    fregit. Salsa casolana? No sabria dir, te gust a pinxo moruno pero tampoc destaca.<br>Les
                    recomanaries?: no<br>Imprescindibles?: no
                    <br>
                    <br>DATA: 23/07/2020]]>
                </description>
                <styleUrl>#icon-503-62AF44</styleUrl>
                <ExtendedData>
                    <Data name="gx_media_links">
                        <value>
                            <![CDATA[https://doc-0g-0s-mymaps.googleusercontent.com/untrusted/hostedimage/sp540u1gdhv7u5v9na7627phvo/3ess4ipbsirub6tuflngedcbk4/1686819488250/xUcpN3FudnuQYrEAf25SWSdkT0JYD12L/17346896698994278261/5ACtvi-EbxmsSRcvlgUfMSAIA-1UnINCK2i12BOk8tIc3DMHG_QuShKIbyVB4axlVZGeaKIhAIGPm4dfGLrNobD4qxzmGvYCUngIDM4AMhFUYAC8rwjivbQjNUBAVe1_yZoB7X1Zl1Rllk5-J1rTGmOUibqey-I2XDnk6hUXlTHgygZ20hi4boNjdRrYL9GxO?session=0&fife]]></value>
                    </Data>
                </ExtendedData>
                <Point>
                    <coordinates>
                        2.1682992,41.4096963,0
                    </coordinates>
                </Point>
            </Placemark>
            <Placemark>
                <name>6.5. Platerets. T DG I DLL</name>
                <description>
                    <![CDATA
                    <br>
                    <br>Preu: 4,70€. Quantitat: 6. Patates: 6. Salsa: 7. Nota final: 6,5. Textura bona de la patata pero
                    gust ko. Les salses bones pero no tenen cap gracia. No passaran a la història.<br>Les recomanaries?:
                    no<br>Imprescindibles?: no
                    <br>
                    <br>DM-DJ 12:00–16:00, 20:00–23:00<br>DV-DSS 12:00–16:00, 20:00–23:30]]>
                </description>
                <styleUrl>#icon-1577-558B2F</styleUrl>
                <ExtendedData>
                    <Data name="gx_media_links">
                        <value>
                            <![CDATA[https://doc-10-0s-mymaps.googleusercontent.com/untrusted/hostedimage/sp540u1gdhv7u5v9na7627phvo/tfhcecgehs0bu9ijdms7vvjg5g/1686819488250/xUcpN3FudnuQYrEAf25SWSdkT0JYD12L/17346896698994278261/5ACtvi-Eslo3hymoaRXrMnIWKAjxOl-X4EJbt7DRUw7sxwA_UZPZym7GCWyhmCslmKEUHNJxIfFmKOttliLzkzihw8RB0gfV1V2_xH11nZSvg-OuVNEpjf10vI3bTllL-BLM11niJiiT8zNnDqH_Dr0wKcqw_GTL66pZk4-DUKJWTkPjYszFPgdKTGy3bNpNz?session=0&fife]]></value>
                    </Data>
                </ExtendedData>
                <Point>
                    <coordinates>
                        2.16211129999999,41.4013204,0
                    </coordinates>
                </Point>
            </Placemark>
            <Placemark>
                <name>6.5. Chico Bar | Vermut, tapas y platillos</name>
                <description>
                    <![CDATA
                    <br>
                    <br>Preu: 4,50€. Quantitat: 7. Patates: 7. Salsa: 6. Nota final: 6,5. Patates molt normaletes,
                    correcte de cruixent pero de gust no destaquen. La salsa blanca es un allioli, la vermella una salsa
                    que pica amb poca gracia.<br>Les recomanaries?: no<br>Imprescindibles?: no<br>DATA: 8/10/2019
                    <br>
                    <br>11:00–23:30
                    <br>
                    <br>traslabrava]]>
                </description>
                <styleUrl>#icon-503-62AF44</styleUrl>
                <ExtendedData>
                    <Data name="gx_media_links">
                        <value>
                            <![CDATA[https://doc-14-0s-mymaps.googleusercontent.com/untrusted/hostedimage/sp540u1gdhv7u5v9na7627phvo/g412j9njb6istknnjjir9jd0bg/1686819488250/xUcpN3FudnuQYrEAf25SWSdkT0JYD12L/17346896698994278261/5ACtvi-GJX3ywoAs_AVytO8LloaUcyKdkkeN3SQ56QQFrBsXg7f89_UHPoYvaObWq0PbNwVpHPkyYlNj2p-jonhaEyx4TwycLIaDUeCAQJzEllpAYaEMqfosUP_V3JJzsNW7bUwRqRR87ZWwHPZ3D-webFErT2TLJg7mC2R6U74DDZuthuGqqvW1wY6s5d-i0?session=0&fife]]></value>
                    </Data>
                </ExtendedData>
                <Point>
                    <coordinates>
                        2.13383590000001,41.4030996,0
                    </coordinates>
                </Point>
            </Placemark>
            <Placemark>
                <name>6.5. Bar La Campana</name>
                <description>
                    <![CDATA
                    <br>
                    <br>Preu: 4€. Quantitat: 9. Patates: 6. Salsa: 7. Nota final: 6,5. Patata regulera, recalentada.
                    Salsa vermella que recorda a la marinera amb 1 toc picant, pero no mata.<br>Les recomanaries?: no
                    <br>Imprescindibles?: no<br>DATA: 13 octubre 2018]]>
                </description>
                <styleUrl>#icon-503-62AF44</styleUrl>
                <ExtendedData>
                    <Data name="gx_media_links">
                        <value>
                            <![CDATA[https://doc-10-0s-mymaps.googleusercontent.com/untrusted/hostedimage/sp540u1gdhv7u5v9na7627phvo/t3h8t19pseflu4vu64b5ogijks/1686819488250/xUcpN3FudnuQYrEAf25SWSdkT0JYD12L/17346896698994278261/5ACtvi-GHLvsT0bjWjuB9uybAnHrMCABzLx6d2ULXOdskmZ_jDAcxvD51HfUU7htfGGqbzwALoaTuu6NT-XBAxWRvhlIP6019Y3R-tfeOAJTGxiiyysR0lYu4UxVYoNVKD68hh2sIbm9pqUMmcXLJ-nzSTiZmdRFyOsc0yG3mloEtAs5B12SzwD9QqMtVn4Zr?session=0&fife]]></value>
                    </Data>
                </ExtendedData>
                <Point>
                    <coordinates>
                        -3.70681920000004,40.4148599,0
                    </coordinates>
                </Point>
            </Placemark>
            <Placemark>
                <name>6. Bar Oviso</name>
                <description>
                    <![CDATA
                    <br>
                    <br>Preu: 5.50€. Quantitat: 8. Patates: 8. Salsa: 4. Nota final: 6. Les patates estan força bones i
                    molt tovetes. Pero les salses molt fluixes: estan a banda, no piquen i son de pot<br>Les
                    recomanaries?: no<br>Imprescindibles?: no<br>DATA: 25/01/2023]]>
                </description>
                <styleUrl>#icon-503-62AF44</styleUrl>
                <ExtendedData>
                    <Data name="gx_media_links">
                        <value>
                            <![CDATA[https://doc-0s-0s-mymaps.googleusercontent.com/untrusted/hostedimage/sp540u1gdhv7u5v9na7627phvo/9ts49v2rpe57vih85d086834ik/1686819488250/xUcpN3FudnuQYrEAf25SWSdkT0JYD12L/17346896698994278261/5ACtvi-HSUhi7EGAiiK-6oPGB7QXdqFJT2kpZ-4PHWtOZQkXNxNfqAvfpiWs5L2TNF-mGVejOe--sm5n59ZfvnrjbGB4n46UokMTyYTXinEmzcgAapfqYpARaJx9xWOGvpWyVujETqU2W9yQbjdk8ET82bB5xdCfjYmYl2GGJPS4DsJkxjGGyN_4u3ncjJ-rx?session=0&fife]]></value>
                    </Data>
                </ExtendedData>
                <Point>
                    <coordinates>
                        2.1771238,41.3807007,0
                    </coordinates>
                </Point>
            </Placemark>
            <Placemark>
                <name>6. El Santet</name>
                <description>
                    <![CDATA
                    <br>
                    <br>Preu: 5,95€. Quantitat: 10. Patates: 6. Salsa: 6. Nota final: 6. Bona racio de patates que no
                    estan massa ben fregides (un pel crues), varietat malament, troços massa grans. Salses normaletes:
                    allioli molt suau i vermella feta amb poc amor<br>Les recomanaries?: no<br>Imprescindibles?: no<br>
                    DATA: 04/11/2022
                    <br>
                    <br>Preu: . Quantitat: 7. Patates: 9. Salsa: 7. Nota final: 8. Les patates estan be, pero de
                    qualitat podrien estar millor. Salsa blanca normaleta, vermella casera qe pica una mica pero no prou
                    <br>Les recomanaries?: si<br>Imprescindibles?: no<br>DATA: 14-10-2013]]>
                </description>
                <styleUrl>#icon-503-62AF44</styleUrl>
                <ExtendedData>
                    <Data name="gx_media_links">
                        <value>
                            <![CDATA[https://doc-00-0s-mymaps.googleusercontent.com/untrusted/hostedimage/sp540u1gdhv7u5v9na7627phvo/5apq3c3vn74unede8ki1vtmhe8/1686819488250/xUcpN3FudnuQYrEAf25SWSdkT0JYD12L/17346896698994278261/5ACtvi-ES7B_Lt3bpze9wLgxfr_m6bX4GNeVrycv4sjsDrBI3_oV4MgPnt8wlN9v5w26ieco_3QmIUTeXEIFI3jfmJI66ZYvZdkaxjuNbid67bKIDaxtKgKzn1p5rgwe9fQLapq51CA8tGBx3qnPOnthlne5Xl4rDsGudF9Ig2sX9fynwqgO-WuV4spBGxMq2?session=0&fife]]></value>
                    </Data>
                </ExtendedData>
                <Point>
                    <coordinates>
                        2.20079480000004,41.3948001,0
                    </coordinates>
                </Point>
            </Placemark>
            <Placemark>
                <name>6. Bar Can Rafa</name>
                <description>
                    <![CDATA
                    <br>
                    <br>Preu: . Quantitat: 9. Patates: 7. Salsa: 5. Nota final: 6. Les patates estan millor del qe
                    semblava per la pinta. La salsa es “casera”: keychup + mayo + tabasco<br>Les recomanaries?: no<br>
                    Imprescindibles?: no<br>DATA: 06/09/2022]]>
                </description>
                <styleUrl>#icon-503-62AF44</styleUrl>
                <ExtendedData>
                    <Data name="gx_media_links">
                        <value>
                            <![CDATA[https://doc-00-0s-mymaps.googleusercontent.com/untrusted/hostedimage/sp540u1gdhv7u5v9na7627phvo/bm2leuj5gktdfr2gsk2pjk55v8/1686819488250/xUcpN3FudnuQYrEAf25SWSdkT0JYD12L/17346896698994278261/5ACtvi-FSaQLclxNVu4Cx3aA_qNthaiGxmuR0LkAusZ-0xjmt9rw9nS_vquEaArbtUWvJsJzHsgfg5I7IdMSr-I5zE6_t5yHHYPTwnfZgAPToVoa9FqkdqS4li6wcXsLXPf_Og7x1deddCKm5sxuwCIrycwLWJeUkIAYNSDuuzAsk04UU-s4mCPLlPzzNscCy?session=0&fife]]></value>
                    </Data>
                </ExtendedData>
                <Point>
                    <coordinates>
                        2.1631909,41.4131893,0
                    </coordinates>
                </Point>
            </Placemark>
            <Placemark>
                <name><![CDATA[6. O'Retorno]]></name>
                <description>
                    <![CDATA
                    <br>
                    <br>Preu: 8. Quantitat: 10. Patates: 8. Salsa: 4. Nota final: 6. Les patates estan ben fregides,
                    pero la salsa rosa de pot, tot i que pica una miqueta<br>Les recomanaries?: no<br>Imprescindibles?:
                    no
                    <br>
                    <br>DATA: 23/03/2022]]>
                </description>
                <styleUrl>#icon-503-62AF44</styleUrl>
                <ExtendedData>
                    <Data name="gx_media_links">
                        <value>
                            <![CDATA[https://doc-04-0s-mymaps.googleusercontent.com/untrusted/hostedimage/sp540u1gdhv7u5v9na7627phvo/rb23kthhop58hda2h7miqbeps8/1686819488250/xUcpN3FudnuQYrEAf25SWSdkT0JYD12L/17346896698994278261/5ACtvi-Fv9WfL2J2CYOXxPRS5fOQPLufvUwDxbfN1X0y-fd1VusavZhHPg1BtRAJFG-x95m6k1Ot1TFvkkdHsiWlzChS9KOkqcMRbTRUFewwQOXvZ3Sn8lxo1pzYchfen7iMP7yvoJUPc_ATUgRTz-Iv9qe0VHIhiS2b0Jl0dNftgPjHAZoipQHoUtO_bd6IP?session=0&fife]]></value>
                    </Data>
                </ExtendedData>
                <Point>
                    <coordinates>
                        2.1527424,41.3868726,0
                    </coordinates>
                </Point>
            </Placemark>
            <Placemark>
                <name>6. INNSBRUCK RESTAURANTE</name>
                <description>
                    <![CDATA[Preu: . Quantitat: 9. Patates: 5. Salsa: 7. Nota final: 6. Patates molt petites, bones de gust pero la textira es toveta...una mica extranya. Salsa picant, pero de pot? Conjunt salat<br>Les recomanaries?: No<br>Imprescindibles?: no<br>Data: 07/12/2019]]></description>
                <styleUrl>#icon-503-CDDC39</styleUrl>
                <Point>
                    <coordinates>
                        1.9280649,42.4307468,0
                    </coordinates>
                </Point>
            </Placemark>
            <Placemark>
                <name>6. Ovante</name>
                <description>
                    <![CDATA
                    <br>
                    <br>Preu: 5,95€. Quantitat: 7. Patates: 8. Salsa: 4. Nota final: 6. Patates amb ceba caramelitzada
                    enganxadeta: prou ben feta. Mayonesa sense gust, salsa vermella normaleta i que no pica<br>Les
                    recomanaries?: no<br>Imprescindibles?: no<br>DATA: 05/06/2019
                    <br>
                    <br>DG-DJ 12:00–23:30<br>DV-DSS 12:00–0:00
                    <br>
                    <br>gastrobirrio]]>
                </description>
                <styleUrl>#icon-503-62AF44</styleUrl>
                <ExtendedData>
                    <Data name="gx_media_links">
                        <value>
                            <![CDATA[https://doc-0k-0s-mymaps.googleusercontent.com/untrusted/hostedimage/sp540u1gdhv7u5v9na7627phvo/94l3h3mmi70cgfng5960f9oj9s/1686819488250/xUcpN3FudnuQYrEAf25SWSdkT0JYD12L/17346896698994278261/5ACtvi-H5I-tGHIQ85-BMvaiHTgtYnHlspgy8pkX-ak4CptCGKl85GCTy_H6PFKT5PEsQZON4_-RKoQyfgJS40uY48udePqFHlsd5OsCQ9GgoWrByx5_4ppy1KnH4f9kxVyqTMU_lReM9jhF1JSyWhqlS7D3x-Mzoi6YCG23tndzO9ZOd6npdkf4ZRzj5wet8?session=0&fife]]></value>
                    </Data>
                </ExtendedData>
                <Point>
                    <coordinates>
                        2.18270719999998,41.4300514,0
                    </coordinates>
                </Point>
            </Placemark>
            <Placemark>
                <name>6. The Juice House</name>
                <description>
                    <![CDATA]]>
                </description>
                <styleUrl>#icon-503-62AF44</styleUrl>
                <ExtendedData>
                    <Data name="gx_media_links">
                        <value>
                            <![CDATA[https://doc-0s-0s-mymaps.googleusercontent.com/untrusted/hostedimage/sp540u1gdhv7u5v9na7627phvo/98b3prl737rgun4ctt77nd5v64/1686819488250/xUcpN3FudnuQYrEAf25SWSdkT0JYD12L/17346896698994278261/5ACtvi-EIySp83HG6oSqNIDQMmGEJ0GfxdqlmYTa-D4YcxwEWh3b871O1QWbnOyY_AeW85t7Bfs_eAmZnb5a1ae1Xw8e2SgL1ofpiitPLqQBOSDU3ObzgepMFHGKdZDpEWIj55HfFJ2wPGXHCbVVF30H-eR5KjlhFFF1XhOvZ8NS7MMaKYtzDv0t9SymAGI11?session=0&fife https://doc-0g-0s-mymaps.googleusercontent.com/untrusted/hostedimage/sp540u1gdhv7u5v9na7627phvo/lic77u0bj8vkihquu76k2jaarc/1686819488250/xUcpN3FudnuQYrEAf25SWSdkT0JYD12L/17346896698994278261/5ACtvi-GOs7bd3DH0DSEGwP4SF4Bs8pLRGi5TpsIcXC9eWKTXa5xy46krKEFU5mc6RyKpRGa4gnYtBVK478HQyqN7zQ-x0bMSNyr8JqFT-Ja2FmPhKk5b7GqLcr-etybFduHL_5TQgS6-6LDgww91P2mVouxZBmsxr2BxFxINnqQasjB1qURTDgDSFm8XXkYO?session=0&fife]]></value>
                    </Data>
                </ExtendedData>
                <Point>
                    <coordinates>
                        2.16172400000005,41.375657,0
                    </coordinates>
                </Point>
            </Placemark>
            <Placemark>
                <name>6. Celler de Tapas</name>
                <description>
                    <![CDATA]]>
                </description>
                <styleUrl>#icon-503-62AF44</styleUrl>
                <ExtendedData>
                    <Data name="gx_media_links">
                        <value>
                            <![CDATA[https://doc-0s-0s-mymaps.googleusercontent.com/untrusted/hostedimage/sp540u1gdhv7u5v9na7627phvo/rnkmm0s10ilfirs076823h35qo/1686819488250/xUcpN3FudnuQYrEAf25SWSdkT0JYD12L/17346896698994278261/5ACtvi-EmUe1WsHr08H9rH1k3y6rWK3xTukqCOvxHg---ICurbewW0tmzWEAWRvuWtThL75LSfl47N97j0rov_e3McqDJpbmrZkdQAciHjfrfbZp272qymIHmk2CxRMRj2iiXU9SQekYrFOVJRJgiWk8gSlplT6xcvGNwGxa81fISCV3Swqfo8MP9XELa_qXd?session=0&fife https://doc-0o-0s-mymaps.googleusercontent.com/untrusted/hostedimage/sp540u1gdhv7u5v9na7627phvo/btc3l2qsecb6s7r67ve4fcavt0/1686819488250/xUcpN3FudnuQYrEAf25SWSdkT0JYD12L/17346896698994278261/5ACtvi-F3P3bQIPzYDAjsLNbnOR6DiZGAAvA2tgK0nU9R5fTlNfbsu0PtYe_zp3LrRnfLjji3U2UXQBVtYzZIssfNc9g34CDHhY04RtO9dVbeUnctp7E0Jl4-stz68OKCLb1okxpGG6qPoOUiD5nOmZslK879CEvLZ_tev8XHUZF-kIXCnvAMLWI4WudutV_3?session=0&fife]]></value>
                    </Data>
                </ExtendedData>
                <Point>
                    <coordinates>
                        2.16442269999993,41.3853921,0
                    </coordinates>
                </Point>
            </Placemark>
            <Placemark>
                <name>6. Santuari de Paller</name>
                <description>
                    <![CDATA
                    <br>
                    <br>Preu: gratis. Quantitat: 10. Patates: 6. Salsa: 7. Nota final: 6. Falta salsa, i la patata no
                    mata, es congelada. No pica gaire pero son gratis]]>
                </description>
                <styleUrl>#icon-503-62AF44</styleUrl>
                <ExtendedData>
                    <Data name="gx_media_links">
                        <value>
                            <![CDATA[https://doc-0s-0s-mymaps.googleusercontent.com/untrusted/hostedimage/sp540u1gdhv7u5v9na7627phvo/l445b3b14m8fmu40oigqcldb24/1686819488250/xUcpN3FudnuQYrEAf25SWSdkT0JYD12L/17346896698994278261/5ACtvi-HE0pI_Gv-2JmUY8IWCZeDk8qWRbkzLxc60dsm3kZI5-7SPC4o9eWFMoulKIJfjz0HA72KXVktYpbj1TOSTtKZQFytYyM1fby9gkWDDiNb3ciZGrslZG1R8tuHBIX2owRxefgDzm4o6n8KVXjeSj1rKFeOeWJXP0owVUuF790XkqUAI9jlFurY29d2y?session=0&fife]]></value>
                    </Data>
                </ExtendedData>
                <Point>
                    <coordinates>
                        1.87592989999996,42.266807,0
                    </coordinates>
                </Point>
            </Placemark>
            <Placemark>
                <name>6. La Gurmeteria. T DL DG</name>
                <description>
                    <![CDATA
                    <br>
                    <br>Preu: 4,20. Quantitat: 9. Patates: 8. Salsa: 4. Nota final: 6. La patata esta bona de gust i
                    bastant ben fregides. La salsa: all i oli suavet normal, vermella que no aporta res p no pica ni te
                    gust 😳<br>Les recomanaries?: no<br>Imprescindibles?: no<br>DATA: 29/06/2018
                    <br>
                    <br>DM-DS 13:00–15:30, 20:00–23:00]]>
                </description>
                <styleUrl>#icon-1577-558B2F</styleUrl>
                <ExtendedData>
                    <Data name="gx_media_links">
                        <value>
                            <![CDATA[https://doc-0c-0s-mymaps.googleusercontent.com/untrusted/hostedimage/sp540u1gdhv7u5v9na7627phvo/2b5q2kp2auhet6ujnvppidjebc/1686819488250/xUcpN3FudnuQYrEAf25SWSdkT0JYD12L/17346896698994278261/5ACtvi-FONCThGoWRsP7qOev4CH6z7_wMnClVc6KSUNk-PqKpQ3cS5QfdrijZB4ZYgpWzf593YvuRtpiVGGe1Ed7LmovwRHZAzqQs44QPwUX5nqQQEI6u3yMvistUkYhmw8qPWhPuSUAgmoPucfk396h30Cfjko4HrB3DciPEvgMPej5zGr3mVAe-NWr2Bd3o?session=0&fife]]></value>
                    </Data>
                </ExtendedData>
                <Point>
                    <coordinates>
                        2.01319599999999,41.560084,0
                    </coordinates>
                </Point>
            </Placemark>
            <Placemark>
                <name>6. Inca Burger Restaurant</name>
                <description>
                    <![CDATA
                    <br>
                    <br>Preu: . Quantitat: 8. Patates: 6. Salsa: 6. Nota final 6:. Patates reescalfades, es nota molt
                    per linterior. Del monton, no destaquen. No son braves]]>
                </description>
                <styleUrl>#icon-503-62AF44</styleUrl>
                <ExtendedData>
                    <Data name="gx_media_links">
                        <value>
                            <![CDATA[https://doc-0k-0s-mymaps.googleusercontent.com/untrusted/hostedimage/sp540u1gdhv7u5v9na7627phvo/ssc1p6h7e6q1bq55kv2cdo08c4/1686819488250/xUcpN3FudnuQYrEAf25SWSdkT0JYD12L/17346896698994278261/5ACtvi-E-TUA1u5xUiHrAM5szOPKP1huC9WZuzlXFDZpAE61FIznTaF-oEeSLP2Oc4uTUa0Ia6LIAuRcy9rq_yzemtf2IwIsCW92wPCicBmI4kN3RoYt41LvFxS4GHkIYkjQcUwvGcSoR0J3f0F7becPD9TM3cz0i7UVPaPLsR_5zu91eIQbMVk6Z5YnqNSdz?session=0&fife]]></value>
                    </Data>
                </ExtendedData>
                <Point>
                    <coordinates>
                        2.14784099999997,41.407747,0
                    </coordinates>
                </Point>
            </Placemark>
            <Placemark>
                <name>6. Granja Petitbo</name>
                <description>
                    <![CDATA
                    <br>
                    <br>Passeig de Sant Joan, 82
                    <br>
                    <br>Preu: . Quantitat: 9. Patates: 6. Salsa: 5. Nota final: 6. No estan dolentes, pero no aporten
                    res de res: la salsa no pica (salsa tomaquet i mayo), i les patates no tenen cap gracia
                    <br>
                    <br>Dill-dx: 08.30 - 22.30<br>Dj-dv: 08.30 - 00.00<br>Ds: 10.00 - 00.00<br>Dg: 10.00 - 17.00]]>
                </description>
                <styleUrl>#icon-503-62AF44</styleUrl>
                <ExtendedData>
                    <Data name="gx_media_links">
                        <value>
                            <![CDATA[https://doc-04-0s-mymaps.googleusercontent.com/untrusted/hostedimage/sp540u1gdhv7u5v9na7627phvo/oqke52nudrpcibl71u4n0oubis/1686819488250/xUcpN3FudnuQYrEAf25SWSdkT0JYD12L/17346896698994278261/5ACtvi-ELdWr3p_MVAeRaNB1JfaopPYpZw3wGfyCY_HbzLnEm4lV5GPKDnzd956aV3q92qoXWJesZaFqHQvvnqmvg24jQqYvXDudP7jq4RVIGfbyQ68s9-rFpsVlEPHRc3y9rE5v4m-YDYfqwiN7Lo8xX2rGjBGwp_UE9BT34VyAxsLuPO_0G0aTqa72OBFln?session=0&fife]]></value>
                    </Data>
                </ExtendedData>
                <Point>
                    <coordinates>
                        2.17255850000004,41.3975966,0
                    </coordinates>
                </Point>
            </Placemark>
            <Placemark>
                <name>6. Bar Marcel</name>
                <description>
                    <![CDATA
                    <br>
                    <br>Preu: 3.95. Quantitat: 7. Patates: 6. Salsa: 6. Nota final: 6. La patata no esta mal fregida,
                    pero de gust no es espectacular. Segons el Toni tenen gust a calamar. La salsa blanca es mayonesa
                    👎🏼👎🏼👎🏼 amb un oli picant que es el millor de tot el plat. A la carta son l’especialitat del Marcel
                    <br>Les recomanaries?: no<br>Imprescindibles?: no<br>DATA: 21-09-2018
                    <br>
                    <br>Carrer de Santaló, 42
                    <br>
                    <br>dl-dx: de 07:30h a 00:30h<br>dj: de 07.30h a 02:00h<br>dv-ds: de 07:30h a 03:00h<br>dg: de
                    09:30h a 00:30h<br>Tancat del 10 al 20 d’agost
                    <br>
                    <br>BravasBCN]]>
                </description>
                <styleUrl>#icon-503-62AF44</styleUrl>
                <ExtendedData>
                    <Data name="gx_media_links">
                        <value>
                            <![CDATA[https://doc-0g-0s-mymaps.googleusercontent.com/untrusted/hostedimage/sp540u1gdhv7u5v9na7627phvo/0ipk6rh9cp1cuuvkgujv6trlqs/1686819488250/xUcpN3FudnuQYrEAf25SWSdkT0JYD12L/17346896698994278261/5ACtvi-H-NR_weyUzS6nPuqVkCbCqnQQypT5qzFV6QRAVI6GcktCW6cQKlHzO9BLSdyXmN5lk119GrRKqv0jL-q7Pmd0X2WKhNurC82S85FP_5DYfbpzS5e8Hotw9EZLnXcXjoG4MYPbRri0Xv1qcZ5ASHp1iR3-ElN1_g-MEKiWpPDwcGBpjvhZFPvRRgk5-?session=0&fife]]></value>
                    </Data>
                </ExtendedData>
                <Point>
                    <coordinates>
                        2.14549420000003,41.3959975,0
                    </coordinates>
                </Point>
            </Placemark>
            <Placemark>
                <name>6. Bar Es Castell</name>
                <description>
                    <![CDATA
                    <br>
                    <br>Preu: 4,50€. Quantitat: 4. Patates: 8. Salsa: 4. Nota final: 6. Patata ben fregida, com si les
                    haguessin fregit en una xurreria. Salsa pica bastant pero es de pot i aixo es un suspens en tota
                    regla<br>Les recomanaries?: no<br>Imprescindibles?: no<br>DATA: 05-10-2018]]>
                </description>
                <styleUrl>#icon-503-62AF44</styleUrl>
                <ExtendedData>
                    <Data name="gx_media_links">
                        <value>
                            <![CDATA[https://doc-00-0s-mymaps.googleusercontent.com/untrusted/hostedimage/sp540u1gdhv7u5v9na7627phvo/ja6n06bq6muv31q7av10ac0g0c/1686819488250/xUcpN3FudnuQYrEAf25SWSdkT0JYD12L/17346896698994278261/5ACtvi-HbViKLYgUNoi0InPr183SMdSO36utwAIADpuOSb1LKGaUU-LmWs5ioLylKE-J0B_cwE3YzBpjkRDmAqO61lmGCDa6MHTi4I-RZZkCu8NL0xtp-LLXfqqjc1PozUHxU--_ZpzEOCWhb6CN4wASrzQtr6vIVzJNi7nhA_pFKVlkzkeJGqJBHbWr22dXp?session=0&fife]]></value>
                    </Data>
                </ExtendedData>
                <Point>
                    <coordinates>
                        3.207627,41.9545144,0
                    </coordinates>
                </Point>
            </Placemark>
            <Placemark>
                <name>6. O Candil</name>
                <description>
                    <![CDATA
                    <br>
                    <br>Preu: . Quantitat: 8. Patates: 8. Salsa: 4. Nota final: 6. Les patates estan tenen molt bon
                    gust, llastima que es noti qe estan reescalfades. La salsa no te gaire gust, no ens diu res.<br>Les
                    recomanaries?: no<br>Imprescindibles?: no]]>
                </description>
                <styleUrl>#icon-503-62AF44</styleUrl>
                <ExtendedData>
                    <Data name="gx_media_links">
                        <value>
                            <![CDATA[https://doc-0o-0s-mymaps.googleusercontent.com/untrusted/hostedimage/sp540u1gdhv7u5v9na7627phvo/vnkhtiskr7h6io6nu7hdj05ols/1686819488250/xUcpN3FudnuQYrEAf25SWSdkT0JYD12L/17346896698994278261/5ACtvi-Enoma-buTtPUIqsnX1ehCBgjwhRzxSk-o5tKpuddPimuEm1jcT2FsmrWuXssjfS1tMC3s41tlsr6kQIYr9GqiDFIi909qKzxQAwIT9a5ql3asX5qFUME4eV9wMRZOeFiN9WAYitfHl5CjwFX5JIuEkUUtHqd3-u5aSeR_jQIN11F3AcG1EjrazyK3h?session=0&fife]]></value>
                    </Data>
                </ExtendedData>
                <Point>
                    <coordinates>
                        2.14636730000007,41.3984233,0
                    </coordinates>
                </Point>
            </Placemark>
            <Placemark>
                <name><![CDATA[6. L'autèntic bar restaurant]]></name>
                <description>
                    <![CDATA
                    <br>
                    <br>Preu: 4,50€. Quantitat: 6. Patates: 5. Salsa: 7. Nota final: 6. Les patates estan ben fregides
                    pero de gust no maten. Salsa blanca: mayonesa industrial 👎🏼, salsa vermella: sembla goulash bastant
                    bona<br>Les recomanaries?: no<br>Imprescindibles?: no
                    <br>
                    <br>DATA: 8-8-2017]]>
                </description>
                <styleUrl>#icon-503-62AF44</styleUrl>
                <ExtendedData>
                    <Data name="gx_media_links">
                        <value>
                            <![CDATA[https://doc-00-0s-mymaps.googleusercontent.com/untrusted/hostedimage/sp540u1gdhv7u5v9na7627phvo/dn06ai9sk6m5h31b4k5cu26mng/1686819488250/xUcpN3FudnuQYrEAf25SWSdkT0JYD12L/17346896698994278261/5ACtvi-FL9wQ2XM9PS3yGSH58MIVndl9JYrN7b9Q706m1mMxu_HXt--P6DsFLTL67L5zl4Z_7I7LLmK7JDpo-eWsVolGDl1LnUvAW9xIUBMeeAxxutSBN34zLxPjLBzgmAAv9-9mUU0T1DKnu7MLs6Fs3NSTKeWxy-AFRs72ZU9ZVEmmJ1wcIJsPJpe7Q_-37?session=0&fife]]></value>
                    </Data>
                </ExtendedData>
                <Point>
                    <coordinates>
                        3.20583740000006,41.9548961,0
                    </coordinates>
                </Point>
            </Placemark>
            <Placemark>
                <name><![CDATA[6. Steam & Coal]]></name>
                <description>
                    <![CDATA
                    <br>
                    <br>Preu: . Quantitat: 9. Patates: .6 Salsa: 6. Nota final: 6. Estan bones pero no destaquen en res.
                    Patates zero cruixents, salsa zero picant<br>Les recomanaries?: no<br>Imprescindibles?: no]]>
                </description>
                <styleUrl>#icon-503-62AF44</styleUrl>
                <ExtendedData>
                    <Data name="gx_media_links">
                        <value>
                            <![CDATA[https://doc-0o-0s-mymaps.googleusercontent.com/untrusted/hostedimage/sp540u1gdhv7u5v9na7627phvo/dfe03agvkpa824tbclts0l4c8c/1686819488250/xUcpN3FudnuQYrEAf25SWSdkT0JYD12L/17346896698994278261/5ACtvi-EcLcL7OE4tJtBDMMYzWBb7YWj2QRxCzbaVaHPcO7b8SuFz0cSIO7FTumzo2019oDCCLVJoa_CG2djYsuqdDyKlOIOgOkeD7yH0EL_4N9YRUmpfYDm_6Q1Lm_lmD5j5WeWsFjxV3aOp46c0RZT_kmH1Oqvb0_TwhCq7_zE1Fo5oBU16q4M7E90amQ1y?session=0&fife]]></value>
                    </Data>
                </ExtendedData>
                <Point>
                    <coordinates>
                        2.20690749999994,41.4013477,0
                    </coordinates>
                </Point>
            </Placemark>
            <Placemark>
                <name>5.5. KAT MAY</name>
                <description>
                    <![CDATA
                    <br>
                    <br>Preu: 5,5. Quantitat: 5. Patates: 5. Salsa: 6. Nota final: 5,5. Tipiques patates de bar guarro:
                    patates fregides amb oli reaprofitat. Salsa blanca: allioli normalet, vermella amb un toc picant. No
                    els hi fariem un lleig un dia qe anem a fer birres i vulguem picar alguna cosa<br>Les recomanaries?:
                    no<br>Imprescindibles?: no<br>DATA: 20/12/2022]]>
                </description>
                <styleUrl>#icon-503-62AF44</styleUrl>
                <ExtendedData>
                    <Data name="gx_media_links">
                        <value>
                            <![CDATA[https://doc-0k-0s-mymaps.googleusercontent.com/untrusted/hostedimage/sp540u1gdhv7u5v9na7627phvo/k92cdl7h5q865mvgi8hbjkj4ko/1686819488250/xUcpN3FudnuQYrEAf25SWSdkT0JYD12L/17346896698994278261/5ACtvi-EAldJdV3xjMbgZImZFvvESRjjI5oD_uTcNunmqum1S44ZXbxqmEhGpAKECeipAFPlj4dFE3FW5yow9jB8eGfHt3ri-pp0BkpovGhtzhPVDI1yGJTPKujsrZBOc9fBanqRoDsh1EDH5PSi0NRgjuEK3zolfQFnVPCIyRDmoYRLh2jPYtS568rg71khO?session=0&fife]]></value>
                    </Data>
                </ExtendedData>
                <Point>
                    <coordinates>
                        2.1704127,41.4080729,0
                    </coordinates>
                </Point>
            </Placemark>
            <Placemark>
                <name>5.5. Civico 46. T DLL I DM</name>
                <description>
                    <![CDATA
                    <br>
                    <br>Preu: 5,5. Quantitat: 7. Patates: 8. Salsa: 8. Nota final: 8. Patates fetes de polenta
                    cruixentetes. Salsa vermella: salsa tomaquet de pizza. Salsa blanca: allioli suau. Et porten l’oli
                    picant i milloren molt 🔥 Plus d’originalitat<br>Les recomanaries?: si<br>Imprescindibles?: no<br>
                    DATA: 11/12/2022
                    <br>
                    <br>DLL-DM: Tancat<br>DX-DG: 13:00–16:00, 20:00–23:30]]>
                </description>
                <styleUrl>#icon-1577-558B2F</styleUrl>
                <ExtendedData>
                    <Data name="gx_media_links">
                        <value>
                            <![CDATA[https://doc-08-0s-mymaps.googleusercontent.com/untrusted/hostedimage/sp540u1gdhv7u5v9na7627phvo/5gquulks0uhl5n15q8jq4ek688/1686819488250/xUcpN3FudnuQYrEAf25SWSdkT0JYD12L/17346896698994278261/5ACtvi-GAGoXAIbbrD7jciVnKuK200dIb0YX-1ipx3qjqcq76pjMo_T6E8RZZ_tTH1o5hf3hW-ZvYNOrowpcSjFHRR_ovNkJlXKYsdubOAcGER9_R6qFI6F2oRbPu5_x_RHpFZQT1bn9VpZ4NPXClbAIGl2BTOiO5eF34pY9sXXRTnGZd2DKIAf9QkQScHcpB?session=0&fife]]></value>
                    </Data>
                </ExtendedData>
                <Point>
                    <coordinates>
                        2.1613608,41.377046,0
                    </coordinates>
                </Point>
            </Placemark>
            <Placemark>
                <name>5.5. La Colosal</name>
                <description>
                    <![CDATA]]>
                </description>
                <styleUrl>#icon-503-62AF44</styleUrl>
                <ExtendedData>
                    <Data name="gx_media_links">
                        <value>
                            <![CDATA[https://doc-0o-0s-mymaps.googleusercontent.com/untrusted/hostedimage/sp540u1gdhv7u5v9na7627phvo/mdbithecat2c34tl33m7c0sjic/1686819488250/xUcpN3FudnuQYrEAf25SWSdkT0JYD12L/17346896698994278261/5ACtvi-GOlzdLb5KFBWGgfBg5s8Es5FGDrHhwfL5o8Yvh5bqoQerfVRNC4o9Xc2UnefiOXlNUHJeAgfiIDxfeU3BNMHkLEOlhT3Frwkt_cQJNXjLkgBhBaf4GVb5xl4ipKUKmXsDHtVh0GVLvbO4b8BzGJYmBo3zj0-8hD8g_9atRu1f-9R5DNd-QF-XTJ8L6?session=0&fife https://doc-04-0s-mymaps.googleusercontent.com/untrusted/hostedimage/sp540u1gdhv7u5v9na7627phvo/c1323v50jkqcvjjihf4rpb5bm0/1686819488250/xUcpN3FudnuQYrEAf25SWSdkT0JYD12L/17346896698994278261/5ACtvi-Fr6sKqVi7GepFOfH7eHZPMZVN0s5zV8BVcx7jvYNnIXZWrnMm2LT1ww6QZoL8YuS8v_ZQX8v6Q7WVCQCCmy4Mvenxps2YYCOvEHJS4tu2asxpVvjeZn7-JBtwO2SALXzi9NFR0E84kuzQMR1wlO_8bWVuglXbrR0KH1lRnmU4tkDzi6IdpHkzyOPkC?session=0&fife]]></value>
                    </Data>
                </ExtendedData>
                <Point>
                    <coordinates>
                        2.16627080000001,41.3888287,0
                    </coordinates>
                </Point>
            </Placemark>
            <Placemark>
                <name>5.5. La Informal</name>
                <description>
                    <![CDATA
                    <br>
                    <br>Preu: 4,10. Quantitat: 7. Patates: 7. Salsa: 4. Nota final: 5,5. Patates molt senzilletes. Tot i
                    aixi, la patata i fritura prou be, pero sales industrials (errrorrrrr)<br>Les recomanaries?: no<br>
                    Imprescindibles?: no<br>DATA: 27-07-2018]]>
                </description>
                <styleUrl>#icon-503-62AF44</styleUrl>
                <ExtendedData>
                    <Data name="gx_media_links">
                        <value>
                            <![CDATA[https://doc-10-0s-mymaps.googleusercontent.com/untrusted/hostedimage/sp540u1gdhv7u5v9na7627phvo/ql4uknfut5utb9lbfrg975brc8/1686819488250/xUcpN3FudnuQYrEAf25SWSdkT0JYD12L/17346896698994278261/5ACtvi-F9ob9Ajv4_FYaDuFKu3cYA0KMEGdZV6GBQbVlNMlBmzAG4MLYwqJIMI5K7TFSfgsbvCgIZ8Dz9nDZV5gzR0v7uuN_zuRxeGENeyP2SsRr2cx2ilArnKL88QQMs8hUifpjy_pHZFEy2qRhuxsfZbFlBN_rhCC9X5phcCf0_gMC4zg71PXGdWS2Qx6YZ?session=0&fife]]></value>
                    </Data>
                </ExtendedData>
                <Point>
                    <coordinates>
                        2.17000570000005,41.3777213,0
                    </coordinates>
                </Point>
            </Placemark>
            <Placemark>
                <name>5.5. Bitacora poblenou</name>
                <description>
                    <![CDATA
                    <br>
                    <br>Preu: 3,90€. Quantitat: 8. Patates: 4. Salsa: 6. Nota final: 5,5. Les patates no tenen cap
                    gracia. Mayo mes salsa vermella qe no mata ni pica. Bones pero gens recomanables]]>
                </description>
                <styleUrl>#icon-503-62AF44</styleUrl>
                <ExtendedData>
                    <Data name="gx_media_links">
                        <value>
                            <![CDATA[https://doc-0c-0s-mymaps.googleusercontent.com/untrusted/hostedimage/sp540u1gdhv7u5v9na7627phvo/6sevlkj82cbh5atj8hb69cesps/1686819488250/xUcpN3FudnuQYrEAf25SWSdkT0JYD12L/17346896698994278261/5ACtvi-F1l929KpQpe0u7g9LKcnFoIuIDNOLP7pxUEUJUYv1kenpRmhTtY9jy-Yk7PDvMJFS4LM7bI5TlW4AWChj8kjC1pfyuBHPLoAmhTcEgp97C97ZqsTngNmF7jGksXTMniDpNSKW-ZwFByC0Nbrq9OZ-9Tnv4GGLn62NEOtHu4DQf7AJdE9BVtHIX84yw?session=0&fife]]></value>
                    </Data>
                </ExtendedData>
                <Point>
                    <coordinates>
                        2.20462090000001,41.4010153,0
                    </coordinates>
                </Point>
            </Placemark>
            <Placemark>
                <name>5.5. Cafe Belgrado</name>
                <description>
                    <![CDATA
                    <br>
                    <br>Preu: . Quantitat: 4. Patates: 5. Salsa: 6. Nota final: 5,5. Patates bullides. Les salses no
                    piqen]]>
                </description>
                <styleUrl>#icon-503-62AF44</styleUrl>
                <ExtendedData>
                    <Data name="gx_media_links">
                        <value>
                            <![CDATA[https://doc-0g-0s-mymaps.googleusercontent.com/untrusted/hostedimage/sp540u1gdhv7u5v9na7627phvo/5tr816gurqnbpj8bfsgoua4p6c/1686819488250/xUcpN3FudnuQYrEAf25SWSdkT0JYD12L/17346896698994278261/5ACtvi-H1mh0sy_ZmDLapZtr9W9E6yPtI3u3kSqBJhzyfP0xfZQfxI3cUPM8fy3Pq7uYCr4j1bYY8XX61K_TXwIa55j6V2hPUx2AhO6rRHj2A5qWilqYJcDYExv9bSaynDEnarI44ouqnErAKTCw3RRlOkHcz4e2Gz5WYOhzFguDmP7vz9qzaNp72OzomeD8j?session=0&fife]]></value>
                    </Data>
                </ExtendedData>
                <Point>
                    <coordinates>
                        2.06992979999995,41.4782914,0
                    </coordinates>
                </Point>
            </Placemark>
            <Placemark>
                <name>5.5. Vivant</name>
                <description>
                    <![CDATA
                    <br>
                    <br>Carrer del Consell de Cent, 394
                    <br>
                    <br>Preu: . Quantitat: 7. Patates: 6. Salsa: 5. Nota final: 5,5. Patates massa grans i de gust no
                    destaquen. Les salses no tenen gust, no sabem quins ingredients tenen<br>Les recomanaries?: no<br>
                    Imprescindibles?: no
                    <br>
                    <br>Dl-Dv: 09:00 - 03:00<br>Ds: 12:00 - 03:00]]>
                </description>
                <styleUrl>#icon-503-62AF44</styleUrl>
                <ExtendedData>
                    <Data name="gx_media_links">
                        <value>
                            <![CDATA[https://doc-10-0s-mymaps.googleusercontent.com/untrusted/hostedimage/sp540u1gdhv7u5v9na7627phvo/875qlh0v1d96a4j83kac8hfua4/1686819488250/xUcpN3FudnuQYrEAf25SWSdkT0JYD12L/17346896698994278261/5ACtvi-FsIw7NieIZMq4ze1XfHHzTDJfbHrKhFnQyY6wxDM5gG7oADK5AYKCJlMQdMAqPxzcJbRHAD45sLgH2R5xBvEhd4sCrJSX6SfR3Bbc3b4XrdBYA7TYcNLP8Nfttxco3jyV2-3WA7Ri9RdE8zu3bLxDvZh8F7ixOGub2awEeNjxQ3vnwjNUu52Ia_V_w?session=0&fife]]></value>
                    </Data>
                </ExtendedData>
                <Point>
                    <coordinates>
                        2.17248199999995,41.3961589,0
                    </coordinates>
                </Point>
            </Placemark>
            <Placemark>
                <name>5.5. Casa Delfin</name>
                <description>
                    <![CDATA
                    <br>
                    <br>Passeig del Born, 36<br>Casa delfin
                    <br>
                    <br>Preu: 4,85. Quantitat: 6. Patates: 6. Salsa: 5. Nota final: 5,5. Patates normaletes i salsa
                    normaleta. Piquen una mica pero no ens diuen res. No son iguals que les fotos, totes les fotos de
                    braves que em trobat, eren diferents<br>Les recomanaries?: no<br>Imprescindibles?: no
                    <br>
                    <br>DLL-DV: 8:00–0:00<br>DSS-DG_ 9:00–1:00]]>
                </description>
                <styleUrl>#icon-503-62AF44</styleUrl>
                <ExtendedData>
                    <Data name="gx_media_links">
                        <value>
                            <![CDATA[https://doc-0o-0s-mymaps.googleusercontent.com/untrusted/hostedimage/sp540u1gdhv7u5v9na7627phvo/hugh313j3t6qiv9bna6njviij0/1686819488250/xUcpN3FudnuQYrEAf25SWSdkT0JYD12L/17346896698994278261/5ACtvi-EFKIhza2_RNIPgIcZaH9UQOS336UE6uCjDPsjpzFosMFd5eoozrC0Rb3NMNZy67_8d_RoaUkQFyAv3sdsKIlDw2BsTHSMy2dJA6-bzKSS0kwwCrvrPEfxTDziwn7-NuvshJm_jcFceOPiZV9w7WWT1oPjVYzfqnDFV3ao9LqSMxdZcbyvK6qkiNxCT?session=0&fife]]></value>
                    </Data>
                </ExtendedData>
                <Point>
                    <coordinates>
                        2.18337880000001,41.385242,0
                    </coordinates>
                </Point>
            </Placemark>
            <Placemark>
                <name>5.5 Insòlita Gea</name>
                <description>
                    <![CDATA
                    <br>
                    <br>Preu: 4,10€. Quantitat: 10. Patates: 7. Salsa: 4. Nota final: 5,5. La patata no esta mal,
                    bullida i fregida. El gust es bo pero textura podria millorar. Salsa blanca: mayo de pot 👎🏼, salsa
                    vermella: tomaquet fregit de pot 👎🏼 (potser han afegit tabasco). Fan mes bona pinta, que lo “bones”
                    que estan<br>Les recomanaries?: no<br>Imprescindibles?: no<br>DATA: 17-05-2018
                    <br>
                    <br>Dl-Dv: 08:00-00:00<br>Ds: 10:00-01:00<br>Dg: 11:00-16:00]]>
                </description>
                <styleUrl>#icon-503-62AF44</styleUrl>
                <ExtendedData>
                    <Data name="gx_media_links">
                        <value>
                            <![CDATA[https://doc-14-0s-mymaps.googleusercontent.com/untrusted/hostedimage/sp540u1gdhv7u5v9na7627phvo/9jgede3psjt1n19l9o1utnmah0/1686819488250/xUcpN3FudnuQYrEAf25SWSdkT0JYD12L/17346896698994278261/5ACtvi-FVYfd__sZH4EtMt78HP0fCzUKwgSpg6Rd3HLbVrk5NmVOBVk4r_IjGLdeC4ErNhHbouj_J0w-B3HsGShOpihLhz-FDtt_HJE6t9vD9YhGhrA11desdS3MsktB7vr11_mYuu4YNedGr2ze-RHlyovycGfr2PF9dpE7cC8n5HQ6ZVvKwU1wXSnpYhak_?session=0&fife]]></value>
                    </Data>
                </ExtendedData>
                <Point>
                    <coordinates>
                        2.17467099999999,41.4113137,0
                    </coordinates>
                </Point>
            </Placemark>
            <Placemark>
                <name>5. Bar Restuarant Balouta-4</name>
                <description>
                    <![CDATA
                    <br>
                    <br>Preu: 1,25€. Quantitat: 10. Patates: 7. Salsa: 3. Nota final: 5. Les patates estan bones: ben
                    fregides i cruixentetes. El problema és la salsa qe es de pot… pero pel preu que té (1,25€) estan
                    molt be!<br>Les recomanaries?: no<br>Imprescindibles?: no<br>DATA: 22/08/2022]]>
                </description>
                <styleUrl>#icon-503-62AF44</styleUrl>
                <ExtendedData>
                    <Data name="gx_media_links">
                        <value>
                            <![CDATA[https://doc-14-0s-mymaps.googleusercontent.com/untrusted/hostedimage/sp540u1gdhv7u5v9na7627phvo/kcfughvm2mc8to2fsu8drp4fd8/1686819488250/xUcpN3FudnuQYrEAf25SWSdkT0JYD12L/17346896698994278261/5ACtvi-FxiOvJGQGmK6sjb5F4IWgBCqaPNIrEWjVC-sRBbHxKxTkei79oxHzXn0iPntWGXbAj_0iUxGixMI50dh9ksccQD_9G0yzsBtSrCAOP-vNovkqqIsFBm-ue7TwlWVHduvBOqNaXDrf-M_3ossnlo-b6BbE-lqTKm_-fGgW3XojJWsC2VP7dHlc3JIEv?session=0&fife]]></value>
                    </Data>
                </ExtendedData>
                <Point>
                    <coordinates>
                        2.1653588,41.4112906,0
                    </coordinates>
                </Point>
            </Placemark>
            <Placemark>
                <name>5. Porcus Girona</name>
                <description>
                    <![CDATA
                    <br>
                    <br>Preu: 3,95€. Quantitat: 7. Patates: 5. Salsa: 5. Nota final: 5. Patata al caliu amb unes
                    especies qe no esta mal. Salsa de pot. Conjunt mediocre<br>Les recomanaries?: no<br>
                    Imprescindibles?: no
                    <br>
                    <br>DATA: 11/08/2020]]>
                </description>
                <styleUrl>#icon-503-62AF44</styleUrl>
                <ExtendedData>
                    <Data name="gx_media_links">
                        <value>
                            <![CDATA[https://doc-00-0s-mymaps.googleusercontent.com/untrusted/hostedimage/sp540u1gdhv7u5v9na7627phvo/4piu6d6u31bt50v1epenv80vig/1686819488250/xUcpN3FudnuQYrEAf25SWSdkT0JYD12L/17346896698994278261/5ACtvi-HLGj3BzosdjKrFOJGXEIw_duTBJKQl6Y6wkHK6FBT5-xngElOJeKfwR6bGgCOgx7RdFwtZFFyIE0uTeZjJw180UufHTjum443Jg_q0Iqdgf6zijHNFL3JMnQ-HNmljNPBPjksjCUWXfT1M9ZomwaBUR0QAlXcEWljsedwxDfTxHQUS484-Isgp17BQ?session=0&fife]]></value>
                    </Data>
                </ExtendedData>
                <Point>
                    <coordinates>
                        2.8228436,41.9818985,0
                    </coordinates>
                </Point>
            </Placemark>
            <Placemark>
                <name>5. Tap de Suro</name>
                <description>
                    <![CDATA
                    <br>
                    <br>Preu 4,5€. Quantitat 7. Patata 7. Salsa 2. Nota Final 5. Sembla salsa de pot, bona patata pero
                    falta cruixentor<br>Les recomanaries? No<br>Imprescindibles? No]]>
                </description>
                <styleUrl>#icon-503-62AF44</styleUrl>
                <ExtendedData>
                    <Data name="gx_media_links">
                        <value>
                            <![CDATA[https://doc-0s-0s-mymaps.googleusercontent.com/untrusted/hostedimage/sp540u1gdhv7u5v9na7627phvo/2mebbs8tled0ou98p4vtmehn6k/1686819488250/xUcpN3FudnuQYrEAf25SWSdkT0JYD12L/17346896698994278261/5ACtvi-FTczBLYGwWna-UtTSrBSDyL9iGmbzNUvJc-afsd_G2e2tMM2y9PgEmQvHY9c4BFtGW2n_bU3K1MhpdEtzX7ZfEGMob9OS7nZXr05Dba48kD5rQqSmiIbfkvY9KGR0OGO-jJqwmy2YOe5dhJ-K0aHjg7yMiLTvga6YgCEWhEVM5KaCdurAIGEkGUTfH?session=0&fife]]></value>
                    </Data>
                </ExtendedData>
                <Point>
                    <coordinates>
                        1.9263565,42.4321362,0
                    </coordinates>
                </Point>
            </Placemark>
            <Placemark>
                <name>5. Bar Lepanto</name>
                <description>
                    <![CDATA]]>
                </description>
                <styleUrl>#icon-503-62AF44</styleUrl>
                <ExtendedData>
                    <Data name="gx_media_links">
                        <value>
                            <![CDATA[https://doc-0k-0s-mymaps.googleusercontent.com/untrusted/hostedimage/sp540u1gdhv7u5v9na7627phvo/78m3b28dgcsco50ur8lhb4hjf4/1686819488250/xUcpN3FudnuQYrEAf25SWSdkT0JYD12L/17346896698994278261/5ACtvi-FJQFXNC0w66orvhMtRdiNVEP-8ay9hEe4OLX473cIEb8DkqIew94VdAYEaVK_6HoVVXenyP5dPOTcUqjlIXTaK1mlNlcAqeO7VAww-14J2R1XmE9zW7kQGRH_BeS4_c3HIw5PAIvWp7hEbwGVFdMyFlY_imf2yHWLMQbn2ZL-5EHBE0m-D6ROLcMEx?session=0&fife https://doc-0c-0s-mymaps.googleusercontent.com/untrusted/hostedimage/sp540u1gdhv7u5v9na7627phvo/sf6sj56edfqnnuu5cqt6bqp8uk/1686819488250/xUcpN3FudnuQYrEAf25SWSdkT0JYD12L/17346896698994278261/5ACtvi-FmYW4KAnbvGuDOAluwtiStcQe8IhV2tsfRca0sPeanqh-NTfl2_xrwYETuSzxH8PCD-Pscml1ftMJ45MXMrYsSjZKKwXWoL6U_m8Fi0SZNVdDVBeeExcxRhluKyXJW4ogHjIb_smhj60EKaBtq3H7oiArT0CbX1I5g-Aee0xwszRNDNgrEsA0Nj8kp?session=0&fife]]></value>
                    </Data>
                </ExtendedData>
                <Point>
                    <coordinates>
                        2.16717,41.41193,0
                    </coordinates>
                </Point>
            </Placemark>
            <Placemark>
                <name>5. San Pankracio</name>
                <description>
                    <![CDATA
                    <br>
                    <br>Preu: 3. Quantitat: 6. Patates: 7. Salsa: 4. Nota final: 5. Salsa rosa de pote, all i oli de
                    pote. Patates bones en proporcio<br>Les recomanaries?: no<br>Imprescindibles?: no<br>DATA:
                    13-12-2017]]>
                </description>
                <styleUrl>#icon-503-62AF44</styleUrl>
                <ExtendedData>
                    <Data name="gx_media_links">
                        <value>
                            <![CDATA[https://doc-04-0s-mymaps.googleusercontent.com/untrusted/hostedimage/sp540u1gdhv7u5v9na7627phvo/9uqtb6m3nnji15qptko9bc4bto/1686819488250/xUcpN3FudnuQYrEAf25SWSdkT0JYD12L/17346896698994278261/5ACtvi-Fa29cYoviT-JtCcDmiSnzWlkkM3RiQseyDSqgRjYs4OvEPm2rBtrPdQZePZqgpuYAdsHDq-JwW4SjiDy9tZDkSEkQZGikh50Wmq8SotMwsKoM43CPr4Y98Y7TOW657U8QbFh9KPTrzohwveDJYnCojvcfwU4TtiJnSIYBkPBznLq9-Rk0vGPF9yXXL?session=0&fife]]></value>
                    </Data>
                </ExtendedData>
                <Point>
                    <coordinates>
                        2.07848060000003,41.347323,0
                    </coordinates>
                </Point>
            </Placemark>
            <Placemark>
                <name>4.5. Chéri</name>
                <description>
                    <![CDATA
                    <br>
                    <br>Carrer d'Enric Granados, 122<br> 8:00 – 1:00
                    <br>
                    <br>Preu: 3,50€. Quantitat: 6. Patates: 7. Salsa: 5. Nota final: 4,5. Patata bona pero recalentada i
                    amb forma de patata fregida normal :(. Salsa molt senzilla, res despecial]]>
                </description>
                <styleUrl>#icon-503-62AF44</styleUrl>
                <ExtendedData>
                    <Data name="gx_media_links">
                        <value>
                            <![CDATA[https://doc-0o-0s-mymaps.googleusercontent.com/untrusted/hostedimage/sp540u1gdhv7u5v9na7627phvo/m90ntdftmki4nusfi2976283ds/1686819488250/xUcpN3FudnuQYrEAf25SWSdkT0JYD12L/17346896698994278261/5ACtvi-EvpZqZw3CvffDNc232GHBYghfRfTQ9HqVHjSYgvJjl-NMs2EY-vk3gkjeRY-1CDHFzmzzYMn22DSaSHUjVIkNTsu9fgB5LB_X2OUbWw3bTC0145Nmiuwgdx_Q-c9S-gF1jPlEZEyh49xvSanu07px3dF8mVFA1S2ssjKGcg7zgT6CtysmNdDZWi83_?session=0&fife]]></value>
                    </Data>
                </ExtendedData>
                <Point>
                    <coordinates>
                        2.15368620000004,41.3945074,0
                    </coordinates>
                </Point>
            </Placemark>
            <Placemark>
                <name>4.5. El picoteo</name>
                <description>Carrer Gran de Gràcia, 162.  Preu: 4€. Quantitat: 6. Patates: 5. Salsa: 6. Nota final: 4,5.
                    Salsa bona, la patata no es la millor de la historia
                </description>
                <styleUrl>#icon-503-CDDC39</styleUrl>
                <Point>
                    <coordinates>
                        2.15289570000004,41.402309,0
                    </coordinates>
                </Point>
            </Placemark>
            <Placemark>
                <name><![CDATA[4.5. Lia d'en vicius]]></name>
                <description>
                    <![CDATA
                    <br>
                    <br>Carrer de Blai, 28. Preu: 4,80€. Quantitat: 10. Patates: 7. Falta cruixent. Salsa: 4. Nota
                    final: 4,5. No piquen. Dues salses: all i oli i "brava"]]>
                </description>
                <styleUrl>#icon-503-62AF44</styleUrl>
                <ExtendedData>
                    <Data name="gx_media_links">
                        <value>
                            <![CDATA[https://doc-10-0s-mymaps.googleusercontent.com/untrusted/hostedimage/sp540u1gdhv7u5v9na7627phvo/3u64sdanvmusns206tvepv4tk0/1686819488250/xUcpN3FudnuQYrEAf25SWSdkT0JYD12L/17346896698994278261/5ACtvi-FVHJhJcnuFgCqIHOTM8pUwT3r2RPBazFLlz8zunWwKzWbaSiaJPGRG9a9SqA3lwYS9Cm4wuucIp7MVk75MY2NGPH7Xf40hjK4_jWF7-9ciyr_C5hJOgtCNd2lGSwRMzwP8ocK9DvvRDoA07kDjZMvVhTpuGJst_2jji4EnJVHZSdwxh2GA5ow6JkG7?session=0&fife]]></value>
                    </Data>
                </ExtendedData>
                <Point>
                    <coordinates>
                        2.16433830000005,41.3738158,0
                    </coordinates>
                </Point>
            </Placemark>
            <Placemark>
                <name>4.5. Casa Fuster</name>
                <description>
                    <![CDATA]]>
                </description>
                <styleUrl>#icon-503-62AF44</styleUrl>
                <ExtendedData>
                    <Data name="gx_media_links">
                        <value>
                            <![CDATA[https://doc-0g-0s-mymaps.googleusercontent.com/untrusted/hostedimage/sp540u1gdhv7u5v9na7627phvo/33t4kkcnsdrfateu6775hg5cpg/1686819488250/xUcpN3FudnuQYrEAf25SWSdkT0JYD12L/17346896698994278261/5ACtvi-H9y2eJmzkjBOcV3HCa_1EGU1hdlfFOatXE9qJkhXTB2FhfmPdVQ0V3R4Ht8n7UDR_4n3PjXVhyC7zFhUpv-F7AmTi44A8atQxo0-My-x8brlWt64dfunhasDYpprhFoQb2XjI5KVEsqOMkmbfdKdbHCZ8iO-fnplAhf7r4Y88zu1eaMDfWTEfQd9Up?session=0&fife https://doc-08-0s-mymaps.googleusercontent.com/untrusted/hostedimage/sp540u1gdhv7u5v9na7627phvo/l99pke06lgo1nvp35ifrctac9c/1686819488250/xUcpN3FudnuQYrEAf25SWSdkT0JYD12L/17346896698994278261/5ACtvi-GyjXNyivpJwcsRIFCIilG_Pr2M-1BhzfuexvzfI8F5hgbc-JjmCZN2ZrZw0F7IubeH_mHFRBNEAlpHtNy1VnOwlWEL5A1MWANleZFXIw1H4KvGIARZRQvQLTRzAlpZNQPvfzUjNSphNUcuPMDEhX3BuvzBfPiaMlLj1N9dz0_s1Y14bFshtybtJQTy?session=0&fife]]></value>
                    </Data>
                </ExtendedData>
                <Point>
                    <coordinates>
                        2.15806099999998,41.397976,0
                    </coordinates>
                </Point>
            </Placemark>
            <Placemark>
                <name>4. Bar La Cabaña</name>
                <description>
                    <![CDATA
                    <br>
                    <br>Preu: . Quantitat: 7. Patates: 5. Salsa: 3. Nota final: 4. Braves de bar de manolo amb tot de
                    pot<br>Les recomanaries?: no<br>Imprescindibles?: no<br>DATA: 13/03/2023]]>
                </description>
                <styleUrl>#icon-503-62AF44</styleUrl>
                <ExtendedData>
                    <Data name="gx_media_links">
                        <value>
                            <![CDATA[https://doc-0o-0s-mymaps.googleusercontent.com/untrusted/hostedimage/sp540u1gdhv7u5v9na7627phvo/rek5hh91v9v2h7q5t1jpd59ul0/1686819488250/xUcpN3FudnuQYrEAf25SWSdkT0JYD12L/17346896698994278261/5ACtvi-F5eMzB9dGzpmGclEiZCHExhw9Jow6Fm_CM8Uh8rlw3uZd_Mq2gjbKW_EKkNZkYWLy_RJuSzymeHVKQIXkULDKOk8ojBdtqupIOEMyv6h7Jqdim5TjsM_DagCpFms43hIl5ngQqY6s1J1VZYpsERJ2gA453RnuT7YMRxghEO_wd-BeaN4CiWQwA47qWBPm_1Tuhzt7i_b6HqL-ay8x5-3lvoVaOfAPQVMlobAM?session=0&fife]]></value>
                    </Data>
                </ExtendedData>
                <Point>
                    <coordinates>
                        2.1778274,41.4071737,0
                    </coordinates>
                </Point>
            </Placemark>
            <Placemark>
                <name>4. Almirall</name>
                <description>
                    <![CDATA[Preu: 4,50€. Quantitat: 8. Patates: 5. Salsa: 3. Nota final: 4. El que mai vols que passi quan demanes unes braves: patates congelades i salsa de pot que ni pica. Per lo menys estan ben fregides.<br>Les recomanaries?: no<br>Imprescindibles?: no<br>DATA: 21/06/2022]]></description>
                <styleUrl>#icon-503-CDDC39</styleUrl>
                <Point>
                    <coordinates>
                        2.1883333,41.41,0
                    </coordinates>
                </Point>
            </Placemark>
            <Placemark>
                <name>4. Vermutería Lorenz</name>
                <description>
                    <![CDATA
                    <br>
                    <br>Preu: 5,50€. Quantitat: 8. Patates: 5. Salsa: 3. Nota final: 4. Les patates no estan malament
                    fregides, pero el gust no destaca i falta carinyo. Les salses: ketchup per sobre, allioli de pot, i
                    salsa rosa picant. Lamentable és poc<br>Les recomanaries?: no<br>Imprescindibles?: no<br>DATA:
                    08/05/2021]]>
                </description>
                <styleUrl>#icon-503-62AF44</styleUrl>
                <ExtendedData>
                    <Data name="gx_media_links">
                        <value>
                            <![CDATA[https://doc-14-0s-mymaps.googleusercontent.com/untrusted/hostedimage/sp540u1gdhv7u5v9na7627phvo/v79rfui0m3nhpsl3nmq9goa0us/1686819488250/xUcpN3FudnuQYrEAf25SWSdkT0JYD12L/17346896698994278261/5ACtvi-G__HjNYU6vBE6NQEGPB9KNlCuF0QDYGy8UvoPtGzF6X47861emGqUcHZOkZrokLaGRK1OCx4MFkDUpxNIsFf6VtUMd5GGcOxMAwE7euo-z3TPm-ivhcGH9PWaNd1Z8MgGO1pm7VaUo2eR5IAAa8iJnB-oZBbpulMJGVCxgLBWhcvGG2XJ_4Ad58Q_S?session=0&fife]]></value>
                    </Data>
                </ExtendedData>
                <Point>
                    <coordinates>
                        2.1643519,41.4111773,0
                    </coordinates>
                </Point>
            </Placemark>
            <Placemark>
                <name>4. MONTESQUIU</name>
                <description>
                    <![CDATA
                    <br>
                    <br>Carrer de Mandri, 56
                    <br>
                    <br>Preu: 2,60. Quantitat: 4. Patates: 7,57. Salsa: 3. Nota final: 4. patates no estan calentes,
                    pero no es el pitjor. La salsa no ens agrada. No te cap gracia i es avinagrada
                    <br>
                    <br>Dl-dg: 12.00h - 16.30h i 19.00h - 24.00h]]>
                </description>
                <styleUrl>#icon-503-62AF44</styleUrl>
                <ExtendedData>
                    <Data name="gx_media_links">
                        <value>
                            <![CDATA[https://doc-14-0s-mymaps.googleusercontent.com/untrusted/hostedimage/sp540u1gdhv7u5v9na7627phvo/juk5dfg3s95i7fl4hjaqfeka9k/1686819488250/xUcpN3FudnuQYrEAf25SWSdkT0JYD12L/17346896698994278261/5ACtvi-HxgEfRvVd4pplWhScmE8UQ2_sFzcfYM5BsGVCRuKkwfH8BAdBMZxMtHK8iUUJxdc4UlJSFTurqb1I_3LL7uFIbX2ZcwBsfF52AA-eyOeYPJyorIpn46Al6rm2GvHM9va9tOLRB0Fm73agbgxjXG3tqHoIV5KqRB4Mhswpb7AiFSy4VH4tTaMBq4Z4P?session=0&fife]]></value>
                    </Data>
                </ExtendedData>
                <Point>
                    <coordinates>
                        2.13250689999995,41.4046712,0
                    </coordinates>
                </Point>
            </Placemark>
            <Placemark>
                <name>4. YaYa</name>
                <description>
                    <![CDATA
                    <br>
                    <br>Preu: 3,80€. Quantitat: 9. Patates: 4. Salsa: 4. Nota final: 4. Tipiques braves congelades amb
                    salsa de pot<br>Les recomanaries?: no<br>Imprescindibles?: no<br>DATA: 28-02-2020]]>
                </description>
                <styleUrl>#icon-503-62AF44</styleUrl>
                <ExtendedData>
                    <Data name="gx_media_links">
                        <value>
                            <![CDATA[https://doc-08-0s-mymaps.googleusercontent.com/untrusted/hostedimage/sp540u1gdhv7u5v9na7627phvo/2n1g55vv92icun845g8dqvdqr0/1686819488250/xUcpN3FudnuQYrEAf25SWSdkT0JYD12L/17346896698994278261/5ACtvi-FVdHd2f32E92jwk_7QprlDCdIAYjIbiv07R_ZpiAukRKG7DNqCdG5yGxiTZP1Of9uRclWHJh-mmSJFZlS_IpnS54NRoCXU5J7cuGTXQwU2a9JA66l_olfd8LfUpnXRxymzhOyvLj8Fhdlp4-dx1zhoCk2lHyRAJlolX5J5O8a8OoH2W4IK35DUrVpo?session=0&fife]]></value>
                    </Data>
                </ExtendedData>
                <Point>
                    <coordinates>
                        2.1496885,41.3908074,0
                    </coordinates>
                </Point>
            </Placemark>
            <Placemark>
                <name>3.5. La Montiel37</name>
                <description>
                    <![CDATA
                    <br>
                    <br>Preu: 4,95€. Quantitat: 8. Patates: 7. Salsa: 0. Nota final: 3,5. Les patates estaven ben
                    feegides pero son del monton. “Salsa” insultant de ketchup i mayonesa amb pimenton picant per sobre
                    <br>Les recomanaries?: no<br>Imprescindibles?: no<br>DATA: 5-9-2020]]>
                </description>
                <styleUrl>#icon-503-62AF44</styleUrl>
                <ExtendedData>
                    <Data name="gx_media_links">
                        <value>
                            <![CDATA[https://doc-0s-0s-mymaps.googleusercontent.com/untrusted/hostedimage/sp540u1gdhv7u5v9na7627phvo/pmlorqgf9i0tdcbj2esaundf80/1686819488250/xUcpN3FudnuQYrEAf25SWSdkT0JYD12L/17346896698994278261/5ACtvi-EIdUzNVHAa6i7Niybb14NmGx9nBK_2t1jSwbxJFeyPbZtLvaiq8OtvTBG9QXmA7CE0HAZwxgaZYpfFEk3vUHcowDj_VeExkTk_yZ8heNNemFI4OBgWIcbrYKpS66WXeMnmEQacTC-48MTfVd6E0aYzk9McxQAyDEAix4gBXXpm6VDL9TGpxDlpXAOR?session=0&fife]]></value>
                    </Data>
                </ExtendedData>
                <Point>
                    <coordinates>
                        2.1611111,41.3766667,0
                    </coordinates>
                </Point>
            </Placemark>
            <Placemark>
                <name>3. MUKCAFE</name>
                <description>
                    <![CDATA
                    <br>
                    <br>No hi aneu!!!
                    <br>
                    <br>9/07/2020]]>
                </description>
                <styleUrl>#icon-503-62AF44</styleUrl>
                <ExtendedData>
                    <Data name="gx_media_links">
                        <value>
                            <![CDATA[https://doc-0c-0s-mymaps.googleusercontent.com/untrusted/hostedimage/sp540u1gdhv7u5v9na7627phvo/lqrmp9l2jdh3u0ph6pl4dfu07k/1686819488250/xUcpN3FudnuQYrEAf25SWSdkT0JYD12L/17346896698994278261/5ACtvi-GhGDWRZ3l3KYvrSZi2NeRpZplTDPbNhzETn488EZzRyv-RYXHw5DqHNsPvLuasX-tQ4dU78V3Mhwb36L9rHc3bYkCt2wLMf8EFfZpJuXPAqXT4ZZWEbBKbYuVZ6pvimOohZiaI6doPI7WdcFZfHzOJZm7MADz6C0RYwdrYAnlPlRBJ-YKgUza0t1H4?session=0&fife]]></value>
                    </Data>
                </ExtendedData>
                <Point>
                    <coordinates>
                        2.1697274,41.4099621,0
                    </coordinates>
                </Point>
            </Placemark>
            <Placemark>
                <name>3. La Bombeta</name>
                <description>
                    <![CDATA
                    <br>
                    <br>Preu: 4,50€. Quantitat: 8. Patates: 3. Salsa: 3. Nota final: 3. Ens van dir que les braves eren
                    millors que les bombas. ERROR. La foto no enganya<br>Les recomanaries?: no<br>Imprescindibles?: no
                    <br>DATA: 02/01/2021]]>
                </description>
                <styleUrl>#icon-503-62AF44</styleUrl>
                <ExtendedData>
                    <Data name="gx_media_links">
                        <value>
                            <![CDATA[https://doc-0c-0s-mymaps.googleusercontent.com/untrusted/hostedimage/sp540u1gdhv7u5v9na7627phvo/cj7il880ko7e12e80t27p8ucsc/1686819488250/xUcpN3FudnuQYrEAf25SWSdkT0JYD12L/17346896698994278261/5ACtvi-ECz6n89KdgeYuVA6FzIHa3VjRBR8zRzsKHkf25erTF8U0h2pGDeHGlK_DZSoUsYT9w7GvWBLEwZkx0Ip66iKOcsLZkC8HJB1v_OlvKZJOgbzNeECES2x4SwCP17zFpzuPnvy6X5P8M559kSZFmMoYNIh4uSRLL17EheZ0QYj1pFKri8RGmYhjCEZls?session=0&fife]]></value>
                    </Data>
                </ExtendedData>
                <Point>
                    <coordinates>
                        2.187725,41.3805349,0
                    </coordinates>
                </Point>
            </Placemark>
            <Placemark>
                <name>2. Déjà Burg</name>
                <description>
                    <![CDATA
                    <br>
                    <br>Preu: 3,90€. Quantitat: 8. Patates: 3. Salsa: 1. Nota final: 2. Patates fregides congelades (no
                    estan mal, pero es veu a legues qe son congelades i no "cortadas a mano" com diu a la carta). Salsa
                    amb pimenton picante i zero gracia<br>Les recomanaries?: no<br>Imprescindibles?: no]]>
                </description>
                <styleUrl>#icon-503-62AF44</styleUrl>
                <ExtendedData>
                    <Data name="gx_media_links">
                        <value>
                            <![CDATA[https://doc-0s-0s-mymaps.googleusercontent.com/untrusted/hostedimage/sp540u1gdhv7u5v9na7627phvo/agtc8fs528lsl4qfppret9suk8/1686819488250/xUcpN3FudnuQYrEAf25SWSdkT0JYD12L/17346896698994278261/5ACtvi-H8DYzK5nbyhM6pIPe94GhQU7tsY56WiaqfopWtBjYOYMM28K7EkmfgWcz5MpyWFy9NFW0B9qYykPIMkAeNfpr5Yum5gIdgL1jFReRLr_h15G8bfW8UC-l-iSpft_G4i0eqGwrTEwKx04xt1G-yIQzDnOcHF3G6YbBvFTadyK_n1hg8FKaeKKFlfhBn?session=0&fife]]></value>
                    </Data>
                </ExtendedData>
                <Point>
                    <coordinates>
                        2.15321599999993,41.391767,0
                    </coordinates>
                </Point>
            </Placemark>
        </Folder>
        <Folder>
            <name>OK Fora concurs</name>
            <Placemark>
                <name>10. PATATINES AL CABRALES CON “ABLANES” - El Chigre 1769</name>
                <description>
                    <![CDATA
                    <br>
                    <br>DL-DG: 12:00–0:00
                    <br>
                    <br>iguals que Llamber (YUMMY :P)]]>
                </description>
                <styleUrl>#icon-503-0BA9CC</styleUrl>
                <ExtendedData>
                    <Data name="gx_media_links">
                        <value>
                            <![CDATA[https://doc-14-0s-mymaps.googleusercontent.com/untrusted/hostedimage/sp540u1gdhv7u5v9na7627phvo/pd488mfsd91g7rckpvchq09so8/1686819488250/xUcpN3FudnuQYrEAf25SWSdkT0JYD12L/17346896698994278261/5ACtvi-GD_Ed9Nn742_KjjYBRbFqTWcfEbCf4qenQ59EQc1T1tM8-YbBrhTx44IjAGLgZH1Pxp01FtdyBH3h4RIzl2rUnq1ZT_V2NBzASoZITVG1kmsOk1gF1p-7yUY-3tH5dhGQBZJlBqEO_dEzBkwkdBzG90oJRVCI2uw9Ocb3L89cOvFyrE__qQtqkuLzF?session=0&fife]]></value>
                    </Data>
                </ExtendedData>
                <Point>
                    <coordinates>
                        2.18167900000003,41.383764,0
                    </coordinates>
                </Point>
            </Placemark>
            <Placemark>
                <name>9. Bocata bravo - La Porca</name>
                <description>
                    <![CDATA
                    <br>
                    <br>Preu: 6€. Quantitat: 8. Nota final: 9. Entrepa molt bo de porc i patates. No pica, la salsa esta
                    bona. Podria sembla masa pesat pero resulta lleuger<br>DATA: 8-2-2018]]>
                </description>
                <styleUrl>#icon-503-0BA9CC</styleUrl>
                <ExtendedData>
                    <Data name="gx_media_links">
                        <value>
                            <![CDATA[https://doc-04-0s-mymaps.googleusercontent.com/untrusted/hostedimage/sp540u1gdhv7u5v9na7627phvo/iqci59s1937e5t2q4hkvhno708/1686819488250/xUcpN3FudnuQYrEAf25SWSdkT0JYD12L/17346896698994278261/5ACtvi-G8PuCmPRLFhvv6WoKC8rfFhxuA3pfzQL3ZOTfNFnX1tlePe-4biVvipVIT3JZPZL3R5vfSpGDdccNjDcMGOuiXU1gdU5Ira5I6jJ1_dsiSpfj-8aXYhEUZateid1_iP2XGshxEdcNrxh46V8UJmKdPQ4FOTsfbuudv1zJ6xRVPBQHQ33GBr_h6LyQZ?session=0&fife]]></value>
                    </Data>
                </ExtendedData>
                <Point>
                    <coordinates>
                        2.17065100000002,41.373009,0
                    </coordinates>
                </Point>
            </Placemark>
            <Placemark>
                <name>8,5. Truita brava - Les Truites</name>
                <description>
                    <![CDATA
                    <br>
                    <br>Preu: 28€. Quantitat: 6. Patates: 9. Salsa: 10. Nota final: 8,5. Truita farcida de patates
                    braves. Les patates no son fregides pero va de la ma de la truita. La salsa pica molt mes que moltes
                    altres braves: ens agrada. Una truita de braves ha de ser imprescindible<br>Les recomanaries?: si
                    <br>Imprescindibles?: si<br>DATA: 22-02-2018]]>
                </description>
                <styleUrl>#icon-503-0BA9CC</styleUrl>
                <ExtendedData>
                    <Data name="gx_media_links">
                        <value>
                            <![CDATA[https://doc-0k-0s-mymaps.googleusercontent.com/untrusted/hostedimage/sp540u1gdhv7u5v9na7627phvo/h2b3untg6o676e7ta5nolqbmq8/1686819488250/xUcpN3FudnuQYrEAf25SWSdkT0JYD12L/17346896698994278261/5ACtvi-HDuKQfDKQ8iTBWHNry4uwpyuleHCVWWWPIxsvLLcaoKfdOgTQAZH5N8pCsNz5dF4y7mt3XbKftWyP8yak235fw-Y94bPwKKH-wJNXvTr3O0HY5EKwj80xeQ2OtIhJYvzXD_BWDdAO5VNRoex1y4zViTIywXx5fgiQi5kqooicx57_UMGw3tfx0cvep?session=0&fife]]></value>
                    </Data>
                </ExtendedData>
                <Point>
                    <coordinates>
                        2.13691029999995,41.4043781,0
                    </coordinates>
                </Point>
            </Placemark>
            <Placemark>
                <name>8. Pollo bravo - Rooster</name>
                <description>
                    <![CDATA
                    <br>
                    <br>Preu: 5€. Quantitat: 8. Patates: -. Salsa: 9. Nota final: 8. No es patata, es pollastre fregit
                    amb una salsa vermella cassolana i un allioli casolà també. Tot el conjunt pica 😋<br>Les
                    recomanaries?: no<br>Imprescindibles?: no<br>DATA: 17/10/2013]]>
                </description>
                <styleUrl>#icon-1169</styleUrl>
                <ExtendedData>
                    <Data name="gx_media_links">
                        <value>
                            <![CDATA[https://doc-00-0s-mymaps.googleusercontent.com/untrusted/hostedimage/sp540u1gdhv7u5v9na7627phvo/35opj6mivm28jkblbf57elkqcg/1686819488250/xUcpN3FudnuQYrEAf25SWSdkT0JYD12L/17346896698994278261/5ACtvi-EK4sKasiF-IX6ELtD_3hocr4fJtbedpZuCFZmtFnczgbsIigFNj8YSWQhyF6DnSaUhIgKTt5zjyYSfpMjJKbOpsowiboW8yFmb4gBoJs9yJ9V7ArZtTEU81DIv0aHxAfsv1TO3KwksTG-d_a62MiuQoGtxUIrC1Dmlss1OgINiQQ3ttf7bWbAP7tXJ?session=0&fife]]></value>
                    </Data>
                </ExtendedData>
                <Point>
                    <coordinates>
                        2.14761610000005,41.3941007,0
                    </coordinates>
                </Point>
            </Placemark>
            <Placemark>
                <name>7,5. Gnochis bravos - Pasta Market</name>
                <description>
                    <![CDATA]]>
                </description>
                <styleUrl>#icon-503-0BA9CC</styleUrl>
                <ExtendedData>
                    <Data name="gx_media_links">
                        <value>
                            <![CDATA[https://doc-0s-0s-mymaps.googleusercontent.com/untrusted/hostedimage/sp540u1gdhv7u5v9na7627phvo/9l1bpvftsh8ir08jk7i96ouc1g/1686819488250/xUcpN3FudnuQYrEAf25SWSdkT0JYD12L/17346896698994278261/5ACtvi-HzQ_S0n2xEOnnKcENMw8wni0YP_eX3i35JtxOl7OJQmrWo-b5YYrWXeHHcbqbhIOugZcEis00mU-WkvMTArsWo4QEYqsuK1EE0i4F5GxBNlOrZ1FIz3vnUYm7GzVWN-BtAbnnRVkGapk26V6oSsPQ8g6lrXCjlXf2CUtRCpQldTtrDDjKBJ2f1BZ3L?session=0&fife https://doc-0o-0s-mymaps.googleusercontent.com/untrusted/hostedimage/sp540u1gdhv7u5v9na7627phvo/6vj8jfj6nnmgliuaqmbsl4ajn4/1686819488250/xUcpN3FudnuQYrEAf25SWSdkT0JYD12L/17346896698994278261/5ACtvi-Gxl6ax_wH-MeN6fZ52tkc0WRONhuvL6hC57TCwmZXHx2lgaPfIt8lkVYNyk2WYLNMZlK5o8UXLzDMif7qgOgxoEE57vZuQ8QRseM5R4bJ2t14BSGljtvNWgTa7akYabsjvRyx7S09rI-rLMO7n0GBAxcKSiCfl3-XPgJXrohmC-82puUavouIy7fDG?session=0&fife]]></value>
                    </Data>
                </ExtendedData>
                <Point>
                    <coordinates>
                        2.1728349,41.3813654,0
                    </coordinates>
                </Point>
            </Placemark>
            <Placemark>
                <name>5,5. Cachopo bravo - Caramba Tapas</name>
                <description>
                    <![CDATA
                    <br>
                    <br>Preu: 4,50€. Quantitat: 8. Nota final: 5,5. El cachopo esta bo, tot i que poc farcit. Les
                    patates passables pero la salsa sense gracia<br>DATA: 8-2-2018]]>
                </description>
                <styleUrl>#icon-503-0BA9CC</styleUrl>
                <ExtendedData>
                    <Data name="gx_media_links">
                        <value>
                            <![CDATA[https://doc-0o-0s-mymaps.googleusercontent.com/untrusted/hostedimage/sp540u1gdhv7u5v9na7627phvo/9076udskkmt1m9k9cj6nu6di3c/1686819488250/xUcpN3FudnuQYrEAf25SWSdkT0JYD12L/17346896698994278261/5ACtvi-GAZNA-SLHxAtLK5xR-ZtIsGeJ2AMk2VqNwxxJCIuBDKVtNqnnYxrTxseUADLQc8oMv5GU-29dZoyZUaq9uMVCR8Gug0M-7wY_kTUuijHtn3ikeDypUvxismADPnnRcvLDzyq0ddlCnJBKLkixS8WFiYxvYLqMFVlXOsiLBjebPkwUDJbQnX4aF9Uyo?session=0&fife]]></value>
                    </Data>
                </ExtendedData>
                <Point>
                    <coordinates>
                        2.16488359999994,41.3776769,0
                    </coordinates>
                </Point>
            </Placemark>
        </Folder>
        <Folder>
            <name>OK Tancats</name>
            <Placemark>
                <name>9.5. Rufus</name>
                <description>
                    <![CDATA
                    <br>
                    <br>Preu: 5,90€. Quantitat: 10. Patates: 9. Salsa: 10. Nota final: 9,5. La patata bullida o algo NO
                    fregit, estan molt bones de gust, pero baixen un punt per no ser fregides. La salsa blanca es un all
                    i oli suau amb algo confitat. La salsa vermella es picantona i amb especies. Conjunt molt resulton,
                    poder un xic salat<br>Les recomanaries?: si<br>Imprescindibles?: no<br>DATA: 17/09/2019
                    <br>
                    <br>bravasBCN]]>
                </description>
                <styleUrl>#icon-1169</styleUrl>
                <ExtendedData>
                    <Data name="gx_media_links">
                        <value>
                            <![CDATA[https://doc-0k-0s-mymaps.googleusercontent.com/untrusted/hostedimage/sp540u1gdhv7u5v9na7627phvo/6vqrskjuf0qdg261c49m39fod0/1686819488250/xUcpN3FudnuQYrEAf25SWSdkT0JYD12L/17346896698994278261/5ACtvi-Fe0pmImoiIKrc4rL1AKZXJ5SFJno5tkJR7kfLFwvCcHyhee5m-aH7BD523S0vbGjN9gCMw5hJsrne0ZNL5s1im3D8LUHuPRhTIvCqqlCRHjMPdfabWZ8vo7eHYblvYNnSPlJuho0v852IfvtBkjpbGo2JHPmYqMv8xeo9gGP_Q69u0sz4cXDlPYtBk?session=0&fife]]></value>
                    </Data>
                </ExtendedData>
                <Point>
                    <coordinates>
                        2.15601770000001,41.3919652,0
                    </coordinates>
                </Point>
            </Placemark>
            <Placemark>
                <name>9.5. ClassRoom (MOLT CRUJIS). T DSS I DG</name>
                <description>
                    <![CDATA
                    <br>
                    <br>Preu: 5,90€. Quantitat: 10. Patates: 9. Salsa: 10. Nota final: 9,5. Suuuuuper crujis,
                    infinitament crujis!!! Potser massa...no hi ha lloc a patata toveta. La salsa blanca un allioli suau
                    super bo. La vermella: una salsa de tomaquet amb ceba i amb picant suficient.<br>Les recomanaries?:
                    si<br>Imprescindibles?: si
                    <br>
                    <br>DATA: 18-09-2018<br>DLL-DV 7:30–23:30
                    <br>
                    <br>bravasbcn]]>
                </description>
                <styleUrl>#icon-1169</styleUrl>
                <ExtendedData>
                    <Data name="gx_media_links">
                        <value>
                            <![CDATA[https://doc-04-0s-mymaps.googleusercontent.com/untrusted/hostedimage/sp540u1gdhv7u5v9na7627phvo/sj5ondifq4qmd7ti032nk791ec/1686819488250/xUcpN3FudnuQYrEAf25SWSdkT0JYD12L/17346896698994278261/5ACtvi-Hw1hHr_sZXNjS0uIp2AAnYlD0wn4x9FJgokMH0i7C8ycs67kQz499b8yupKu_HXDdfPoNWjTHfn7aN0--lsEtifa2FbeM9BFgq7hr5TnhFJ6R0tyd8212z0vFTWcUKBgDwOH0XEQbZQboIupd4-l-loyhS0-isxzfuexkmNvUf1tUpic94fsmPfnL-?session=0&fife]]></value>
                    </Data>
                </ExtendedData>
                <Point>
                    <coordinates>
                        2.13868750000006,41.3891138,0
                    </coordinates>
                </Point>
            </Placemark>
            <Placemark>
                <name><![CDATA[9.5. Frankie's. T DG MATI]]></name>
                <description>
                    <![CDATA
                    <br>
                    <br>Carrer de Muntaner, 233
                    <br>
                    <br>Dl-dx 13:00 a 16:00h y de 19:00 a 24:00h<br>Dj 13:00 a 16:00h y de 19:00 a 02:00h<br>Dv-dss
                    13:00 a 02:00h<br>Dg de 19:00 a 24:00h
                    <br>
                    <br>Preu: 3,50€. Quantitat: 6. Patates: 9. Salsa: 10. Nota final: 9,5. La patata esta molt bona, al
                    gust de la bàrbara, podrien tenir una mica mes de cruixentor. El toni no opina lo mateix. La salsa
                    es un allioli suau acompanyat dun oli bastant picant =D! Un pel salades.]]>
                </description>
                <styleUrl>#icon-1169</styleUrl>
                <ExtendedData>
                    <Data name="gx_media_links">
                        <value>
                            <![CDATA[https://doc-0o-0s-mymaps.googleusercontent.com/untrusted/hostedimage/sp540u1gdhv7u5v9na7627phvo/2jl1re0u43a3551jhd2nn9leog/1686819488250/xUcpN3FudnuQYrEAf25SWSdkT0JYD12L/17346896698994278261/5ACtvi-GnpykxMU6npM1AyxX1FTEbNs3vnmv2-Wswu9r3rnr_7Cw4ir4h_qRefV-4InwBCW4C2baRcMRs87UbMSf0AYv9p8EpQ57_YUzoTaN-9J_FENgSTzfUm57LUC4d3ER0kXxVgL5JWofJ-1sZ4uj2azy1Br5C2BtOyBaBc9MlQpK_4mPKLmzvGXkYo22t?session=0&fife]]></value>
                    </Data>
                </ExtendedData>
                <Point>
                    <coordinates>
                        2.14864390000002,41.3946193,0
                    </coordinates>
                </Point>
            </Placemark>
            <Placemark>
                <name>9.5. Colorete</name>
                <description>
                    <![CDATA]]>
                </description>
                <styleUrl>#icon-1169</styleUrl>
                <ExtendedData>
                    <Data name="gx_media_links">
                        <value>
                            <![CDATA[https://doc-0c-0s-mymaps.googleusercontent.com/untrusted/hostedimage/sp540u1gdhv7u5v9na7627phvo/odln2i3th5cp4hrlm97aidn9vs/1686819488250/xUcpN3FudnuQYrEAf25SWSdkT0JYD12L/17346896698994278261/5ACtvi-Fb4WU8SIs3yU7EVddYWQlklMEoi4VPlbZYwssFGltzhl7j02_8UwR6OZxrcOfj6nhD_Cn5UdVXqW9GiV0SoYRMPIRi9sqVJ4Y9oVhuRgJv9Tsy_BTg1zBgx5nrJuTZ0TTJtTCdQnJ3hNM_eLlf6C16IRdz4s_iVkGsmOA7wnWstZGdiPAVCjZhj06e?session=0&fife https://doc-04-0s-mymaps.googleusercontent.com/untrusted/hostedimage/sp540u1gdhv7u5v9na7627phvo/ggebn951ureij7ng7fgjsf9l1o/1686819488250/xUcpN3FudnuQYrEAf25SWSdkT0JYD12L/17346896698994278261/5ACtvi-HvL2RRVngVlzd8l6VoXMCohsjU33CY18RMNdeoqVamXvtAg10gMDxvZXoAzz49zpoc4dwNDl4ar0eSm5VPq3ww6joZkX241OPoMfZ__jTdKLtHnyc-gp_dSjJF8t70C0VtRQMnaKlRa59w8EmaAiF0a_YsriIZ2klwgm0jLCxF_gn_D3tUxzZT__aQ?session=0&fife]]></value>
                    </Data>
                </ExtendedData>
                <Point>
                    <coordinates>
                        2.17405469999994,41.3932657,0
                    </coordinates>
                </Point>
            </Placemark>
            <Placemark>
                <name>9. El Chaflan de Barcelona </name>
                <description>
                    <![CDATA
                    <br>
                    <br>Carrer del Comte d'Urgell, 280<br>13:00 - 1:00
                    <br>
                    <br>Preu: 4,50€. Quantitat: 2. Patates: 8, patates petites, massa pell. Salsa: 10. Nota final: 9.
                    Salsa molt bona, molta salsa per patata. Piquen. Llastima de la quantitat. Coberts daurats. Cares
                    pero valen la pena una vegada a la vida]]>
                </description>
                <styleUrl>#icon-1169</styleUrl>
                <ExtendedData>
                    <Data name="gx_media_links">
                        <value>
                            <![CDATA[https://doc-0o-0s-mymaps.googleusercontent.com/untrusted/hostedimage/sp540u1gdhv7u5v9na7627phvo/1pc2o3j28qtqegnadj9lutnc6g/1686819488250/xUcpN3FudnuQYrEAf25SWSdkT0JYD12L/17346896698994278261/5ACtvi-HWcLoEcq890SGTGiV5mMVhvMuvPNkfZM-XrNkKBO6YsJTb6hd9AabsV-vGfxXfX_BUVUe9S7LO5KHlfiOvEBTAABrYRqdk0hpjgjIU7Azu2uu47_LdzoMRS6mWkSUnEs8nhZTA-V_Y6Ap_9zsFx3OFXVmuUtNsQZBc3stFVPDcwzSmxduFmMTwFgCU?session=0&fife]]></value>
                    </Data>
                </ExtendedData>
                <Point>
                    <coordinates>
                        2.14636440000004,41.3916275,0
                    </coordinates>
                </Point>
            </Placemark>
            <Placemark>
                <name>9. Restaurant Meating</name>
                <description>
                    <![CDATA
                    <br>
                    <br>Preu: 4,90. Quantitat: 10. Patates: 8,5. Salsa: 9. Nota final: 9. A la patata li falta
                    cruixentor pero estan bones de sabor i ben fetes (i calentones). La salsa blanca es ajonesa suau, la
                    vermella es ceba caramelitzada/confitada amb nyora, pimenton.... Haurien de picar molt més<br>Les
                    recomanaries?: si<br>Imprescindibles?: si]]>
                </description>
                <styleUrl>#icon-1169</styleUrl>
                <ExtendedData>
                    <Data name="gx_media_links">
                        <value>
                            <![CDATA[https://doc-0o-0s-mymaps.googleusercontent.com/untrusted/hostedimage/sp540u1gdhv7u5v9na7627phvo/qtcksg322g2b96hchjr0oc4hig/1686819488250/xUcpN3FudnuQYrEAf25SWSdkT0JYD12L/17346896698994278261/5ACtvi-Fu3j0p8m4O-MKCNJy5GIOcr9U2C9cex4W4qp8wH1nqbZ0Sqf__1KikRqmslBt7hSuSAot2Te1mRWMaLiGUpuNlem9h9k63z_ej3xnOF4tMjC-P_2ZxR9_xZpZl5qTcZ640aGNM3Ahn1eWlUeyRXUqKC00wXPzGl08qu-l67M-i4gUkJhcGZYjHkYCo?session=0&fife]]></value>
                    </Data>
                </ExtendedData>
                <Point>
                    <coordinates>
                        2.14257529999998,41.3969157,0
                    </coordinates>
                </Point>
            </Placemark>
            <Placemark>
                <name>9. El Santa del Born</name>
                <description>
                    <![CDATA
                    <br>
                    <br>Carrer de la Pescateria, 6. Patates: 8 pq son bullides. Salsa: 10 pq pica molt. Nota final: 9.
                    Notes: sobren herbes]]>
                </description>
                <styleUrl>#icon-1169</styleUrl>
                <ExtendedData>
                    <Data name="gx_media_links">
                        <value>
                            <![CDATA[https://doc-14-0s-mymaps.googleusercontent.com/untrusted/hostedimage/sp540u1gdhv7u5v9na7627phvo/2jpes1rii0ehamtm8r9fn01uas/1686819488250/xUcpN3FudnuQYrEAf25SWSdkT0JYD12L/17346896698994278261/5ACtvi-Hg6H5CfVX1oQf-jD6ydAm3fHGoFvz7gsJVvSw8wOOn3wN_YOfC5wrvZGbsgU22YHFiPt_2_E3BHDxv6BYVFIXQY8JuDchm4AUs_Q5NzJW0dI6KS2A2hQlTf2N-3DC8pFW81rxNStV3a_GbjeUcxKEuu_rwSFAUs09nld8vgWUM8rxvRpt_hIdOdX0C?session=0&fife]]></value>
                    </Data>
                </ExtendedData>
                <Point>
                    <coordinates>
                        2.18392170000004,41.3840708,0
                    </coordinates>
                </Point>
            </Placemark>
            <Placemark>
                <name><![CDATA[8. Harry's Burning. T DG]]></name>
                <description>
                    <![CDATA]]>
                </description>
                <styleUrl>#icon-1169</styleUrl>
                <ExtendedData>
                    <Data name="gx_media_links">
                        <value>
                            <![CDATA[https://doc-0o-0s-mymaps.googleusercontent.com/untrusted/hostedimage/sp540u1gdhv7u5v9na7627phvo/4fj937s0eghpsjofoqo38sc6hk/1686819488250/xUcpN3FudnuQYrEAf25SWSdkT0JYD12L/17346896698994278261/5ACtvi-HcOT7o607AfMX9iBFw4S8yGT1xCtqnimEiuGfPvH7klrQOk_M_Ak9FQvMap2VziAGibeNiJL2yOlzHMD0vFVB8bvzMfV1wnhLldvRJ0NyquWvTb_McxSB4nvGozLXnK5dqUl5H3btilFzwoFBar8-F-YdoNq48CVoWdvIl2n90AVYqiUfqbKIWKEmA?session=0&fife https://doc-0g-0s-mymaps.googleusercontent.com/untrusted/hostedimage/sp540u1gdhv7u5v9na7627phvo/mm9veo9i433f7mm3sjfukigc8g/1686819488250/xUcpN3FudnuQYrEAf25SWSdkT0JYD12L/17346896698994278261/5ACtvi-G-cDFL9Zu8rHs_VZS9HheFeTV7NqGpxQfEerEGSTxl1j0tnzO79_9nNKaRshJjV4fadluGXdbe8og_IlIam-cN4U3IKcKl04kqo4kmMxBPv4Orkkb22ApeQP_NhBSKPd_KRwRA5Tf9ucukR8ooZUcSxDIctAIKh2EKuMM1C8FFoxHdcjUqJHOxYZDB?session=0&fife]]></value>
                    </Data>
                </ExtendedData>
                <Point>
                    <coordinates>
                        2.16483040000003,41.3975389,0
                    </coordinates>
                </Point>
            </Placemark>
            <Placemark>
                <name>8. Bohèmic. T DL I DG</name>
                <description>
                    <![CDATA
                    <br>
                    <br>Carrer de Manso, 42. Dilluns tancat
                    <br>
                    <br>Preu: 5,5€. Quantitat: 6. Patates: 6. Salsa: 9. Nota final: 8. La parata penalitza en la nota.
                    la salsa molt bona, pinca 😊. La patata no mata. Tornarem a sopar
                    <br>
                    <br>Dt-Ds: 13:30-15:30, 20:30-23:30]]>
                </description>
                <styleUrl>#icon-1169</styleUrl>
                <ExtendedData>
                    <Data name="gx_media_links">
                        <value>
                            <![CDATA[https://doc-08-0s-mymaps.googleusercontent.com/untrusted/hostedimage/sp540u1gdhv7u5v9na7627phvo/ks4sjrju2l5uv5222mijacrc8c/1686819488250/xUcpN3FudnuQYrEAf25SWSdkT0JYD12L/17346896698994278261/5ACtvi-F9go8G1JS4yra8Z4z5Nt1p18JqRBA6Z87JSDYGWHhYsIyFYfMoWWIi4EtzxKwbqTTGnj276wslTKw5ZbVzUDwxYg2bioGBi67dfCAMLDRMGvwDhvsKSFuA2Y9YICHxgp_UaDPdFwRgOyyNmnUvUk6SLaA8DngOgy8bvwjNlBfWPgezbVJDjtZCxoZC?session=0&fife]]></value>
                    </Data>
                </ExtendedData>
                <Point>
                    <coordinates>
                        2.16095759999996,41.3767178,0
                    </coordinates>
                </Point>
            </Placemark>
            <Placemark>
                <name>8. El Bar</name>
                <description>
                    <![CDATA
                    <br>
                    <br>Carrer de Calàbria, 118. Nota: 8. Gust original]]>
                </description>
                <styleUrl>#icon-1169</styleUrl>
                <ExtendedData>
                    <Data name="gx_media_links">
                        <value>
                            <![CDATA[https://doc-0g-0s-mymaps.googleusercontent.com/untrusted/hostedimage/sp540u1gdhv7u5v9na7627phvo/2j563vbfk2ufieebtu1328ei58/1686819488250/xUcpN3FudnuQYrEAf25SWSdkT0JYD12L/17346896698994278261/5ACtvi-ESYuLABOhSVvl9n9--czjIloNCY2cUhiThxwBhYOU1Ep7Y7hidIjMnZbOruB90R71aP5IRgF0fVl2Gj6GIhmJxX-uIpBEfpDkANaZP0ksbHIHfGL7pvqPsQc6BM0Nge_PTuCIfWOXWcj2_rYPta_DRo2J8PkXRogtBOp2VEes8xQZrWJRSG-2DlfXV?session=0&fife]]></value>
                    </Data>
                </ExtendedData>
                <Point>
                    <coordinates>
                        2.15390669999999,41.3807432,0
                    </coordinates>
                </Point>
            </Placemark>
            <Placemark>
                <name><![CDATA[8. Drink & eat]]></name>
                <description>
                    <![CDATA
                    <br>
                    <br>Centre Comercial Les Glòries Planta -1. Preu: 3.85€. Quantitat: 9. Patates: 9, podrien ser mes
                    cruixents. Salsa: all i oli espumos molt suau, salsa vermella poc picant pero bona. Nota final:8 no
                    piquen]]>
                </description>
                <styleUrl>#icon-1169</styleUrl>
                <ExtendedData>
                    <Data name="gx_media_links">
                        <value>
                            <![CDATA[https://doc-0g-0s-mymaps.googleusercontent.com/untrusted/hostedimage/sp540u1gdhv7u5v9na7627phvo/st0ge4ivl9sai9jpipc2dulbk4/1686819488250/xUcpN3FudnuQYrEAf25SWSdkT0JYD12L/17346896698994278261/5ACtvi-E65T0bobeQL1rFxj5igcYd6p8IBMN22cx5p0TWqPhqMJIM6CQilqMn7Aiz-zKuEYjZUDpSXsNIwZDO4Uo9cvNN2VgXDgyeFNW6JXgSCnWa2N692MjsWlXnsk7TrpuPVBODaRdvuz7piJ4RHtYR1OgStOYLI3k1-wqSPj5DewzQiwiPvMRJIrvvcemp?session=0&fife]]></value>
                    </Data>
                </ExtendedData>
                <Point>
                    <coordinates>
                        2.19152800000006,41.40557,0
                    </coordinates>
                </Point>
            </Placemark>
            <Placemark>
                <name>8. Carmelitas</name>
                <description>
                    <![CDATA
                    <br>
                    <br>Carrer del Dr. Dou, 1. Preu: 3,20€. Quantitat: 7. Patatae: 9. Salsa: 7. Nota final: 8. Molt
                    cruxents. Piquen peeeero, recorda al all i oli, no?]]>
                </description>
                <styleUrl>#icon-1169</styleUrl>
                <ExtendedData>
                    <Data name="gx_media_links">
                        <value>
                            <![CDATA[https://doc-0o-0s-mymaps.googleusercontent.com/untrusted/hostedimage/sp540u1gdhv7u5v9na7627phvo/cgs8k4cia75cnnklj0nk8ohr7o/1686819488250/xUcpN3FudnuQYrEAf25SWSdkT0JYD12L/17346896698994278261/5ACtvi-Fvox0qfO0GA4shVU8fxZcxytyROmu4xWHcye2YR_1fMoFB81MGoqpuOHc3THZS-lC_HKgkpu3M30_lhP9jomoOmCDQisQEkGBH8P-oM0JIW5QCdXgz3tKmCRNzGXCeapnbeemdgpu_9dKqioBaWtxxcncJ3t_l-1LSCZGSXIH3pGRRlxlgYjdsL6Id?session=0&fife]]></value>
                    </Data>
                </ExtendedData>
                <Point>
                    <coordinates>
                        2.16939460000003,41.3819105,0
                    </coordinates>
                </Point>
            </Placemark>
            <Placemark>
                <name>8. Class</name>
                <description>
                    <![CDATA
                    <br>
                    <br>Plaça Cabrinetty, 15
                    <br>
                    <br>Preu: . Quantitat: 10. Patates: 7. Salsa: 8. Nota final: 8. Acompanyades duna salsitxa moruna
                    bunissima. Patates correctes i salsa bona, pica]]>
                </description>
                <styleUrl>#icon-1169</styleUrl>
                <ExtendedData>
                    <Data name="gx_media_links">
                        <value>
                            <![CDATA[https://doc-14-0s-mymaps.googleusercontent.com/untrusted/hostedimage/sp540u1gdhv7u5v9na7627phvo/1b3ul44vno42h5q0v5ivq73m5g/1686819488250/xUcpN3FudnuQYrEAf25SWSdkT0JYD12L/17346896698994278261/5ACtvi-FTFeTGlGzxBAJaL9U_7_peRWcpvsm4XPPuxG8UoTLZfFaccPhf7t5IFZWt5yp34qs1ZVY0XsMf-6pxnVKrjmdsmXRuEzPqsfBLmF3Q7UguArrlIuxFvsUuxfcLnR-ckbQ8L_4ynecBHgncJadySge_F_vd1kzQdaNnPLuNCquFVwJVDebbjHMP7LvB?session=0&fife]]></value>
                    </Data>
                </ExtendedData>
                <Point>
                    <coordinates>
                        1.9277227,42.4308359,0
                    </coordinates>
                </Point>
            </Placemark>
            <Placemark>
                <name>7.5. La Pròrroga Bar</name>
                <description>
                    <![CDATA
                    <br>
                    <br>Preu: 3. Quantitat: 4. Patates: 8. Salsa: 7. Nota final: 7,5. La patata bullida-(forn al final?)
                    esta molt bona de gust. La salsa blanca: muselina dall al forn, vermella: tomaquet aromatitzat, pero
                    no pica<br>Les recomanaries?: si<br>Imprescindibles?: no<br>DATA: 31/05/2018]]>
                </description>
                <styleUrl>#icon-1169</styleUrl>
                <ExtendedData>
                    <Data name="gx_media_links">
                        <value>
                            <![CDATA[https://doc-0s-0s-mymaps.googleusercontent.com/untrusted/hostedimage/sp540u1gdhv7u5v9na7627phvo/ek6768f74r7inu5a730ukah6no/1686819488250/xUcpN3FudnuQYrEAf25SWSdkT0JYD12L/17346896698994278261/5ACtvi-GvO-PChv8wS6kAqjg_iocrnn9A72q45sSM4LHsF60kEvj1I6clc4mqAn9RkL5AirUwbqNJu0WEsv3mHTsPOHthDw6zOeE8qutHKyVUq7pK9UKStjVnqTnXWDmn2AaIHBWYGSdnulXpw5ywb27RbubFCFbd1F1akn4opz_VZq93_yf5D8R2N7wNZDg8?session=0&fife]]></value>
                    </Data>
                </ExtendedData>
                <Point>
                    <coordinates>
                        2.15686200000005,41.4033711,0
                    </coordinates>
                </Point>
            </Placemark>
            <Placemark>
                <name>7.5. La Volatil</name>
                <description>
                    <![CDATA
                    <br>
                    <br>Preu: 4,50. Quantitat: 5. Patates: 9. Salsa: 6. Nota final: 7,5. Les patates tallades a grills
                    de patata amb pell bones i cruixents. La salsa no ens acaba....falta que tingui una mica mes de
                    gracia<br>Les recomanaries?: no<br>Imprescindibles?: no
                    <br>
                    <br>DL-DV 17:00–23:30<br>DS-DG 13:00–0:00]]>
                </description>
                <styleUrl>#icon-1169</styleUrl>
                <ExtendedData>
                    <Data name="gx_media_links">
                        <value>
                            <![CDATA[https://doc-0o-0s-mymaps.googleusercontent.com/untrusted/hostedimage/sp540u1gdhv7u5v9na7627phvo/k8l5nv5jqicqdqcts02gb9mrng/1686819488250/xUcpN3FudnuQYrEAf25SWSdkT0JYD12L/17346896698994278261/5ACtvi-EdySKrGxpQRHtdmk3g3qZVAIKWyMZg9AFATc3_4e2apA6x-VAY-xKpi7sCvEVIcExobGc3sN7HDnOZp4ik6ZXxTF2m1TtJPvoPnrgwCAOD1-hgbgiL6pTNOVKZtemOCS5MBsiV1bs1h-e6yI27vVuuQo0CebQW09IX-dIk0xOMEFcgCoK9nNVDQjXy?session=0&fife]]></value>
                    </Data>
                </ExtendedData>
                <Point>
                    <coordinates>
                        2.16294500000004,41.3842656,0
                    </coordinates>
                </Point>
            </Placemark>
            <Placemark>
                <name>7.5. GARBO Restaurant</name>
                <description>
                    <![CDATA
                    <br>
                    <br>Preu: 4,50€. Quantitat: 6. Patates: 8. Salsa: 7. Nota final: 7,5. La textura de la parata es ok,
                    pero de gust no entusiasma. Salsa del monton<br>Les recomanaries?: no<br>Imprescindibles?: no<br>
                    DATA: 28-01-2018]]>
                </description>
                <styleUrl>#icon-1169</styleUrl>
                <ExtendedData>
                    <Data name="gx_media_links">
                        <value>
                            <![CDATA[https://doc-0s-0s-mymaps.googleusercontent.com/untrusted/hostedimage/sp540u1gdhv7u5v9na7627phvo/dt86qd1hg67c40tp39m387gtq8/1686819488250/xUcpN3FudnuQYrEAf25SWSdkT0JYD12L/17346896698994278261/5ACtvi-GCNFNrDgM1cWyM8kKCM3BsMk7luXRV4kEDr8WW-yMhyMsWOyOTaRMjfuzIvTwLwPwgfpnkNJwIqmvHWMYpyp5e9rw5spdjf3kR9ABysbNbOsSMpNTbBeRFOPIccS7P5l9DRVzTJ-jJ_23MWODMTMTxdBWqnh6pFPOdpmzDfylw04yU9onb85d4PAMn?session=0&fife]]></value>
                    </Data>
                </ExtendedData>
                <Point>
                    <coordinates>
                        2.18310259999998,41.383687,0
                    </coordinates>
                </Point>
            </Placemark>
            <Placemark>
                <name>7.5. Ganàpia</name>
                <description>
                    <![CDATA
                    <br>
                    <br>Carrer de Sant Hermenegild, 2
                    <br>
                    <br>Preu: 5,50. Quantitat: 8. Patates: 7,5. Salsa: 7. Nota final: 7,5. Son petites i cruixentones.
                    All i oli potent i pimenton picante, es correcte, pica prou. Dona el pego. Millor gust qe aspecte]]>
                </description>
                <styleUrl>#icon-1169</styleUrl>
                <ExtendedData>
                    <Data name="gx_media_links">
                        <value>
                            <![CDATA[https://doc-0k-0s-mymaps.googleusercontent.com/untrusted/hostedimage/sp540u1gdhv7u5v9na7627phvo/5h7d0s3h50gfsald6cltlq99gs/1686819488250/xUcpN3FudnuQYrEAf25SWSdkT0JYD12L/17346896698994278261/5ACtvi-F57pVxa9DqkNFCpdufY9ZQtg9zuHX90XtCTm1RqTrLbu0E4MSUSIv9SYqa9aOWNvgc_BU2GLyjE-QVFD8TMQT479mZ-qAlgEBv7pxymF9pGq5xjeZwbjl2VBbguACxEGzAXbAiCZeACC4mSzyXLb-uXLp76to2SZJ-wEDV48LWaAcUNJkW5C4ejnUl?session=0&fife]]></value>
                    </Data>
                </ExtendedData>
                <Point>
                    <coordinates>
                        2.14564070000006,41.4043257,0
                    </coordinates>
                </Point>
            </Placemark>
            <Placemark>
                <name>7. Artesans restaurant</name>
                <description>
                    <![CDATA
                    <br>
                    <br>Carrer de l'Esparteria, 10
                    <br>
                    <br>Preu: 4,50€. Quantitat: 5. Patates: 7. Salsa: 7. Nota final: 7. Patata amb textura bona pero el
                    gust no mata. Salsa allioli suau amb oli lleugerament picant. Correctes. 5,50€ braves + 2 cañes<br>
                    Les recomanaries?: si estas per la zona si, no expressament<br>Imprescindibles?: no
                    <br>
                    <br>Dilluns – Diumenge<br>13:00 PM – 00:00 AM]]>
                </description>
                <styleUrl>#icon-1169</styleUrl>
                <ExtendedData>
                    <Data name="gx_media_links">
                        <value>
                            <![CDATA[https://doc-0g-0s-mymaps.googleusercontent.com/untrusted/hostedimage/sp540u1gdhv7u5v9na7627phvo/3p2g1kbv4lfpjur13ol7ofbhk0/1686819488250/xUcpN3FudnuQYrEAf25SWSdkT0JYD12L/17346896698994278261/5ACtvi-HduSm-GicfOfgziv8p7M0dPBFOj2ugK7Th9XvmSdeNYqxQBkv1BIPrvjDJQXll7R_dKeXtcK0KQvFGt3jG_5OQ2-W7I_Mkevtr1Eh_LE2QKtwLw2rrAwmtCGkhV-5svWJKtRr_3-v2iEBnNKoh_-jkxfsPa3KVW3R7Z-X5GsNoJoYitqlqymm3yH5t?session=0&fife]]></value>
                    </Data>
                </ExtendedData>
                <Point>
                    <coordinates>
                        2.18310959999997,41.3841934,0
                    </coordinates>
                </Point>
            </Placemark>
            <Placemark>
                <name>7. Rosal 34</name>
                <description>
                    <![CDATA
                    <br>
                    <br>ESPUMA: Preu: 3,75. Quantitat: 4. Salsa: 6. Nota final: 7. Notes: es molt original pero raro.]]>
                </description>
                <styleUrl>#icon-1169</styleUrl>
                <ExtendedData>
                    <Data name="gx_media_links">
                        <value>
                            <![CDATA[https://doc-0k-0s-mymaps.googleusercontent.com/untrusted/hostedimage/sp540u1gdhv7u5v9na7627phvo/9t5jol8ujenqahgc03s1ifntq4/1686819488250/xUcpN3FudnuQYrEAf25SWSdkT0JYD12L/17346896698994278261/5ACtvi-F-8doJOaFvjOUAvRIuzU7aK0PQlMi-ZeqKQQ8MdhzbXb3i0VN26twsgFOvleU1LTx4gtmLExx2umkTJ3dMY4IGHy2EH_GXCglDmVeRRjgs3tCpadVzetMMhXFfsXGWnngQbLUd8MwWDGD9ycecWf2DfgrQ7uf7ybfKNdnq2BjPBOi_So2OLtRTkHpM?session=0&fife]]></value>
                    </Data>
                </ExtendedData>
                <Point>
                    <coordinates>
                        2.166566,41.3734817,0
                    </coordinates>
                </Point>
            </Placemark>
            <Placemark>
                <name><![CDATA[7. Vintage life & food. T DG]]></name>
                <description>
                    <![CDATA
                    <br>
                    <br>Carrer Aribau, 179<br>dl-dx: de 17:00h a 01:00h<br>dj: de 17:00h a 02:00h<br>dv-ds: de 17:00h a
                    03:00h
                    <br>
                    <br>Preu: 5. Quantitat: 3. Patates: 6. Salsa: 7. Nota final: 7. Falta cruixent, falta patata o sobra
                    salsa? Salsa original, suau, no pica, de pebrot escalivat?]]>
                </description>
                <styleUrl>#icon-1169</styleUrl>
                <ExtendedData>
                    <Data name="gx_media_links">
                        <value>
                            <![CDATA[https://doc-00-0s-mymaps.googleusercontent.com/untrusted/hostedimage/sp540u1gdhv7u5v9na7627phvo/sjr1q0rp7ochnrlv6a6ejv6to8/1686819488250/xUcpN3FudnuQYrEAf25SWSdkT0JYD12L/17346896698994278261/5ACtvi-FgYaFlEt3HUetcZ8ZJw0HzY7g09iCdz36V2OoxfT1JwihZSj3eQqlh_62-_8iEbI2phrD-wWFUQNPQGfgXqouo9mJJY_2oOrhlsKqDxwgFOEFh5MbqZlJuqwF5LxwUe-bCzWs3LwO9Az5dZ9kCHsTApqv82928bhEWsEMLvqkpIQPp_UtXSo6fEPj3?session=0&fife]]></value>
                    </Data>
                </ExtendedData>
                <Point>
                    <coordinates>
                        2.15173430000004,41.3940112,0
                    </coordinates>
                </Point>
            </Placemark>
            <Placemark>
                <name>7. El Terrer</name>
                <description>
                    <![CDATA
                    <br>
                    <br>Preu: 4€. Quantitat: 8. Patates: 8. Salsa: 6. Nota final: 7. Falta sal. Les patates estan bones
                    pero la salsa es rara i nhi ha poca<br>Les recomanaries?: no<br>Imprescindibles?: no]]>
                </description>
                <styleUrl>#icon-1169</styleUrl>
                <ExtendedData>
                    <Data name="gx_media_links">
                        <value>
                            <![CDATA[https://doc-0k-0s-mymaps.googleusercontent.com/untrusted/hostedimage/sp540u1gdhv7u5v9na7627phvo/100sl0gguaooiikjqfms6ukl68/1686819488250/xUcpN3FudnuQYrEAf25SWSdkT0JYD12L/17346896698994278261/5ACtvi-FtGidOX1f7MZn9ltgcSlbeXfpUrCuX9Dwvic3bO4G6aAF126urFB3Z9DGl5qpsFwwpSniaw4dQByDaCcDN78hqPydWJwBtMrHAGHm61eirJg-oDvRLD88IwnzKVtzWzmSBd2PoGtqe3TCe3XO-4eSF9Z5EFiGwmSNeOrp3jbWiJb_XwV1BslBHk7i7?session=0&fife]]></value>
                    </Data>
                </ExtendedData>
                <Point>
                    <coordinates>
                        2.18958950000001,41.4328037,0
                    </coordinates>
                </Point>
            </Placemark>
            <Placemark>
                <name>7. Ignició. T DL I DG TARDA</name>
                <description>
                    <![CDATA
                    <br>
                    <br>Preu:4,50€. Quantitat: 5. Patates: 7. Salsa: 7. Nota final: 7. Patata reescalfada tot i qe esta
                    bona. Salsa molt picant pero senzilla<br>Les recomanaries?: no<br>Imprescindibles?: no
                    <br>
                    <br>Dm – ds: 12:00 – 16:00 / 19:00 – 00:00<br>dg: 12:00-16:00]]>
                </description>
                <styleUrl>#icon-1169</styleUrl>
                <ExtendedData>
                    <Data name="gx_media_links">
                        <value>
                            <![CDATA[https://doc-0k-0s-mymaps.googleusercontent.com/untrusted/hostedimage/sp540u1gdhv7u5v9na7627phvo/atbi5mngm7hpjsrt1n9cl8dmd4/1686819488250/xUcpN3FudnuQYrEAf25SWSdkT0JYD12L/17346896698994278261/5ACtvi-FN39TpZLgSoe0X8XVMBzSjrNDZR43fQPQVZNPmYIXxvOnOqZxJ-fGpLA63ZCnMqvNka5w6FWyorZlA1wLyDUMlJzKyJvl9tJ4Ilz7YPpCHpCd0j-EmVBIYZoJrbfPn5vWQtGIrjYHUwXBBYBSLwZzrhLn_-PVJG9y4ZgKvo7_urO7EzT6U3d1N7vCY?session=0&fife]]></value>
                    </Data>
                </ExtendedData>
                <Point>
                    <coordinates>
                        2.1550567,41.3930866,0
                    </coordinates>
                </Point>
            </Placemark>
            <Placemark>
                <name>6.5. The Hideout Bar</name>
                <description>
                    <![CDATA
                    <br>
                    <br>Preu: 4,25€. Quantitat: 9. Patates: 4. Salsa: 8. Nota final: 6,5. Les patates son bullides i
                    aixo no ens agrada: estan molt bones pero el resultat final com a "brava" decepciona. La salsa esta
                    bona, sembla un allioli barrejat amb algo que la fa vermella. Pica<br>Les recomanaries?: si<br>
                    Imprescindibles?: no]]>
                </description>
                <styleUrl>#icon-1169</styleUrl>
                <ExtendedData>
                    <Data name="gx_media_links">
                        <value>
                            <![CDATA[https://doc-04-0s-mymaps.googleusercontent.com/untrusted/hostedimage/sp540u1gdhv7u5v9na7627phvo/fm4kqdm48p48jvbdn60cses3g8/1686819488250/xUcpN3FudnuQYrEAf25SWSdkT0JYD12L/17346896698994278261/5ACtvi-G42r-TryieVMgKnL6QFCKFnbWnsFQWKQPS1iQdAG983A615qRruFmFhE7BzNX6bkI4fCqJZ8pW1S40h434Z5qYpGJht1Af0nQkMlqF2dmxf_aeC2wsFE2UW6pE5KiQGSu91DMOXitk_2MVLRMkmy8P5KKOHGc1ugbSWOvNLbbJzQZYid7BNO3Zfb8Q?session=0&fife]]></value>
                    </Data>
                </ExtendedData>
                <Point>
                    <coordinates>
                        2.1619544,41.4060583,0
                    </coordinates>
                </Point>
            </Placemark>
            <Placemark>
                <name>6.5. Mika Milan. T DG</name>
                <description>
                    <![CDATA]]>
                </description>
                <styleUrl>#icon-1169</styleUrl>
                <ExtendedData>
                    <Data name="gx_media_links">
                        <value>
                            <![CDATA[https://doc-0g-0s-mymaps.googleusercontent.com/untrusted/hostedimage/sp540u1gdhv7u5v9na7627phvo/ujevlifv3mk9b8b170crfq06b0/1686819488250/xUcpN3FudnuQYrEAf25SWSdkT0JYD12L/17346896698994278261/5ACtvi-H7R0LwlK-DM2I4kvXfRZBwPaeAW6GvY24mBa6dxPDmf-lrpPJ-qthWWKY0rfKOFTQWurI6Xx-nQACkNBY7F5Zb8qt3diz9eB-d0UAazNnndUyvlBPoU-4CzGAIE0cyXIf0KeZR-o4v0H80m00DrgyaqXzjnqlf70T1rgMnPH4bKIUdKPlt0pe1yz6r?session=0&fife https://doc-0g-0s-mymaps.googleusercontent.com/untrusted/hostedimage/sp540u1gdhv7u5v9na7627phvo/k5ilk8bt5r0gt6gh2ksavntdj0/1686819488250/xUcpN3FudnuQYrEAf25SWSdkT0JYD12L/17346896698994278261/5ACtvi-F49ny2AmaBYW17WIIFyX-sg9YiRjXxKPGUyXo4p6TLg0PE2e5NPhFsrqrw1tk2CgHzHvfH_33taRSPXvGKHFG7QMbhLObn9uIelrv4Xaa5eCXjduPjT4c60XpF4uDq0xVRhHUzmKjrlvLvGpCGAndand90RlDj8BFS2QADUTcVfhGYARQr_11hSXqS?session=0&fife]]></value>
                    </Data>
                </ExtendedData>
                <Point>
                    <coordinates>
                        2.19673920000002,41.4043368,0
                    </coordinates>
                </Point>
            </Placemark>
            <Placemark>
                <name>6.5. El Rincón Criollo</name>
                <description>
                    <![CDATA
                    <br>
                    <br>Preu: 4,50€. Quantitat: 7. Patates: 7. Salsa: 6. Nota final: 6,5. Millors del qe sembla, patates
                    bones, una mica picant (casera? No ho tenim clar) La marta les tornaria a demanar<br>Les
                    recomanaries?: no, vine al restaurant<br>Imprescindibles?: no]]>
                </description>
                <styleUrl>#icon-1169</styleUrl>
                <ExtendedData>
                    <Data name="gx_media_links">
                        <value>
                            <![CDATA[https://doc-0c-0s-mymaps.googleusercontent.com/untrusted/hostedimage/sp540u1gdhv7u5v9na7627phvo/n2v52pneavc38fodjiu04q217o/1686819488250/xUcpN3FudnuQYrEAf25SWSdkT0JYD12L/17346896698994278261/5ACtvi-H87UrPq27fwTH7DL6x9Beu2vlA8tv-d8t_p9juy498RgldbeXKx1gf5_kYU5SZFu813ApMZgBqSh5g1IBD52utRmzdruY4pp1uql_CNNnDJcO71L5FxkEYGoZs0xkkQfSTc1z6xMtLfu2Z48xpv7lAklRQZRiUI5dxjvrwxE1KOvtpxK0NbAoTof-w?session=0&fife]]></value>
                    </Data>
                </ExtendedData>
                <Point>
                    <coordinates>
                        2.17305699999997,41.3970949,0
                    </coordinates>
                </Point>
            </Placemark>
            <Placemark>
                <name>6. Apats Puigcerda</name>
                <description>
                    <![CDATA
                    <br>
                    <br>Preu: 4,50€. Quantitat: 6. Patates: 6. Salsa: 5. Nota final: 6. Es poden menjar, pero crec qe
                    son congelades i la salsa es de pot. Molt normals<br>Les recomanaries?: no<br>Imprescindibles?:
                    no]]>
                </description>
                <styleUrl>#icon-1169</styleUrl>
                <ExtendedData>
                    <Data name="gx_media_links">
                        <value>
                            <![CDATA[https://doc-00-0s-mymaps.googleusercontent.com/untrusted/hostedimage/sp540u1gdhv7u5v9na7627phvo/s2fvjeestooi3sb1223fl2h9bk/1686819488250/xUcpN3FudnuQYrEAf25SWSdkT0JYD12L/17346896698994278261/5ACtvi-G5YRVo9NtJcCfw3IbgiFYpCqtFGgR2TR13jkiQjvbOg-iEf5cBKFXCEOIYn6Lb6RNDu1A4XUBE4GUUai3yRdE3mwtXWonqIj7QGh36dOhNL-zDf12I4KvXc6WqC4gvR4NConkIUY6YhrX1_ichWuqmrn42x-LZDKUmOcV4toNW75M-DApkCK6CE0aS?session=0&fife]]></value>
                    </Data>
                </ExtendedData>
                <Point>
                    <coordinates>
                        1.9272076,42.433089,0
                    </coordinates>
                </Point>
            </Placemark>
            <Placemark>
                <name>6. El Zorrito. T DL TARDA I DG</name>
                <description>
                    <![CDATA
                    <br>
                    <br>Av. de Josep Tarradellas, 133
                    <br>
                    <br>Dl: 13 - 16 h<br>Dm, dv: 13 - 1 h<br>Ds: 12 - 1 h
                    <br>
                    <br>Preu: 4,50€. Quantitat: 3. Patates: 7. Salsa: 5. Nota final: 6. Piqien una mica. Textura patata
                    ok, salsa ko. Millor pinta qe gust]]>
                </description>
                <styleUrl>#icon-1169</styleUrl>
                <ExtendedData>
                    <Data name="gx_media_links">
                        <value>
                            <![CDATA[https://doc-0k-0s-mymaps.googleusercontent.com/untrusted/hostedimage/sp540u1gdhv7u5v9na7627phvo/b4hblo2p2gcuep7dc9s5teojng/1686819488250/xUcpN3FudnuQYrEAf25SWSdkT0JYD12L/17346896698994278261/5ACtvi-FmZ30pbJ23kcn5KqsZ34EjPx4nns4o5yP4unQf9XdTgykHhCIYNBhZWEBastyXMuQDHfXek9XzZwjPwPzp4UUDB0sTholy_D3rERaTuw5OO7e51OpVaPIyxtwkxLyEZztoCMKP1YQDHxwuOjZntXGEe-j3gBW2ZCZ1eoFy-GkV30FbuwFPDne1rz4s?session=0&fife]]></value>
                    </Data>
                </ExtendedData>
                <Point>
                    <coordinates>
                        2.14321670000004,41.3902058,0
                    </coordinates>
                </Point>
            </Placemark>
            <Placemark>
                <name>6. Districte Born</name>
                <description><![CDATA[Carrer de la Princesa, 53<br>Nota: 6 - Happy hour 18-20 birra 1€]]></description>
                <styleUrl>#icon-1169</styleUrl>
                <Point>
                    <coordinates>
                        2.1810787,41.3859916,0
                    </coordinates>
                </Point>
            </Placemark>
            <Placemark>
                <name>6. Rosal 34</name>
                <description>NORMALS: Preu: 5,5. Quantitat: 7. Salsa: 5. Nota final: 6. Notes: la salsa NO pica
                </description>
                <styleUrl>#icon-1169</styleUrl>
                <Point>
                    <coordinates>
                        2.1664667,41.3731757,0
                    </coordinates>
                </Point>
            </Placemark>
            <Placemark>
                <name>5.5. Bretón</name>
                <description>
                    <![CDATA
                    <br>
                    <br>Carrer de Bretón de los Herreros, 6
                    <br>
                    <br>Preu: 4€. Quantitiat: 9. Patates: 8. Salsa: 3. Nota final: 5.5. Oli molt refregit. Llàstima de
                    la salsa pq la patata val la pena, molt cruixenteta, Salsa escasa]]>
                </description>
                <styleUrl>#icon-1169</styleUrl>
                <ExtendedData>
                    <Data name="gx_media_links">
                        <value>
                            <![CDATA[https://doc-04-0s-mymaps.googleusercontent.com/untrusted/hostedimage/sp540u1gdhv7u5v9na7627phvo/3ivpu2ls2jl67k2ug5288f4qc0/1686819488250/xUcpN3FudnuQYrEAf25SWSdkT0JYD12L/17346896698994278261/5ACtvi-EuMGpsjMVuasa5GuV7Igpywsx37VXTmNQXwz8BSTBn1Li8V5rOXu20_6g1JZ0cWViZRVPF4xhQ7YZonxuGR62DZBtVNKCCEHsGsy1GKYl8l-DgRJq9ivvt1uMfkR9QKhKzPj11kjJe8etYM-u82ks_zoT2bZUCThWUn_BtlnHYlD_UlPJT6wvAPc5h?session=0&fife]]></value>
                    </Data>
                </ExtendedData>
                <Point>
                    <coordinates>
                        2.1520898,41.4025413,0
                    </coordinates>
                </Point>
            </Placemark>
            <Placemark>
                <name>5.5. Telefèric Born</name>
                <description>
                    <![CDATA[[foto perduda]<br>Preu: 5€. Quantitat: 6. Patates: 6. Salsa: 5. Nota final: 5,5. Les patates de textura estan bones, pero tenen gust a tot menys a patates. Les salsa no tenen ni puta gracia.<br>Les recomanaries?: no<br>Imprescindibles?: no<br>DATA: 23-09-2017]]></description>
                <styleUrl>#icon-1169</styleUrl>
                <Point>
                    <coordinates>
                        2.18082260000006,41.383468,0
                    </coordinates>
                </Point>
            </Placemark>
            <Placemark>
                <name><![CDATA[5. Cafe & Co]]></name>
                <description>
                    <![CDATA
                    <br>
                    <br>Preu: 3,25€. Quantitat: 8. Patates: 9. Salsa 4. Nota final: 5. Ketchup, mayonesa, nou moscada,
                    pimenton picante, curry?. Patates toves per fins i cruixents per fora]]>
                </description>
                <styleUrl>#icon-1169</styleUrl>
                <ExtendedData>
                    <Data name="gx_media_links">
                        <value>
                            <![CDATA[https://doc-10-0s-mymaps.googleusercontent.com/untrusted/hostedimage/sp540u1gdhv7u5v9na7627phvo/j78k10q2gotumc357usjgm7huc/1686819488250/xUcpN3FudnuQYrEAf25SWSdkT0JYD12L/17346896698994278261/5ACtvi-EoyZkTEKOXI6sWFEmf6l1AsnLZ8G-eFDYh0XBX-0CeuHnghhAa2Yn6nKw33sxArmq6_cmMIJJZSvhXQIJ9VQA3UgqH8z5lhwaRvY0LOq6U8dquNuCxa-r1v2UW97vk0IpXi5-yTEjkqiL5AF_FxzO-vqmQ8d3s5yPsEgvCPKwHhZF5SL81k5rutNOH?session=0&fife]]></value>
                    </Data>
                </ExtendedData>
                <Point>
                    <coordinates>
                        2.1454024,41.3958426,0
                    </coordinates>
                </Point>
            </Placemark>
            <Placemark>
                <name>4.5. FRANKFURT INNSBRUK</name>
                <description>
                    <![CDATA]]>
                </description>
                <styleUrl>#icon-1169</styleUrl>
                <ExtendedData>
                    <Data name="gx_media_links">
                        <value>
                            <![CDATA[https://doc-00-0s-mymaps.googleusercontent.com/untrusted/hostedimage/sp540u1gdhv7u5v9na7627phvo/1tq5o2b173f3l3vpd4hilk7mno/1686819488250/xUcpN3FudnuQYrEAf25SWSdkT0JYD12L/17346896698994278261/5ACtvi-HVey3-ACMzWuiPL5WfaBvF7dpNdq-f736GsJc8IRJI7zhAnHs5w4nlmITdQWSh22UIHvY_np1ZxNEsykXsFPoTG6wxV59ylIIjX81TVsx3bhgrBEbhTF-OSDz8yrm2oSOUg5wc3HOtWEbUDUGGP99yirRwtZ9mxVulGJ99ZoYRE-SYYl7XLFtvW167?session=0&fife https://doc-08-0s-mymaps.googleusercontent.com/untrusted/hostedimage/sp540u1gdhv7u5v9na7627phvo/fgipnkqg22e3ji4f16io6e7k04/1686819488250/xUcpN3FudnuQYrEAf25SWSdkT0JYD12L/17346896698994278261/5ACtvi-EEA1iBepP4GuOVx-DWyw5F6-8nRPcuSrSZlwVL_KweIihv6p8Ih2DqPzMp_uUoHGGjmbFsIoouvaz7IdRdj0iZ4koBt1xUG9LaPN2-uH7UX-kOkJaofRz9vHyv1D2RQXz0gVJUyqjfqrtOO91g526ewxVa24ZKLvVrjlpzOPVgcGA71OiItO54Cknm?session=0&fife]]></value>
                    </Data>
                </ExtendedData>
                <Point>
                    <coordinates>
                        1.92878399999995,42.43209,0
                    </coordinates>
                </Point>
            </Placemark>
            <Placemark>
                <name>4. Piscolabis</name>
                <description>
                    <![CDATA]]>
                </description>
                <styleUrl>#icon-1169</styleUrl>
                <ExtendedData>
                    <Data name="gx_media_links">
                        <value>
                            <![CDATA[https://doc-04-0s-mymaps.googleusercontent.com/untrusted/hostedimage/sp540u1gdhv7u5v9na7627phvo/0ic33d2ab9roij5ti9h9rth66c/1686819488250/xUcpN3FudnuQYrEAf25SWSdkT0JYD12L/17346896698994278261/5ACtvi-HrXqzM-NtrDNXhzfEkxCASouIm0AFK5eqH6wnm1WDi8k3uzc7A6s_UYcD6ZQXMTt3Mt8O9vwN8V2u4Ph5zrVGWZsbo6HsBzI70N8q1V9WQBKDVKXzGVuSlA8CiC-lC2_j2vesea6E09sIA9zttwtN9fUUfahdXjI6VKIpWfDEEG6_rv1IGu1wuFbiT?session=0&fife https://doc-08-0s-mymaps.googleusercontent.com/untrusted/hostedimage/sp540u1gdhv7u5v9na7627phvo/sh6c6g1g3c2acenhrd1sfc7eko/1686819488250/xUcpN3FudnuQYrEAf25SWSdkT0JYD12L/17346896698994278261/5ACtvi-GhNAebgB5EUsVjBnU0cZJwX-jUdqyEujns4VaHDsBD7Y1Z3FHV8HWnadeYgJCcefzxyLPHz7sc8KSqj-If7v3JURsWt32-uVOLs3O4vNawwnHfn68hPCx7bnBnnPRUqtWfyf4IZPgDKL7Q0D8wwrtC9Ku-yrArWkQlbK2pWblriJbk8otqYkQCgiRD?session=0&fife]]></value>
                    </Data>
                </ExtendedData>
                <Point>
                    <coordinates>
                        2.165842,41.389154,0
                    </coordinates>
                </Point>
            </Placemark>
        </Folder>
    </Document>
</kml>
