{
  "type": "FeatureCollection",
  "features": [
    {
      "type": "Feature",
      "geometry": {
        "type": "Polygon",
      "coordinates": [
        [
          [
            2.18238963340248,
            41.3914259340105
          ],
          [
            2.18346004927912,
            41.3906109261717
          ],
          [
            2.18460019089288,
            41.3897550393906
          ],
          [
            2.18686574385426,
            41.3914084827225
          ],
          [
            2.18794242999744,
            41.3905695173204
          ],
          [
            2.18918385364168,
            41.3896185761839
          ],
          [
            2.19255671157136,
            41.3870347396072
          ],
          [
            2.19296538239948,
            41.3867294476751
          ],
          [
            2.19336228212284,
            41.3864211083386
          ],
          [
            2.19355652162118,
            41.3862891302446
          ],
          [
            2.193630215746,
            41.3863331796941
          ],
          [
            2.19577407326685,
            41.3878865768087
          ],
          [
            2.19590447675105,
            41.3875342030756
          ],
          [
            2.19640086602235,
            41.3874145531142
          ],
          [
            2.19972296243723,
            41.384934944082
          ],
          [
            2.19955217618789,
            41.384812605763
          ],
          [
            2.19915576636058,
            41.3846217814015
          ],
          [
            2.19641782887462,
            41.3835061853481
          ],
          [
            2.19541995745594,
            41.3818934351302
          ],
          [
            2.19733931235028,
            41.3812021779104
          ],
          [
            2.19677306048334,
            41.3802681381173
          ],
          [
            2.19486624457865,
            41.3809548798649
          ],
          [
            2.19390555506742,
            41.3791834558287
          ],
          [
            2.1935628651954,
            41.3785452321384
          ],
          [
            2.19290190154942,
            41.3773142425851
          ],
          [
            2.18948874421444,
            41.3706782885954
          ],
          [
            2.18990398753785,
            41.3696773631663
          ],
          [
            2.19108286903153,
            41.3693770776297
          ],
          [
            2.19154999704763,
            41.3701257420709
          ],
          [
            2.19203657405396,
            41.3699472401124
          ],
          [
            2.18781986038337,
            41.3634240656615
          ],
          [
            2.18716199372073,
            41.3617136975831
          ],
          [
            2.18723291688747,
            41.3616982276974
          ],
          [
            2.1871344761908,
            41.3614421593807
          ],
          [
            2.18689562075713,
            41.3614942574986
          ],
          [
            2.1854117157226,
            41.3576338816736
          ],
          [
            2.18452956449106,
            41.3578252561813
          ],
          [
            2.18471883381437,
            41.3583174458177
          ],
          [
            2.18520758618261,
            41.3582110752376
          ],
          [
            2.18701743825106,
            41.362931527205
          ],
          [
            2.18647795369364,
            41.3630489325368
          ],
          [
            2.18662383071624,
            41.3634293885607
          ],
          [
            2.18723009018101,
            41.3635593601969
          ],
          [
            2.18924571278192,
            41.3666777716629
          ],
          [
            2.18785952390501,
            41.3671862909083
          ],
          [
            2.18754839927839,
            41.3667049573488
          ],
          [
            2.18726501757519,
            41.3660102404141
          ],
          [
            2.18678330234184,
            41.3654168176473
          ],
          [
            2.18593994370166,
            41.3647845276568
          ],
          [
            2.18619727078205,
            41.364414703206
          ],
          [
            2.18688094745001,
            41.364163780383
          ],
          [
            2.1866992634531,
            41.3638780566409
          ],
          [
            2.18591976701449,
            41.364165808629
          ],
          [
            2.18556033591256,
            41.3646936507552
          ],
          [
            2.18528749836363,
            41.3645894491318
          ],
          [
            2.18507267443207,
            41.3652361224606
          ],
          [
            2.18489659460509,
            41.365201323222
          ],
          [
            2.18474274927806,
            41.3656644299632
          ],
          [
            2.18528292319535,
            41.3657843599711
          ],
          [
            2.18538342280737,
            41.3654818042947
          ],
          [
            2.18661849029977,
            41.3669255642167
          ],
          [
            2.1868769546443,
            41.3681524083761
          ],
          [
            2.18645475989547,
            41.3681921045569
          ],
          [
            2.18650472555727,
            41.3684709171451
          ],
          [
            2.18690215389995,
            41.3684335500354
          ],
          [
            2.18721119755063,
            41.3700920049755
          ],
          [
            2.18697481048047,
            41.3701161520763
          ],
          [
            2.18674203724674,
            41.3689235655403
          ],
          [
            2.18646009257809,
            41.3689529025042
          ],
          [
            2.18627911527113,
            41.3679430207007
          ],
          [
            2.18506444878264,
            41.3680641137919
          ],
          [
            2.18513155912818,
            41.3684461577943
          ],
          [
            2.18454138859929,
            41.3685049883569
          ],
          [
            2.18489162786585,
            41.3703760941615
          ],
          [
            2.184482187192,
            41.3704139457084
          ],
          [
            2.18456925730344,
            41.3709585914513
          ],
          [
            2.18707503425755,
            41.370695090536
          ],
          [
            2.18712993075967,
            41.3710604280791
          ],
          [
            2.18565318571333,
            41.3711869101474
          ],
          [
            2.18586242253493,
            41.3724536353041
          ],
          [
            2.18734613580631,
            41.3723248758596
          ],
          [
            2.18747330528489,
            41.373114573419
          ],
          [
            2.18709737902582,
            41.3731495360452
          ],
          [
            2.18673626326959,
            41.373260805906
          ],
          [
            2.18684942947572,
            41.3734706161937
          ],
          [
            2.18671531778203,
            41.3735476925785
          ],
          [
            2.18706179907363,
            41.3738948758262
          ],
          [
            2.187406535762,
            41.3745307286333
          ],
          [
            2.18665781696278,
            41.3747635307675
          ],
          [
            2.1859836975968,
            41.3745012600566
          ],
          [
            2.18567816574555,
            41.3725322205552
          ],
          [
            2.1848311501303,
            41.3726017475529
          ],
          [
            2.18413427503128,
            41.3729280023597
          ],
          [
            2.18428031187412,
            41.3730902990097
          ],
          [
            2.18487220975897,
            41.37282060639
          ],
          [
            2.18491742348639,
            41.3731052587278
          ],
          [
            2.18430978459904,
            41.373336783176
          ],
          [
            2.18438976665705,
            41.373468427506
          ],
          [
            2.18493729449988,
            41.3732608156281
          ],
          [
            2.18498782630005,
            41.3735486491907
          ],
          [
            2.18436445729551,
            41.3737362138321
          ],
          [
            2.18443532281459,
            41.3738701805557
          ],
          [
            2.1850114980032,
            41.3736976754685
          ],
          [
            2.18505815295019,
            41.3739915075943
          ],
          [
            2.18439348190945,
            41.3741326524405
          ],
          [
            2.18444870213174,
            41.3742736873602
          ],
          [
            2.1850813039748,
            41.3741372424076
          ],
          [
            2.18512905802318,
            41.3744379189901
          ],
          [
            2.18446015076206,
            41.3745454180595
          ],
          [
            2.18449750573418,
            41.3746883801519
          ],
          [
            2.18515216421552,
            41.3745834372801
          ],
          [
            2.18519947462621,
            41.374881381386
          ],
          [
            2.18464766354444,
            41.3749309717301
          ],
          [
            2.18467304788801,
            41.3750759297484
          ],
          [
            2.18521239675624,
            41.3750256115803
          ],
          [
            2.1867337352322,
            41.3756017057502
          ],
          [
            2.18679430739882,
            41.3758637846927
          ],
          [
            2.18656237144892,
            41.375895636738
          ],
          [
            2.18660719265957,
            41.3760896065466
          ],
          [
            2.1868391292797,
            41.3760577544181
          ],
          [
            2.18721439590415,
            41.3775451171591
          ],
          [
            2.18632362866029,
            41.3797715442902
          ],
          [
            2.18619216797024,
            41.3798411173884
          ],
          [
            2.18612067295219,
            41.3800227986305
          ],
          [
            2.18471095385508,
            41.3806939050723
          ],
          [
            2.18419918021299,
            41.3806305427943
          ],
          [
            2.18356407387604,
            41.3804626632007
          ],
          [
            2.18502138209209,
            41.376727785026
          ],
          [
            2.18285219837818,
            41.3740064749468
          ],
          [
            2.18099418581562,
            41.3748421025088
          ],
          [
            2.18079251598284,
            41.3753957761247
          ],
          [
            2.18150880872901,
            41.3750913159204
          ],
          [
            2.18142209954325,
            41.3753709603972
          ],
          [
            2.18318199800819,
            41.3775644259623
          ],
          [
            2.18244596311772,
            41.3794268355968
          ],
          [
            2.18240279697012,
            41.3794464087813
          ],
          [
            2.17957698316194,
            41.3759073447504
          ],
          [
            2.18079011165155,
            41.3753967858817
          ],
          [
            2.18099174462031,
            41.3748431930758
          ],
          [
            2.17953822954349,
            41.3755051610416
          ],
          [
            2.17886357012135,
            41.374660462003
          ],
          [
            2.17819897367326,
            41.3738318551582
          ],
          [
            2.18312994480854,
            41.3715971873361
          ],
          [
            2.1820762813284,
            41.3702779659888
          ],
          [
            2.17763492974264,
            41.37229776166
          ],
          [
            2.17761433355046,
            41.3723599107928
          ],
          [
            2.17690009989655,
            41.3726793862259
          ],
          [
            2.17683774074936,
            41.3727163218387
          ],
          [
            2.17684063909481,
            41.3728175333502
          ],
          [
            2.17639251730756,
            41.3730234216191
          ],
          [
            2.17565952916439,
            41.3733602027773
          ],
          [
            2.17560409801677,
            41.373390053328
          ],
          [
            2.17638350576488,
            41.3743465207142
          ],
          [
            2.17518521183515,
            41.3746498488069
          ],
          [
            2.17321237102678,
            41.3747952256244
          ],
          [
            2.17273057953212,
            41.374828741634
          ],
          [
            2.17270719254343,
            41.3748303661315
          ],
          [
            2.17189943947304,
            41.3748905318563
          ],
          [
            2.17005161810029,
            41.3750162972266
          ],
          [
            2.16960799967343,
            41.3750013984929
          ],
          [
            2.16855608489255,
            41.3749500770447
          ],
          [
            2.16784694052978,
            41.3749844260121
          ],
          [
            2.16763157763439,
            41.3751792340116
          ],
          [
            2.16743677298537,
            41.3753728571116
          ],
          [
            2.16653440026091,
            41.3760493806132
          ],
          [
            2.1660960130309,
            41.3763989962758
          ],
          [
            2.16607354149297,
            41.3764169116828
          ],
          [
            2.16545640575772,
            41.3769096391941
          ],
          [
            2.16466902170734,
            41.3775357011509
          ],
          [
            2.16466320262278,
            41.3775400005739
          ],
          [
            2.16434007332256,
            41.3777787339457
          ],
          [
            2.16323199508084,
            41.378649967398
          ],
          [
            2.16310953794999,
            41.3787421974307
          ],
          [
            2.16334064093533,
            41.38033746251
          ],
          [
            2.16333938258343,
            41.3804357165377
          ],
          [
            2.16347612246253,
            41.3813502357519
          ],
          [
            2.16352000935477,
            41.3816699886036
          ],
          [
            2.16358212931769,
            41.3821200146455
          ],
          [
            2.16361353735462,
            41.3823486917302
          ],
          [
            2.16362127509614,
            41.3823982082726
          ],
          [
            2.16386904926789,
            41.3841318309397
          ],
          [
            2.16388114556225,
            41.3842164814281
          ],
          [
            2.16402725812517,
            41.3852483364491
          ],
          [
            2.16404596522348,
            41.3854014830769
          ],
          [
            2.16484688820919,
            41.3859161565423
          ],
          [
            2.17004372952745,
            41.3854696823359
          ],
          [
            2.171375033412,
            41.386916636544
          ],
          [
            2.17229243863684,
            41.3879150167032
          ],
          [
            2.17274557294861,
            41.3884169653357
          ],
          [
            2.17279249452523,
            41.3884585478491
          ],
          [
            2.17281207480159,
            41.3884745597557
          ],
          [
            2.1734341734072,
            41.3889833129079
          ],
          [
            2.17375022133379,
            41.3889790145391
          ],
          [
            2.17583665835969,
            41.3889506308577
          ],
          [
            2.17736271702219,
            41.3901091641016
          ],
          [
            2.17848044603513,
            41.3905281206225
          ],
          [
            2.17983597692245,
            41.3910376554439
          ],
          [
            2.17985640251716,
            41.3910551313887
          ],
          [
            2.18019456350673,
            41.3913443747944
          ],
          [
            2.18021402961054,
            41.3913592136485
          ],
          [
            2.18134526424347,
            41.3922210931788
          ],
          [
            2.18238963340248,
            41.3914259340105
          ]
        ]
      ]
      }
    },
    {
      "type": "Feature",
      "geometry": {
        "type": "Polygon",
      "coordinates": [
        [
          [
            2.18238963340248,
            41.3914259340105
          ],
          [
            2.18134526424347,
            41.3922210931788
          ],
          [
            2.18021402961054,
            41.3913592136485
          ],
          [
            2.18019456350673,
            41.3913443747944
          ],
          [
            2.17985640251716,
            41.3910551313887
          ],
          [
            2.17983597692245,
            41.3910376554439
          ],
          [
            2.17848044603513,
            41.3905281206225
          ],
          [
            2.17736271702219,
            41.3901091641016
          ],
          [
            2.17583665835969,
            41.3889506308577
          ],
          [
            2.17375022133379,
            41.3889790145391
          ],
          [
            2.1734341734072,
            41.3889833129079
          ],
          [
            2.17281207480159,
            41.3884745597557
          ],
          [
            2.17279249452523,
            41.3884585478491
          ],
          [
            2.17274557294861,
            41.3884169653357
          ],
          [
            2.17229243863684,
            41.3879150167032
          ],
          [
            2.171375033412,
            41.386916636544
          ],
          [
            2.17004372952745,
            41.3854696823359
          ],
          [
            2.16484688820919,
            41.3859161565423
          ],
          [
            2.16404596522348,
            41.3854014830769
          ],
          [
            2.16402725812517,
            41.3852483364491
          ],
          [
            2.16388114556225,
            41.3842164814281
          ],
          [
            2.16386904926789,
            41.3841318309397
          ],
          [
            2.16362127509614,
            41.3823982082726
          ],
          [
            2.16361353735462,
            41.3823486917302
          ],
          [
            2.16358212931769,
            41.3821200146455
          ],
          [
            2.16352000935477,
            41.3816699886036
          ],
          [
            2.16347612246253,
            41.3813502357519
          ],
          [
            2.16333938258343,
            41.3804357165377
          ],
          [
            2.16334064093533,
            41.38033746251
          ],
          [
            2.16310953794999,
            41.3787421974307
          ],
          [
            2.16323199508084,
            41.378649967398
          ],
          [
            2.16434007332256,
            41.3777787339457
          ],
          [
            2.16466320262278,
            41.3775400005739
          ],
          [
            2.16466902170734,
            41.3775357011509
          ],
          [
            2.16545640575772,
            41.3769096391941
          ],
          [
            2.16607354149297,
            41.3764169116828
          ],
          [
            2.1660960130309,
            41.3763989962758
          ],
          [
            2.16653440026091,
            41.3760493806132
          ],
          [
            2.16743677298537,
            41.3753728571116
          ],
          [
            2.16763157763439,
            41.3751792340116
          ],
          [
            2.16784694052978,
            41.3749844260121
          ],
          [
            2.16784574400921,
            41.3749844804188
          ],
          [
            2.16784038340884,
            41.3749847389319
          ],
          [
            2.16766578869747,
            41.3749944303413
          ],
          [
            2.16696253470031,
            41.3750225381715
          ],
          [
            2.16616327650058,
            41.3750152315469
          ],
          [
            2.16545874777262,
            41.375010128165
          ],
          [
            2.16524753626584,
            41.3750085973788
          ],
          [
            2.16404880829105,
            41.3750100085394
          ],
          [
            2.16339544792327,
            41.3750087498712
          ],
          [
            2.16308547534245,
            41.3750051734995
          ],
          [
            2.16214436130728,
            41.3750096437114
          ],
          [
            2.16163644015224,
            41.3750109824072
          ],
          [
            2.16092920692433,
            41.3750051380309
          ],
          [
            2.16073544360076,
            41.3750035369312
          ],
          [
            2.16046337694608,
            41.3750131465512
          ],
          [
            2.15934001991668,
            41.3750175081414
          ],
          [
            2.15842417505396,
            41.3750255642537
          ],
          [
            2.15770736554142,
            41.3750158469236
          ],
          [
            2.15640494302248,
            41.3750129610678
          ],
          [
            2.15612246063845,
            41.3750123416329
          ],
          [
            2.15584787280748,
            41.3750106354163
          ],
          [
            2.15437031986374,
            41.3750014164371
          ],
          [
            2.15411892104742,
            41.374999570115
          ],
          [
            2.1540135631631,
            41.3749999941853
          ],
          [
            2.15156605587596,
            41.3750097765185
          ],
          [
            2.15050985825956,
            41.3750057102719
          ],
          [
            2.14981636270137,
            41.3752942381902
          ],
          [
            2.14964238361348,
            41.3753666262619
          ],
          [
            2.14937796947664,
            41.3754743492257
          ],
          [
            2.14906688159497,
            41.3756784316054
          ],
          [
            2.14904807778527,
            41.3756907680949
          ],
          [
            2.14891686933962,
            41.3757624442423
          ],
          [
            2.14825463052377,
            41.376259168638
          ],
          [
            2.14708440508313,
            41.3771369206783
          ],
          [
            2.14595106661817,
            41.3779861821507
          ],
          [
            2.14577243958196,
            41.3781241497019
          ],
          [
            2.14527439198085,
            41.3785444475917
          ],
          [
            2.1448824549049,
            41.378824590466
          ],
          [
            2.14392438038291,
            41.3795414161798
          ],
          [
            2.14300781413845,
            41.3802549757142
          ],
          [
            2.14300014687476,
            41.3802632866461
          ],
          [
            2.14297390093612,
            41.3802857272323
          ],
          [
            2.14254490502895,
            41.3806524637916
          ],
          [
            2.14232406136715,
            41.380841256268
          ],
          [
            2.14239912923132,
            41.382059272355
          ],
          [
            2.14241932417459,
            41.3823903141202
          ],
          [
            2.14252399440603,
            41.3838844776525
          ],
          [
            2.1425360685885,
            41.3840689154772
          ],
          [
            2.14262795694306,
            41.3854720524219
          ],
          [
            2.14264515496892,
            41.3856506914641
          ],
          [
            2.14275104400002,
            41.3866034572837
          ],
          [
            2.14292408932389,
            41.3876103894957
          ],
          [
            2.14303970128034,
            41.3882301472625
          ],
          [
            2.14330004919814,
            41.3891994103645
          ],
          [
            2.14350678590526,
            41.3900809191393
          ],
          [
            2.14362163512574,
            41.3904941462015
          ],
          [
            2.14362188607892,
            41.3904950758415
          ],
          [
            2.14366626720887,
            41.3906862119964
          ],
          [
            2.14394047848671,
            41.3914470165078
          ],
          [
            2.14437895408326,
            41.392383714564
          ],
          [
            2.14477060165155,
            41.3924280405572
          ],
          [
            2.14483762620697,
            41.3924852405997
          ],
          [
            2.1449847113713,
            41.3926107805681
          ],
          [
            2.14492606348692,
            41.3928766430392
          ],
          [
            2.14557698536007,
            41.3930458798165
          ],
          [
            2.14590388273995,
            41.39312822858
          ],
          [
            2.14617957870571,
            41.3931964423107
          ],
          [
            2.14778996969056,
            41.3935987932959
          ],
          [
            2.14789400728439,
            41.3936257660584
          ],
          [
            2.14956713275199,
            41.3940595152023
          ],
          [
            2.15127266333942,
            41.3944921817984
          ],
          [
            2.15314367519332,
            41.3949671775429
          ],
          [
            2.15470086455755,
            41.3953490258919
          ],
          [
            2.15477158678293,
            41.3953663620479
          ],
          [
            2.15566090389752,
            41.3955910122109
          ],
          [
            2.15930259294697,
            41.3965108507783
          ],
          [
            2.15954624125267,
            41.3966844835845
          ],
          [
            2.15959754342583,
            41.3967210321614
          ],
          [
            2.15971651263497,
            41.3968034002929
          ],
          [
            2.1599987509134,
            41.3969967609386
          ],
          [
            2.16158247138808,
            41.3982053644891
          ],
          [
            2.16185473873169,
            41.3984056918273
          ],
          [
            2.16291949109827,
            41.3992099165126
          ],
          [
            2.16299214309248,
            41.399264777896
          ],
          [
            2.16411402555072,
            41.4001154530783
          ],
          [
            2.16524102008911,
            41.4009709102777
          ],
          [
            2.1652498468473,
            41.4009776127946
          ],
          [
            2.16632928243216,
            41.4017908386417
          ],
          [
            2.16745446892779,
            41.4009278100359
          ],
          [
            2.16866350226003,
            41.4018295129173
          ],
          [
            2.16978475117984,
            41.4026696524092
          ],
          [
            2.17090037990653,
            41.4035005437893
          ],
          [
            2.17203915839378,
            41.4043487500353
          ],
          [
            2.17089448120767,
            41.4052298597684
          ],
          [
            2.16979381432003,
            41.4060797760291
          ],
          [
            2.16865200746819,
            41.4069646308707
          ],
          [
            2.1699341777355,
            41.4079271979582
          ],
          [
            2.17098396234974,
            41.4087259609676
          ],
          [
            2.17208424801553,
            41.4095476142071
          ],
          [
            2.17320287064561,
            41.4103926188499
          ],
          [
            2.17428766718151,
            41.4112050150904
          ],
          [
            2.17541905593609,
            41.4120394067298
          ],
          [
            2.17601240433974,
            41.4116290757448
          ],
          [
            2.17658416396139,
            41.4111795938535
          ],
          [
            2.17714154020863,
            41.4107476429464
          ],
          [
            2.17771936359081,
            41.4103009099002
          ],
          [
            2.17883594269618,
            41.4094695152088
          ],
          [
            2.17892195106536,
            41.4094328375325
          ],
          [
            2.180012604385,
            41.4085732240466
          ],
          [
            2.18110995992179,
            41.4077492723416
          ],
          [
            2.18223984948142,
            41.4068941679401
          ],
          [
            2.1830864147991,
            41.4062435844966
          ],
          [
            2.18336152856504,
            41.406032157333
          ],
          [
            2.1844933313067,
            41.4051790706783
          ],
          [
            2.18596014215056,
            41.404071168323
          ],
          [
            2.18572566922894,
            41.4038302892395
          ],
          [
            2.18561624556802,
            41.403659030396
          ],
          [
            2.18552228752131,
            41.4033174048316
          ],
          [
            2.18542387163066,
            41.4031988725111
          ],
          [
            2.18545439732552,
            41.4031053203361
          ],
          [
            2.18548222594613,
            41.4030371142041
          ],
          [
            2.18559321130956,
            41.402816512781
          ],
          [
            2.18564190814181,
            41.4027297366032
          ],
          [
            2.1856942804212,
            41.4026408155864
          ],
          [
            2.18574889356752,
            41.4025439117257
          ],
          [
            2.18596297437029,
            41.4024654927465
          ],
          [
            2.18594477475391,
            41.402439863839
          ],
          [
            2.1865446278017,
            41.4022766264146
          ],
          [
            2.18681889371422,
            41.4022875440716
          ],
          [
            2.18681589820645,
            41.4017645201129
          ],
          [
            2.18682236323076,
            41.3982663015488
          ],
          [
            2.18682490041727,
            41.3968937096588
          ],
          [
            2.18675382181926,
            41.3966890343849
          ],
          [
            2.1867338317043,
            41.3966315063348
          ],
          [
            2.18676774891097,
            41.3954863412638
          ],
          [
            2.18673244373801,
            41.3949047558357
          ],
          [
            2.1867135151547,
            41.3945930161107
          ],
          [
            2.18581735793703,
            41.393936610876
          ],
          [
            2.1835265741019,
            41.3922586032565
          ],
          [
            2.18238963340248,
            41.3914259340105
          ]
        ]
      ]
      }
    },
    {
      "type": "Feature",
      "geometry": {
        "type": "Polygon",
      "coordinates": [
        [
          [
            2.16865200746819,
            41.4069646308707
          ],
          [
            2.16979381432003,
            41.4060797760291
          ],
          [
            2.17089448120767,
            41.4052298597684
          ],
          [
            2.17203915839378,
            41.4043487500353
          ],
          [
            2.17090037990653,
            41.4035005437893
          ],
          [
            2.16978475117984,
            41.4026696524092
          ],
          [
            2.16866350226003,
            41.4018295129173
          ],
          [
            2.16745446892779,
            41.4009278100359
          ],
          [
            2.16632928243216,
            41.4017908386417
          ],
          [
            2.1652498468473,
            41.4009776127946
          ],
          [
            2.16524102008911,
            41.4009709102777
          ],
          [
            2.16411402555072,
            41.4001154530783
          ],
          [
            2.16299214309248,
            41.399264777896
          ],
          [
            2.16291949109827,
            41.3992099165126
          ],
          [
            2.16185473873169,
            41.3984056918273
          ],
          [
            2.16158247138808,
            41.3982053644891
          ],
          [
            2.1599987509134,
            41.3969967609386
          ],
          [
            2.15971651263497,
            41.3968034002929
          ],
          [
            2.15959754342583,
            41.3967210321614
          ],
          [
            2.15954624125267,
            41.3966844835845
          ],
          [
            2.15930259294697,
            41.3965108507783
          ],
          [
            2.15566090389752,
            41.3955910122109
          ],
          [
            2.15530726834799,
            41.3962910671389
          ],
          [
            2.15496197358314,
            41.3967342790565
          ],
          [
            2.15404409269717,
            41.3976726427032
          ],
          [
            2.15324323861166,
            41.3984478058301
          ],
          [
            2.15322898746587,
            41.398461005111
          ],
          [
            2.15310842843176,
            41.3985726041617
          ],
          [
            2.15202200895322,
            41.3996575606625
          ],
          [
            2.15164028038732,
            41.4000493944143
          ],
          [
            2.15116971851309,
            41.4005335294191
          ],
          [
            2.15115647289198,
            41.4007379740279
          ],
          [
            2.15120628149567,
            41.401055801426
          ],
          [
            2.15114921001474,
            41.4014703921075
          ],
          [
            2.15102604307786,
            41.4016705043508
          ],
          [
            2.15085419361262,
            41.4018727255077
          ],
          [
            2.15017107425166,
            41.4027748486006
          ],
          [
            2.14996908725625,
            41.4030419971518
          ],
          [
            2.14988619183356,
            41.4032248678051
          ],
          [
            2.15002583195064,
            41.4037446582014
          ],
          [
            2.15032226860949,
            41.4041294302686
          ],
          [
            2.15035385083397,
            41.4043501396899
          ],
          [
            2.15001536265803,
            41.4052100817237
          ],
          [
            2.14996090927194,
            41.4054236706783
          ],
          [
            2.14996749573924,
            41.4055793507075
          ],
          [
            2.1500509134766,
            41.4057874720277
          ],
          [
            2.15003166054259,
            41.4059429613044
          ],
          [
            2.14993456265318,
            41.4061238084584
          ],
          [
            2.14949959866685,
            41.4064801573683
          ],
          [
            2.14912453464472,
            41.4067915044868
          ],
          [
            2.14906555948039,
            41.4068312780861
          ],
          [
            2.14884916973019,
            41.4066997006728
          ],
          [
            2.14899952702751,
            41.406568131738
          ],
          [
            2.14893149346228,
            41.4065245460828
          ],
          [
            2.14878812620643,
            41.406645789979
          ],
          [
            2.14872519115663,
            41.4066011519878
          ],
          [
            2.14853157597336,
            41.4067561894581
          ],
          [
            2.14852073088553,
            41.4067648735448
          ],
          [
            2.1485144430733,
            41.406759881936
          ],
          [
            2.14848922489101,
            41.4067624697507
          ],
          [
            2.14847545336638,
            41.4067744559542
          ],
          [
            2.14844429972281,
            41.4067523824015
          ],
          [
            2.14838445264487,
            41.4068011837123
          ],
          [
            2.1484938293979,
            41.406878141922
          ],
          [
            2.14836748246795,
            41.40697761395
          ],
          [
            2.14858096256159,
            41.4071387153041
          ],
          [
            2.14865016885087,
            41.4071896509355
          ],
          [
            2.14804611430183,
            41.4076750551964
          ],
          [
            2.14758038312643,
            41.4080605694874
          ],
          [
            2.14741271683877,
            41.4082371808904
          ],
          [
            2.14716138049191,
            41.4085494555789
          ],
          [
            2.14668379319506,
            41.4091618759239
          ],
          [
            2.14628812659054,
            41.4096758373421
          ],
          [
            2.14594727786332,
            41.4101055516528
          ],
          [
            2.14578037772099,
            41.4104806461173
          ],
          [
            2.14568779828005,
            41.4106786642633
          ],
          [
            2.14534855156133,
            41.4110949764557
          ],
          [
            2.14532766015436,
            41.411120609798
          ],
          [
            2.1452083775569,
            41.4112086461569
          ],
          [
            2.14499424040442,
            41.411325621677
          ],
          [
            2.14451292094508,
            41.4113991054936
          ],
          [
            2.14310856812833,
            41.4115050573027
          ],
          [
            2.14276148974028,
            41.4115359275438
          ],
          [
            2.1419046733258,
            41.4116181968079
          ],
          [
            2.14100846634601,
            41.4117240716661
          ],
          [
            2.14097569036954,
            41.4117289073563
          ],
          [
            2.14093031170913,
            41.4117358288176
          ],
          [
            2.1408981451652,
            41.4117407230776
          ],
          [
            2.14068455967452,
            41.4118632432659
          ],
          [
            2.14019309619169,
            41.4122201075691
          ],
          [
            2.13993217863452,
            41.4124194219133
          ],
          [
            2.1398041596126,
            41.4125422643146
          ],
          [
            2.13786766313737,
            41.4140253452449
          ],
          [
            2.13784262427419,
            41.4140458118917
          ],
          [
            2.13766257424413,
            41.4141929517217
          ],
          [
            2.13713503320026,
            41.4143672843509
          ],
          [
            2.13631233861429,
            41.4151271563932
          ],
          [
            2.13605128663201,
            41.4153682734534
          ],
          [
            2.13627656733591,
            41.4159754458164
          ],
          [
            2.13517350644138,
            41.4169798034034
          ],
          [
            2.13419743859047,
            41.4177961195438
          ],
          [
            2.13230149615447,
            41.4185407077418
          ],
          [
            2.13213757002693,
            41.4185668278958
          ],
          [
            2.13127062762382,
            41.4182145112698
          ],
          [
            2.13051987112078,
            41.4183148980479
          ],
          [
            2.13022061064969,
            41.4186647484959
          ],
          [
            2.13005902725908,
            41.4191118381953
          ],
          [
            2.13010332562864,
            41.4193712635718
          ],
          [
            2.13012971721468,
            41.4195081422126
          ],
          [
            2.13013501011631,
            41.4195670910085
          ],
          [
            2.13012876943582,
            41.4196052445083
          ],
          [
            2.13008648191759,
            41.4196472780975
          ],
          [
            2.13004245700285,
            41.4196607629014
          ],
          [
            2.12999544656323,
            41.4196567416437
          ],
          [
            2.12994910616313,
            41.4196347825646
          ],
          [
            2.12990888211972,
            41.4196073300998
          ],
          [
            2.12986747585927,
            41.4195725185967
          ],
          [
            2.12983764383351,
            41.4195446852636
          ],
          [
            2.12979499724903,
            41.4195158453153
          ],
          [
            2.12975357144448,
            41.4194860958172
          ],
          [
            2.12969990381302,
            41.4194608475753
          ],
          [
            2.12964683120849,
            41.4194448184409
          ],
          [
            2.12959617372867,
            41.4194343291147
          ],
          [
            2.12954670419364,
            41.4194316672252
          ],
          [
            2.12950271797456,
            41.4194368742574
          ],
          [
            2.12946297792717,
            41.4194467071842
          ],
          [
            2.12939934802098,
            41.4194739420219
          ],
          [
            2.12934288302765,
            41.4195058788566
          ],
          [
            2.12926903938661,
            41.419529100123
          ],
          [
            2.12946521285327,
            41.4195078937619
          ],
          [
            2.12966909353285,
            41.4195619576404
          ],
          [
            2.12981347038691,
            41.4197600781649
          ],
          [
            2.12987821077134,
            41.4199976888971
          ],
          [
            2.13010894018533,
            41.4200898943301
          ],
          [
            2.13052569955275,
            41.4199389967546
          ],
          [
            2.13066290479285,
            41.4198224674201
          ],
          [
            2.13078501344346,
            41.4195510487124
          ],
          [
            2.13086984117772,
            41.4194452388924
          ],
          [
            2.1309835949468,
            41.4193930615967
          ],
          [
            2.13113680063137,
            41.4193876874509
          ],
          [
            2.13129461731223,
            41.4194700805845
          ],
          [
            2.13163346674082,
            41.4196393648856
          ],
          [
            2.1321095909452,
            41.4198046388718
          ],
          [
            2.13218392301981,
            41.4198768805559
          ],
          [
            2.13221160290968,
            41.4199604352407
          ],
          [
            2.13219497702802,
            41.4200453223611
          ],
          [
            2.1319904648466,
            41.4202704715172
          ],
          [
            2.1317290786044,
            41.4206085503102
          ],
          [
            2.13146415871795,
            41.4208981506938
          ],
          [
            2.13135468124613,
            41.4209983704765
          ],
          [
            2.13127854241613,
            41.4211156856592
          ],
          [
            2.13125381205661,
            41.4212923335251
          ],
          [
            2.13128308155587,
            41.4213346552451
          ],
          [
            2.1313868458015,
            41.4213831506451
          ],
          [
            2.1316439799941,
            41.4213963225757
          ],
          [
            2.13211286282555,
            41.4214700261139
          ],
          [
            2.13247040281492,
            41.4215035982903
          ],
          [
            2.13282675159086,
            41.421572793898
          ],
          [
            2.13296571487391,
            41.421692180481
          ],
          [
            2.13311673937921,
            41.421799101309
          ],
          [
            2.13331169739796,
            41.4218274653258
          ],
          [
            2.13354801666149,
            41.4217897913349
          ],
          [
            2.13378872890318,
            41.4217808476776
          ],
          [
            2.13402831056159,
            41.4218561598058
          ],
          [
            2.13422315022979,
            41.4218934838118
          ],
          [
            2.13451857029095,
            41.4218903274566
          ],
          [
            2.13472410025277,
            41.4218398812115
          ],
          [
            2.1351941094132,
            41.4214238540117
          ],
          [
            2.13522748127266,
            41.4214223121871
          ],
          [
            2.13525566302657,
            41.4214530051058
          ],
          [
            2.1352500825539,
            41.4214794811586
          ],
          [
            2.13503460567209,
            41.4218704617525
          ],
          [
            2.13469536275814,
            41.4222570349177
          ],
          [
            2.13465325658087,
            41.4223161586837
          ],
          [
            2.13460838356623,
            41.4223475006458
          ],
          [
            2.13448896422971,
            41.4224179330551
          ],
          [
            2.13441063170479,
            41.4224681912787
          ],
          [
            2.13430284865831,
            41.4225553927897
          ],
          [
            2.13425607012736,
            41.4226058521282
          ],
          [
            2.13422017913679,
            41.4226691118521
          ],
          [
            2.13421167517662,
            41.4227580235856
          ],
          [
            2.13428448930657,
            41.423017193275
          ],
          [
            2.13440184109125,
            41.4232550618455
          ],
          [
            2.134487581008,
            41.4234015011451
          ],
          [
            2.13464858298179,
            41.4236110718814
          ],
          [
            2.13477409520254,
            41.4235830742108
          ],
          [
            2.1348219622221,
            41.4236932708632
          ],
          [
            2.13484622214561,
            41.4237228625136
          ],
          [
            2.13488055640292,
            41.4237580244077
          ],
          [
            2.13496924281419,
            41.4238105557114
          ],
          [
            2.13504196616778,
            41.4238666150427
          ],
          [
            2.13515870385669,
            41.4239715101159
          ],
          [
            2.13523458125935,
            41.4240595875055
          ],
          [
            2.13530283302835,
            41.4241695317239
          ],
          [
            2.13535513488442,
            41.4242784013276
          ],
          [
            2.13536793769427,
            41.4243155811764
          ],
          [
            2.13536912035826,
            41.4243455308452
          ],
          [
            2.13536089110323,
            41.4243768059873
          ],
          [
            2.13534204060629,
            41.4244049388274
          ],
          [
            2.13510329937537,
            41.4246210089682
          ],
          [
            2.13506666372023,
            41.4246682030449
          ],
          [
            2.13504765834475,
            41.4247034865917
          ],
          [
            2.13503849198535,
            41.4247368263832
          ],
          [
            2.13504262491247,
            41.4247726080267
          ],
          [
            2.13505981167322,
            41.4248040740846
          ],
          [
            2.13514131296217,
            41.4248471474865
          ],
          [
            2.13574386175405,
            41.4246483288283
          ],
          [
            2.13586781003988,
            41.4245894496784
          ],
          [
            2.13604477825182,
            41.4244263106234
          ],
          [
            2.13607762957868,
            41.4243458232956
          ],
          [
            2.13610418619799,
            41.4238406591552
          ],
          [
            2.13619398964619,
            41.4236589229191
          ],
          [
            2.13640992931136,
            41.4235528947002
          ],
          [
            2.13702244200467,
            41.4235006683363
          ],
          [
            2.13718980979043,
            41.4234630465177
          ],
          [
            2.1373933150474,
            41.4233957994537
          ],
          [
            2.13767343553149,
            41.4232424020661
          ],
          [
            2.13782228268978,
            41.4231029644026
          ],
          [
            2.13800007167795,
            41.4228770374209
          ],
          [
            2.13836756959199,
            41.4220361855116
          ],
          [
            2.13843424868518,
            41.4218794772711
          ],
          [
            2.13839276870615,
            41.4216939644405
          ],
          [
            2.13831508557177,
            41.4215875544028
          ],
          [
            2.13818854931235,
            41.4215204655229
          ],
          [
            2.13782578856662,
            41.4213755397854
          ],
          [
            2.13769509242011,
            41.4212918815103
          ],
          [
            2.13766107415104,
            41.4212056414878
          ],
          [
            2.13766330361059,
            41.4210369934474
          ],
          [
            2.1377216826431,
            41.420941528222
          ],
          [
            2.13780594078849,
            41.4208826289009
          ],
          [
            2.13806198144968,
            41.4207919492666
          ],
          [
            2.13886295150321,
            41.4205613077158
          ],
          [
            2.14000684006628,
            41.4202409680184
          ],
          [
            2.14013342076643,
            41.4205270627354
          ],
          [
            2.14036949247005,
            41.4210605451553
          ],
          [
            2.1404554935253,
            41.4210980637859
          ],
          [
            2.14055791434964,
            41.4211427487574
          ],
          [
            2.14089817824058,
            41.4212934429586
          ],
          [
            2.14111968913173,
            41.4213438710028
          ],
          [
            2.14170960670794,
            41.4215364000113
          ],
          [
            2.14184818088422,
            41.4215583392697
          ],
          [
            2.14199655451644,
            41.4215385387439
          ],
          [
            2.14211743063946,
            41.4214976358283
          ],
          [
            2.14324696635839,
            41.4206328449329
          ],
          [
            2.14376813516806,
            41.4202163704974
          ],
          [
            2.14387429837036,
            41.4201473881201
          ],
          [
            2.14403744908222,
            41.4201666341026
          ],
          [
            2.14404185792828,
            41.4201671532826
          ],
          [
            2.14418114018066,
            41.4202900236516
          ],
          [
            2.14452791752552,
            41.4205301726734
          ],
          [
            2.1446829323609,
            41.4206945125985
          ],
          [
            2.14481952897322,
            41.4207905650281
          ],
          [
            2.14514317696348,
            41.4208930324246
          ],
          [
            2.14567884800518,
            41.4209875874795
          ],
          [
            2.14693440309009,
            41.421247745889
          ],
          [
            2.1477540232794,
            41.4215743373447
          ],
          [
            2.14780764087363,
            41.4215848495975
          ],
          [
            2.14790175820552,
            41.4216032998935
          ],
          [
            2.14930852339006,
            41.4216276370345
          ],
          [
            2.14938631011167,
            41.4216045130998
          ],
          [
            2.14947913921658,
            41.4215327338141
          ],
          [
            2.14950539556122,
            41.4214298463319
          ],
          [
            2.14952518941362,
            41.4207386334765
          ],
          [
            2.14952076620923,
            41.4206795478508
          ],
          [
            2.14951589461713,
            41.4206144689467
          ],
          [
            2.14935137046087,
            41.4204452192331
          ],
          [
            2.14935211929198,
            41.4203877931543
          ],
          [
            2.14938941681898,
            41.4203595240441
          ],
          [
            2.15011215497555,
            41.4203022773567
          ],
          [
            2.15021871185837,
            41.4202870846143
          ],
          [
            2.15096819443422,
            41.4202040433861
          ],
          [
            2.15128224941475,
            41.4201659873584
          ],
          [
            2.1515971342624,
            41.4201781892532
          ],
          [
            2.1517419919292,
            41.4201430285273
          ],
          [
            2.1517103047726,
            41.4198172381324
          ],
          [
            2.151671312374,
            41.4194790266312
          ],
          [
            2.15160453709769,
            41.4191580938813
          ],
          [
            2.15140944676757,
            41.4187967537098
          ],
          [
            2.15111131025352,
            41.4184037668792
          ],
          [
            2.1509331773928,
            41.4180040799761
          ],
          [
            2.15092429462331,
            41.4178894484405
          ],
          [
            2.15096373248947,
            41.4177829827098
          ],
          [
            2.15123184388109,
            41.417504403734
          ],
          [
            2.15174369406204,
            41.4171600730221
          ],
          [
            2.15189498228461,
            41.4170172390742
          ],
          [
            2.15192425130146,
            41.4169049152921
          ],
          [
            2.15268993083341,
            41.4168163253161
          ],
          [
            2.15292959576621,
            41.4166283823565
          ],
          [
            2.15293883596483,
            41.4166226585297
          ],
          [
            2.15314578561382,
            41.4164945722941
          ],
          [
            2.15365744410348,
            41.416035404264
          ],
          [
            2.15416156312697,
            41.4156043719207
          ],
          [
            2.1545170749091,
            41.415349648455
          ],
          [
            2.15465604510596,
            41.4152239786942
          ],
          [
            2.15475305695602,
            41.415196704675
          ],
          [
            2.15502811385951,
            41.4149812200197
          ],
          [
            2.15510639422476,
            41.4149441522202
          ],
          [
            2.15522333047283,
            41.4149240948738
          ],
          [
            2.15533413153701,
            41.4149500025915
          ],
          [
            2.15543275576658,
            41.4150005554152
          ],
          [
            2.15545005111019,
            41.4150094105222
          ],
          [
            2.15557928150514,
            41.4150961815877
          ],
          [
            2.15586896661852,
            41.4151241391742
          ],
          [
            2.15616621902484,
            41.4153016125469
          ],
          [
            2.156380910607,
            41.4154457020588
          ],
          [
            2.15654661508454,
            41.4155444670057
          ],
          [
            2.15665960661992,
            41.4156546814645
          ],
          [
            2.15716463546777,
            41.4164288068972
          ],
          [
            2.15722318574581,
            41.4164963321637
          ],
          [
            2.15736442951378,
            41.4165520413034
          ],
          [
            2.15745368345302,
            41.4165427502102
          ],
          [
            2.15758644443782,
            41.4164890462485
          ],
          [
            2.15789492603156,
            41.4158650310093
          ],
          [
            2.1581881208749,
            41.415402434213
          ],
          [
            2.1585230102837,
            41.415034575772
          ],
          [
            2.15890741652687,
            41.414667087059
          ],
          [
            2.15929097405624,
            41.414364201477
          ],
          [
            2.15961619757355,
            41.4141206894979
          ],
          [
            2.15998176371901,
            41.4139572861889
          ],
          [
            2.16002634803226,
            41.4139479013844
          ],
          [
            2.1604912434005,
            41.4138500208366
          ],
          [
            2.16071694176588,
            41.4139536669095
          ],
          [
            2.16104529305038,
            41.4140721482437
          ],
          [
            2.1611616104474,
            41.4140794901019
          ],
          [
            2.16135841082301,
            41.413905962394
          ],
          [
            2.16138334139545,
            41.4138179337229
          ],
          [
            2.16139069025151,
            41.4137013944232
          ],
          [
            2.16131457815637,
            41.4136120533175
          ],
          [
            2.16129957374821,
            41.4134975400152
          ],
          [
            2.16201406981398,
            41.4126414558721
          ],
          [
            2.16204893425435,
            41.4125996897004
          ],
          [
            2.16232458181733,
            41.4123270662718
          ],
          [
            2.16263675854747,
            41.4119311972148
          ],
          [
            2.1634856820444,
            41.4109032905703
          ],
          [
            2.16389808247718,
            41.4104964723425
          ],
          [
            2.16427551291493,
            41.4103141896208
          ],
          [
            2.16440554263039,
            41.4101499810517
          ],
          [
            2.16515488513153,
            41.4095716773472
          ],
          [
            2.16587012596699,
            41.4090337364203
          ],
          [
            2.16648793361447,
            41.4085675419677
          ],
          [
            2.16713251465309,
            41.4080877473343
          ],
          [
            2.16780031380885,
            41.4075906693278
          ],
          [
            2.16865200746819,
            41.4069646308707
          ]
        ]
      ]
      }
    },
    {
      "type": "Feature",
      "geometry": {
        "type": "Polygon",
      "coordinates": [
        [
          [
            2.17616061754117,
            41.4254385096262
          ],
          [
            2.1765408924261,
            41.4250000532103
          ],
          [
            2.17681102239945,
            41.4246766531094
          ],
          [
            2.17695331327003,
            41.424511743762
          ],
          [
            2.17763573657552,
            41.4237858889696
          ],
          [
            2.17825541914164,
            41.423130795313
          ],
          [
            2.17861590394268,
            41.4227297787452
          ],
          [
            2.17897221157948,
            41.4223436746224
          ],
          [
            2.17942563671102,
            41.4218568554005
          ],
          [
            2.17973832960935,
            41.4215219877621
          ],
          [
            2.17977886870971,
            41.4214785632848
          ],
          [
            2.18029715101718,
            41.4209290691401
          ],
          [
            2.18063828725144,
            41.4205364293571
          ],
          [
            2.18075272123544,
            41.4203632372089
          ],
          [
            2.18082278450784,
            41.420165111835
          ],
          [
            2.18084024740373,
            41.4199904189624
          ],
          [
            2.18081194999466,
            41.4197719124198
          ],
          [
            2.18071619886269,
            41.4193894311839
          ],
          [
            2.18068395482475,
            41.4192441633345
          ],
          [
            2.18056157179695,
            41.418715625316
          ],
          [
            2.18055195618346,
            41.4186570893365
          ],
          [
            2.18051496107067,
            41.4184318912681
          ],
          [
            2.18050705073248,
            41.4183757363862
          ],
          [
            2.18042775743629,
            41.4178131683113
          ],
          [
            2.18040796548844,
            41.4175350205514
          ],
          [
            2.18039213135037,
            41.4170828043489
          ],
          [
            2.18041026162642,
            41.4164958797767
          ],
          [
            2.18042005593627,
            41.4162867687259
          ],
          [
            2.18044794817352,
            41.4158609583489
          ],
          [
            2.18022897831827,
            41.4155758890282
          ],
          [
            2.17954673795216,
            41.4150755550852
          ],
          [
            2.17900851795169,
            41.4146813614009
          ],
          [
            2.17883846170393,
            41.4145588449526
          ],
          [
            2.17766239636648,
            41.413706927729
          ],
          [
            2.1766419057099,
            41.412949194358
          ],
          [
            2.17541905593609,
            41.4120394067298
          ],
          [
            2.17428766718151,
            41.4112050150904
          ],
          [
            2.17320287064561,
            41.4103926188499
          ],
          [
            2.17208424801553,
            41.4095476142071
          ],
          [
            2.17098396234974,
            41.4087259609676
          ],
          [
            2.1699341777355,
            41.4079271979582
          ],
          [
            2.16865200746819,
            41.4069646308707
          ],
          [
            2.16780031380885,
            41.4075906693278
          ],
          [
            2.16713251465309,
            41.4080877473343
          ],
          [
            2.16648793361447,
            41.4085675419677
          ],
          [
            2.16587012596699,
            41.4090337364203
          ],
          [
            2.16515488513153,
            41.4095716773472
          ],
          [
            2.16440554263039,
            41.4101499810517
          ],
          [
            2.16427551291493,
            41.4103141896208
          ],
          [
            2.16389808247718,
            41.4104964723425
          ],
          [
            2.1634856820444,
            41.4109032905703
          ],
          [
            2.16263675854747,
            41.4119311972148
          ],
          [
            2.16232458181733,
            41.4123270662718
          ],
          [
            2.16204893425435,
            41.4125996897004
          ],
          [
            2.16201406981398,
            41.4126414558721
          ],
          [
            2.16129957374821,
            41.4134975400152
          ],
          [
            2.16131457815637,
            41.4136120533175
          ],
          [
            2.16139069025151,
            41.4137013944232
          ],
          [
            2.16138334139545,
            41.4138179337229
          ],
          [
            2.16135841082301,
            41.413905962394
          ],
          [
            2.1611616104474,
            41.4140794901019
          ],
          [
            2.16104529305038,
            41.4140721482437
          ],
          [
            2.16071694176588,
            41.4139536669095
          ],
          [
            2.1604912434005,
            41.4138500208366
          ],
          [
            2.16002634803226,
            41.4139479013844
          ],
          [
            2.15998176371901,
            41.4139572861889
          ],
          [
            2.15961619757355,
            41.4141206894979
          ],
          [
            2.15929097405624,
            41.414364201477
          ],
          [
            2.15890741652687,
            41.414667087059
          ],
          [
            2.1585230102837,
            41.415034575772
          ],
          [
            2.1581881208749,
            41.415402434213
          ],
          [
            2.15789492603156,
            41.4158650310093
          ],
          [
            2.15758644443782,
            41.4164890462485
          ],
          [
            2.15745368345302,
            41.4165427502102
          ],
          [
            2.15736442951378,
            41.4165520413034
          ],
          [
            2.15722318574581,
            41.4164963321637
          ],
          [
            2.15716463546777,
            41.4164288068972
          ],
          [
            2.15665960661992,
            41.4156546814645
          ],
          [
            2.15654661508454,
            41.4155444670057
          ],
          [
            2.156380910607,
            41.4154457020588
          ],
          [
            2.15616621902484,
            41.4153016125469
          ],
          [
            2.15586896661852,
            41.4151241391742
          ],
          [
            2.15557928150514,
            41.4150961815877
          ],
          [
            2.15545005111019,
            41.4150094105222
          ],
          [
            2.15543275576658,
            41.4150005554152
          ],
          [
            2.15533413153701,
            41.4149500025915
          ],
          [
            2.15522333047283,
            41.4149240948738
          ],
          [
            2.15510639422476,
            41.4149441522202
          ],
          [
            2.15502811385951,
            41.4149812200197
          ],
          [
            2.15475305695602,
            41.415196704675
          ],
          [
            2.15465604510596,
            41.4152239786942
          ],
          [
            2.1545170749091,
            41.415349648455
          ],
          [
            2.15416156312697,
            41.4156043719207
          ],
          [
            2.15365744410348,
            41.416035404264
          ],
          [
            2.15314578561382,
            41.4164945722941
          ],
          [
            2.15293883596483,
            41.4166226585297
          ],
          [
            2.15292959576621,
            41.4166283823565
          ],
          [
            2.15268993083341,
            41.4168163253161
          ],
          [
            2.15192425130146,
            41.4169049152921
          ],
          [
            2.15189498228461,
            41.4170172390742
          ],
          [
            2.15174369406204,
            41.4171600730221
          ],
          [
            2.15123184388109,
            41.417504403734
          ],
          [
            2.15096373248947,
            41.4177829827098
          ],
          [
            2.15092429462331,
            41.4178894484405
          ],
          [
            2.1509331773928,
            41.4180040799761
          ],
          [
            2.15111131025352,
            41.4184037668792
          ],
          [
            2.15140944676757,
            41.4187967537098
          ],
          [
            2.15160453709769,
            41.4191580938813
          ],
          [
            2.151671312374,
            41.4194790266312
          ],
          [
            2.1517103047726,
            41.4198172381324
          ],
          [
            2.1517419919292,
            41.4201430285273
          ],
          [
            2.1515971342624,
            41.4201781892532
          ],
          [
            2.15128224941475,
            41.4201659873584
          ],
          [
            2.15096819443422,
            41.4202040433861
          ],
          [
            2.15021871185837,
            41.4202870846143
          ],
          [
            2.15011215497555,
            41.4203022773567
          ],
          [
            2.14938941681898,
            41.4203595240441
          ],
          [
            2.14935211929198,
            41.4203877931543
          ],
          [
            2.14935137046087,
            41.4204452192331
          ],
          [
            2.14951589461713,
            41.4206144689467
          ],
          [
            2.14952076620923,
            41.4206795478508
          ],
          [
            2.14952518941362,
            41.4207386334765
          ],
          [
            2.14950539556122,
            41.4214298463319
          ],
          [
            2.14947913921658,
            41.4215327338141
          ],
          [
            2.14938631011167,
            41.4216045130998
          ],
          [
            2.14930852339006,
            41.4216276370345
          ],
          [
            2.14790175820552,
            41.4216032998935
          ],
          [
            2.14780764087363,
            41.4215848495975
          ],
          [
            2.1477540232794,
            41.4215743373447
          ],
          [
            2.14693440309009,
            41.421247745889
          ],
          [
            2.14567884800518,
            41.4209875874795
          ],
          [
            2.14514317696348,
            41.4208930324246
          ],
          [
            2.14481952897322,
            41.4207905650281
          ],
          [
            2.1446829323609,
            41.4206945125985
          ],
          [
            2.14452791752552,
            41.4205301726734
          ],
          [
            2.14418114018066,
            41.4202900236516
          ],
          [
            2.14404185792828,
            41.4201671532826
          ],
          [
            2.14403744908222,
            41.4201666341026
          ],
          [
            2.14387429837036,
            41.4201473881201
          ],
          [
            2.14376813516806,
            41.4202163704974
          ],
          [
            2.14324696635839,
            41.4206328449329
          ],
          [
            2.14211743063946,
            41.4214976358283
          ],
          [
            2.14199655451644,
            41.4215385387439
          ],
          [
            2.14184818088422,
            41.4215583392697
          ],
          [
            2.14170960670794,
            41.4215364000113
          ],
          [
            2.14111968913173,
            41.4213438710028
          ],
          [
            2.14089817824058,
            41.4212934429586
          ],
          [
            2.14055791434964,
            41.4211427487574
          ],
          [
            2.1404554935253,
            41.4210980637859
          ],
          [
            2.14036949247005,
            41.4210605451553
          ],
          [
            2.14013342076643,
            41.4205270627354
          ],
          [
            2.14000684006628,
            41.4202409680184
          ],
          [
            2.13886295150321,
            41.4205613077158
          ],
          [
            2.13806198144968,
            41.4207919492666
          ],
          [
            2.13780594078849,
            41.4208826289009
          ],
          [
            2.1377216826431,
            41.420941528222
          ],
          [
            2.13766330361059,
            41.4210369934474
          ],
          [
            2.13766107415104,
            41.4212056414878
          ],
          [
            2.13769509242011,
            41.4212918815103
          ],
          [
            2.13782578856662,
            41.4213755397854
          ],
          [
            2.13818854931235,
            41.4215204655229
          ],
          [
            2.13831508557177,
            41.4215875544028
          ],
          [
            2.13839276870615,
            41.4216939644405
          ],
          [
            2.13843424868518,
            41.4218794772711
          ],
          [
            2.13836756959199,
            41.4220361855116
          ],
          [
            2.13800007167795,
            41.4228770374209
          ],
          [
            2.13782228268978,
            41.4231029644026
          ],
          [
            2.13767343553149,
            41.4232424020661
          ],
          [
            2.1373933150474,
            41.4233957994537
          ],
          [
            2.13718980979043,
            41.4234630465177
          ],
          [
            2.13702244200467,
            41.4235006683363
          ],
          [
            2.13640992931136,
            41.4235528947002
          ],
          [
            2.13619398964619,
            41.4236589229191
          ],
          [
            2.13610418619799,
            41.4238406591552
          ],
          [
            2.13607762957868,
            41.4243458232956
          ],
          [
            2.13604477825182,
            41.4244263106234
          ],
          [
            2.13586781003988,
            41.4245894496784
          ],
          [
            2.13574386175405,
            41.4246483288283
          ],
          [
            2.13514131296217,
            41.4248471474865
          ],
          [
            2.13505981167322,
            41.4248040740846
          ],
          [
            2.13504262491247,
            41.4247726080267
          ],
          [
            2.13503849198535,
            41.4247368263832
          ],
          [
            2.13504765834475,
            41.4247034865917
          ],
          [
            2.13506666372023,
            41.4246682030449
          ],
          [
            2.13510329937537,
            41.4246210089682
          ],
          [
            2.13534204060629,
            41.4244049388274
          ],
          [
            2.13536089110323,
            41.4243768059873
          ],
          [
            2.13536912035826,
            41.4243455308452
          ],
          [
            2.13536793769427,
            41.4243155811764
          ],
          [
            2.13535513488442,
            41.4242784013276
          ],
          [
            2.13530283302835,
            41.4241695317239
          ],
          [
            2.13523458125935,
            41.4240595875055
          ],
          [
            2.13515870385669,
            41.4239715101159
          ],
          [
            2.13504196616778,
            41.4238666150427
          ],
          [
            2.13496924281419,
            41.4238105557114
          ],
          [
            2.13488055640292,
            41.4237580244077
          ],
          [
            2.13484622214561,
            41.4237228625136
          ],
          [
            2.1348219622221,
            41.4236932708632
          ],
          [
            2.13477409520254,
            41.4235830742108
          ],
          [
            2.13464858298179,
            41.4236110718814
          ],
          [
            2.134487581008,
            41.4234015011451
          ],
          [
            2.13440184109125,
            41.4232550618455
          ],
          [
            2.13428448930657,
            41.423017193275
          ],
          [
            2.13421167517662,
            41.4227580235856
          ],
          [
            2.13422017913679,
            41.4226691118521
          ],
          [
            2.13425607012736,
            41.4226058521282
          ],
          [
            2.13430284865831,
            41.4225553927897
          ],
          [
            2.13441063170479,
            41.4224681912787
          ],
          [
            2.13448896422971,
            41.4224179330551
          ],
          [
            2.13460838356623,
            41.4223475006458
          ],
          [
            2.13465325658087,
            41.4223161586837
          ],
          [
            2.13469536275814,
            41.4222570349177
          ],
          [
            2.13503460567209,
            41.4218704617525
          ],
          [
            2.1352500825539,
            41.4214794811586
          ],
          [
            2.13525566302657,
            41.4214530051058
          ],
          [
            2.13522748127266,
            41.4214223121871
          ],
          [
            2.1351941094132,
            41.4214238540117
          ],
          [
            2.13472410025277,
            41.4218398812115
          ],
          [
            2.13451857029095,
            41.4218903274566
          ],
          [
            2.13422315022979,
            41.4218934838118
          ],
          [
            2.13402831056159,
            41.4218561598058
          ],
          [
            2.13378872890318,
            41.4217808476776
          ],
          [
            2.13354801666149,
            41.4217897913349
          ],
          [
            2.13331169739796,
            41.4218274653258
          ],
          [
            2.13311673937921,
            41.421799101309
          ],
          [
            2.13296571487391,
            41.421692180481
          ],
          [
            2.13282675159086,
            41.421572793898
          ],
          [
            2.13247040281492,
            41.4215035982903
          ],
          [
            2.13211286282555,
            41.4214700261139
          ],
          [
            2.1316439799941,
            41.4213963225757
          ],
          [
            2.1313868458015,
            41.4213831506451
          ],
          [
            2.13128308155587,
            41.4213346552451
          ],
          [
            2.13125381205661,
            41.4212923335251
          ],
          [
            2.13127854241613,
            41.4211156856592
          ],
          [
            2.13135468124613,
            41.4209983704765
          ],
          [
            2.13146415871795,
            41.4208981506938
          ],
          [
            2.1317290786044,
            41.4206085503102
          ],
          [
            2.1319904648466,
            41.4202704715172
          ],
          [
            2.13219497702802,
            41.4200453223611
          ],
          [
            2.13221160290968,
            41.4199604352407
          ],
          [
            2.13218392301981,
            41.4198768805559
          ],
          [
            2.1321095909452,
            41.4198046388718
          ],
          [
            2.13163346674082,
            41.4196393648856
          ],
          [
            2.13129461731223,
            41.4194700805845
          ],
          [
            2.13113680063137,
            41.4193876874509
          ],
          [
            2.1309835949468,
            41.4193930615967
          ],
          [
            2.13086984117772,
            41.4194452388924
          ],
          [
            2.13078501344346,
            41.4195510487124
          ],
          [
            2.13066290479285,
            41.4198224674201
          ],
          [
            2.13052569955275,
            41.4199389967546
          ],
          [
            2.13010894018533,
            41.4200898943301
          ],
          [
            2.12987821077134,
            41.4199976888971
          ],
          [
            2.12981347038691,
            41.4197600781649
          ],
          [
            2.12966909353285,
            41.4195619576404
          ],
          [
            2.12946521285327,
            41.4195078937619
          ],
          [
            2.12926903938661,
            41.419529100123
          ],
          [
            2.12911760432257,
            41.4195846657465
          ],
          [
            2.12900086844709,
            41.419674532876
          ],
          [
            2.12890027887686,
            41.4198698553088
          ],
          [
            2.12885203481128,
            41.4199116091791
          ],
          [
            2.12877152447042,
            41.4199223403755
          ],
          [
            2.12868876698901,
            41.4199051043557
          ],
          [
            2.12845184602235,
            41.41972479226
          ],
          [
            2.12832383284499,
            41.419697620444
          ],
          [
            2.12816124566693,
            41.4197324552689
          ],
          [
            2.1280409098003,
            41.4197164204516
          ],
          [
            2.12785659380046,
            41.4196015934367
          ],
          [
            2.12758171767864,
            41.4194974203472
          ],
          [
            2.12745274746866,
            41.419375454786
          ],
          [
            2.12746496064795,
            41.4192129626469
          ],
          [
            2.12757616677408,
            41.419160868499
          ],
          [
            2.12774256520148,
            41.4191129755258
          ],
          [
            2.12791946885336,
            41.4190311406951
          ],
          [
            2.12813339516013,
            41.418809682034
          ],
          [
            2.12816454580561,
            41.4187342912573
          ],
          [
            2.12814054259974,
            41.4186509345773
          ],
          [
            2.12808148739371,
            41.4185597371705
          ],
          [
            2.12792730247691,
            41.4184451384322
          ],
          [
            2.12788280612021,
            41.418391873535
          ],
          [
            2.1278785894452,
            41.4183313474668
          ],
          [
            2.12792987980209,
            41.418252335172
          ],
          [
            2.12807207072259,
            41.4181361979508
          ],
          [
            2.12848192183405,
            41.4179124390503
          ],
          [
            2.12875646301286,
            41.417664974051
          ],
          [
            2.12891940837882,
            41.4174998390743
          ],
          [
            2.12888715018425,
            41.4174467932507
          ],
          [
            2.12879645551679,
            41.4174856227735
          ],
          [
            2.12878365823198,
            41.4174672227687
          ],
          [
            2.12816697747136,
            41.4177428851049
          ],
          [
            2.12804505383724,
            41.4177975738936
          ],
          [
            2.12679191180595,
            41.4183556459636
          ],
          [
            2.1264440975221,
            41.4185105660898
          ],
          [
            2.12586240573979,
            41.4187678179799
          ],
          [
            2.12542558111228,
            41.4189593680857
          ],
          [
            2.12531617767626,
            41.4190072133187
          ],
          [
            2.12524224191976,
            41.4190381326804
          ],
          [
            2.12519047035265,
            41.4190572584938
          ],
          [
            2.12515225630853,
            41.4190737310179
          ],
          [
            2.1249280613279,
            41.4191544275172
          ],
          [
            2.12484249568559,
            41.4191798627579
          ],
          [
            2.12472885273904,
            41.4192109573545
          ],
          [
            2.12439117073899,
            41.4193529324748
          ],
          [
            2.12428739946281,
            41.4193965139896
          ],
          [
            2.12300704799196,
            41.4199426008541
          ],
          [
            2.12287345873441,
            41.4199983121873
          ],
          [
            2.1225301840983,
            41.4201453374225
          ],
          [
            2.12205662033938,
            41.4203471603896
          ],
          [
            2.12195222403653,
            41.4203924914717
          ],
          [
            2.12182244462568,
            41.4204477352209
          ],
          [
            2.1215584398004,
            41.4205613139431
          ],
          [
            2.12154557636234,
            41.4205390484414
          ],
          [
            2.12143126803568,
            41.4205899330812
          ],
          [
            2.12126577643182,
            41.4206604955876
          ],
          [
            2.12126824495824,
            41.4206646848814
          ],
          [
            2.12120579080996,
            41.4206904649362
          ],
          [
            2.12120978704236,
            41.420692287923
          ],
          [
            2.12116129507023,
            41.4207129501974
          ],
          [
            2.12143065357814,
            41.4208265813458
          ],
          [
            2.12150392197341,
            41.4208641610795
          ],
          [
            2.12153293025234,
            41.4209014030697
          ],
          [
            2.12157062777624,
            41.4210238498417
          ],
          [
            2.12149903666546,
            41.421226908176
          ],
          [
            2.12140355392204,
            41.4213779552302
          ],
          [
            2.12115413324444,
            41.4216388891881
          ],
          [
            2.12099011009801,
            41.4217672092924
          ],
          [
            2.12089035604722,
            41.4218700964523
          ],
          [
            2.12080490615497,
            41.422006420344
          ],
          [
            2.12066794379452,
            41.4223163297578
          ],
          [
            2.1205219806494,
            41.4225632441519
          ],
          [
            2.12046648589138,
            41.4226664780155
          ],
          [
            2.12046032021689,
            41.422758973506
          ],
          [
            2.1204882805424,
            41.4228739510846
          ],
          [
            2.12053631207424,
            41.4229594654643
          ],
          [
            2.12053894245711,
            41.4230785731134
          ],
          [
            2.12044571926264,
            41.4236624897678
          ],
          [
            2.12044694731395,
            41.4238873522071
          ],
          [
            2.12052482401406,
            41.4241256538087
          ],
          [
            2.12122637074982,
            41.4252713541462
          ],
          [
            2.12133050878659,
            41.4254616747461
          ],
          [
            2.12134623134077,
            41.4255613721084
          ],
          [
            2.12132364052385,
            41.4256543547537
          ],
          [
            2.12125850751872,
            41.4257373747229
          ],
          [
            2.12115416656009,
            41.4258018913103
          ],
          [
            2.12123030930628,
            41.4258450417291
          ],
          [
            2.12192129945185,
            41.4264917433781
          ],
          [
            2.12198318733685,
            41.4266693198411
          ],
          [
            2.12214850320389,
            41.4269978841486
          ],
          [
            2.12227227618671,
            41.4271569085608
          ],
          [
            2.12231168540563,
            41.4271978776325
          ],
          [
            2.12244007560265,
            41.4272512977033
          ],
          [
            2.12246251092444,
            41.427345902801
          ],
          [
            2.12246698348457,
            41.4273719504025
          ],
          [
            2.12261520731665,
            41.4275604079875
          ],
          [
            2.12265960528561,
            41.4277563430621
          ],
          [
            2.12273617424052,
            41.42785079314
          ],
          [
            2.12282755289994,
            41.4279955815297
          ],
          [
            2.12281212685786,
            41.42807827847
          ],
          [
            2.12282507426094,
            41.4281246934117
          ],
          [
            2.12287908788898,
            41.4281779336085
          ],
          [
            2.12303969682728,
            41.4285607666055
          ],
          [
            2.12311021865537,
            41.4286795985578
          ],
          [
            2.12362445468257,
            41.4288967293853
          ],
          [
            2.12385255820093,
            41.4291896131903
          ],
          [
            2.12391870600968,
            41.4293357489501
          ],
          [
            2.12662440575193,
            41.4315925576134
          ],
          [
            2.12644263531613,
            41.4317097885505
          ],
          [
            2.12652719180826,
            41.4318502256208
          ],
          [
            2.12668056649041,
            41.4320283673989
          ],
          [
            2.12709399046563,
            41.4324521322781
          ],
          [
            2.12742049788342,
            41.432826101332
          ],
          [
            2.12828029551234,
            41.433552030038
          ],
          [
            2.12831668661884,
            41.433705621223
          ],
          [
            2.12828895466957,
            41.4339007646131
          ],
          [
            2.12834900134374,
            41.4341614622082
          ],
          [
            2.12852389156223,
            41.4344902967045
          ],
          [
            2.12878920725161,
            41.4349716986726
          ],
          [
            2.12882883939853,
            41.4351668384798
          ],
          [
            2.12886678595067,
            41.435245382241
          ],
          [
            2.12901525969842,
            41.435403496245
          ],
          [
            2.12906461149541,
            41.4355323607048
          ],
          [
            2.12919910915603,
            41.4357332621539
          ],
          [
            2.1292783244368,
            41.4357958684995
          ],
          [
            2.12908939847747,
            41.4360244083469
          ],
          [
            2.12900226990115,
            41.4362065010901
          ],
          [
            2.12885986376365,
            41.4365669911244
          ],
          [
            2.12883920391687,
            41.4366458480227
          ],
          [
            2.12883230383766,
            41.436745697282
          ],
          [
            2.12884683675496,
            41.4368342422579
          ],
          [
            2.129037930508,
            41.4371443278769
          ],
          [
            2.129210732837,
            41.4375622109064
          ],
          [
            2.12942710420026,
            41.4382133913992
          ],
          [
            2.12949837571745,
            41.438610284427
          ],
          [
            2.12948252809149,
            41.4389921067754
          ],
          [
            2.12936459134646,
            41.4394085923267
          ],
          [
            2.12932488840693,
            41.4396961425609
          ],
          [
            2.12941337315836,
            41.4402311235339
          ],
          [
            2.12966094639934,
            41.4404423461526
          ],
          [
            2.12981869910587,
            41.4406407833633
          ],
          [
            2.12990754948444,
            41.4408725495411
          ],
          [
            2.12988924165367,
            41.4410711240785
          ],
          [
            2.12980053076431,
            41.4412691664647
          ],
          [
            2.1296420565947,
            41.4414447122531
          ],
          [
            2.12956064104962,
            41.4415956466965
          ],
          [
            2.1295412850108,
            41.4417265043866
          ],
          [
            2.12968243913329,
            41.4421426608887
          ],
          [
            2.12979065687533,
            41.4422526759958
          ],
          [
            2.12995289500638,
            41.4424741518461
          ],
          [
            2.12994493425476,
            41.4428535205424
          ],
          [
            2.13025685788201,
            41.44315026724
          ],
          [
            2.13046538446207,
            41.4434170931382
          ],
          [
            2.13058079784992,
            41.4436636873886
          ],
          [
            2.13064284185189,
            41.4437418449811
          ],
          [
            2.1306537462275,
            41.4437894955405
          ],
          [
            2.13073455763994,
            41.4438104445239
          ],
          [
            2.13080889306784,
            41.4438250934029
          ],
          [
            2.13110602906273,
            41.4438470626936
          ],
          [
            2.13132627965075,
            41.4439208653043
          ],
          [
            2.13174104242418,
            41.4440398927462
          ],
          [
            2.13200619800169,
            41.4440723013187
          ],
          [
            2.13225483447498,
            41.4441685104668
          ],
          [
            2.13234885281381,
            41.4442477638473
          ],
          [
            2.13284633828154,
            41.44472046577
          ],
          [
            2.13287841928117,
            41.4448087549907
          ],
          [
            2.13289470595538,
            41.4452564115429
          ],
          [
            2.13289943102936,
            41.4453925493075
          ],
          [
            2.13287410738778,
            41.4454306851553
          ],
          [
            2.13295518823642,
            41.4454720814599
          ],
          [
            2.13310739709202,
            41.4455174541725
          ],
          [
            2.13344248022557,
            41.4456590335308
          ],
          [
            2.13365894906957,
            41.4458468822221
          ],
          [
            2.13374228530259,
            41.445978963666
          ],
          [
            2.1339143040572,
            41.446181411696
          ],
          [
            2.13396575079828,
            41.4463070919798
          ],
          [
            2.13412671021519,
            41.4465446304715
          ],
          [
            2.13417732425888,
            41.4465816533412
          ],
          [
            2.13423366405122,
            41.4466896166694
          ],
          [
            2.13434166023926,
            41.4468183522064
          ],
          [
            2.13440507957092,
            41.446949454704
          ],
          [
            2.13462989089936,
            41.4472181968695
          ],
          [
            2.13464997824853,
            41.4473084220791
          ],
          [
            2.13464391653309,
            41.447456593631
          ],
          [
            2.1346591684146,
            41.4475187964304
          ],
          [
            2.13470207731366,
            41.4475898182061
          ],
          [
            2.13555733287739,
            41.447468482199
          ],
          [
            2.13568772045868,
            41.4474328820606
          ],
          [
            2.1359432495863,
            41.4473627408699
          ],
          [
            2.13616661673711,
            41.4473824590219
          ],
          [
            2.1362641509292,
            41.4474292818202
          ],
          [
            2.13658866064001,
            41.4476527311998
          ],
          [
            2.1366894769339,
            41.447758207558
          ],
          [
            2.13688970347684,
            41.4477138251018
          ],
          [
            2.13727196314418,
            41.4476545842393
          ],
          [
            2.13730285452487,
            41.4476804598661
          ],
          [
            2.13759085456261,
            41.4479003631234
          ],
          [
            2.13769837868955,
            41.4478880897912
          ],
          [
            2.13778556125284,
            41.4478696110231
          ],
          [
            2.13813078683407,
            41.4478289244506
          ],
          [
            2.13969911126257,
            41.4476336105525
          ],
          [
            2.14036300911132,
            41.4476117638209
          ],
          [
            2.14048916291573,
            41.4476101656711
          ],
          [
            2.14066419960466,
            41.447596547076
          ],
          [
            2.14079214356368,
            41.4475726685851
          ],
          [
            2.14090281002776,
            41.4475417072893
          ],
          [
            2.14117415011552,
            41.4473715099093
          ],
          [
            2.14131064770926,
            41.4472226535981
          ],
          [
            2.14135059199457,
            41.4471966588632
          ],
          [
            2.14139591563983,
            41.4471494467149
          ],
          [
            2.14152967575387,
            41.4470847350879
          ],
          [
            2.1416615469215,
            41.44709252799
          ],
          [
            2.14197126763735,
            41.4471439002478
          ],
          [
            2.1423115069937,
            41.447260559669
          ],
          [
            2.14266016591852,
            41.4474252723396
          ],
          [
            2.14306238290047,
            41.4474656027967
          ],
          [
            2.14323028566576,
            41.4474973606361
          ],
          [
            2.1436546307526,
            41.4476312426723
          ],
          [
            2.14387466871539,
            41.4475282670077
          ],
          [
            2.14415068892456,
            41.4474350207942
          ],
          [
            2.14438821948126,
            41.447385570194
          ],
          [
            2.14464115224495,
            41.4473912148589
          ],
          [
            2.14503685100576,
            41.4474375339648
          ],
          [
            2.14520299215644,
            41.4474129073823
          ],
          [
            2.1453412988392,
            41.4473490627675
          ],
          [
            2.14539637107395,
            41.4473789529046
          ],
          [
            2.14547646134322,
            41.4473935179347
          ],
          [
            2.14572783421313,
            41.4475126962244
          ],
          [
            2.14578133332727,
            41.4475292795453
          ],
          [
            2.14608327156184,
            41.447568341901
          ],
          [
            2.14661400651798,
            41.4475648012089
          ],
          [
            2.14676295202916,
            41.4475478093035
          ],
          [
            2.14696539645491,
            41.4475071908302
          ],
          [
            2.14740023470134,
            41.4471681028811
          ],
          [
            2.14750809967696,
            41.4471112361382
          ],
          [
            2.14763341923829,
            41.4470781430195
          ],
          [
            2.14778205895613,
            41.4470029505482
          ],
          [
            2.1480541104585,
            41.4469159887758
          ],
          [
            2.14817401219934,
            41.4469419797166
          ],
          [
            2.14865793051885,
            41.4467874519747
          ],
          [
            2.14876717833469,
            41.4468179753134
          ],
          [
            2.14909310247614,
            41.4470617747778
          ],
          [
            2.14928619281337,
            41.4471790102724
          ],
          [
            2.14945123959298,
            41.4472554958316
          ],
          [
            2.14963960864972,
            41.4473034377529
          ],
          [
            2.14978637875084,
            41.4473126915137
          ],
          [
            2.15055475575752,
            41.4472891615172
          ],
          [
            2.15147126884392,
            41.4473529194019
          ],
          [
            2.15159324659906,
            41.4473290389551
          ],
          [
            2.15168541018262,
            41.4473009393926
          ],
          [
            2.15192810167959,
            41.4472665626458
          ],
          [
            2.15210192031354,
            41.4472920279097
          ],
          [
            2.15234118967254,
            41.4473707133278
          ],
          [
            2.15261525052233,
            41.4475183359682
          ],
          [
            2.15279877513705,
            41.4476638235183
          ],
          [
            2.15313298823849,
            41.4482192303878
          ],
          [
            2.15331520745628,
            41.4485151945531
          ],
          [
            2.15334275587263,
            41.448688330709
          ],
          [
            2.15339058990942,
            41.4488076165241
          ],
          [
            2.15346472209318,
            41.4489124766486
          ],
          [
            2.15352521791817,
            41.4489759103964
          ],
          [
            2.1536548981948,
            41.4490836738724
          ],
          [
            2.15373260841428,
            41.4491343174168
          ],
          [
            2.15394785495321,
            41.4492409710928
          ],
          [
            2.15416811727079,
            41.4493274215358
          ],
          [
            2.15436380846153,
            41.4493699960581
          ],
          [
            2.15452599567565,
            41.4493918683363
          ],
          [
            2.15487678168681,
            41.4494853739532
          ],
          [
            2.15498134300301,
            41.4495131997971
          ],
          [
            2.1553510886432,
            41.4497188774716
          ],
          [
            2.15583324328799,
            41.4498994999485
          ],
          [
            2.15596812534798,
            41.449921278059
          ],
          [
            2.15642240520319,
            41.449926724492
          ],
          [
            2.15660693253611,
            41.4498886059591
          ],
          [
            2.15718133732644,
            41.4496627990381
          ],
          [
            2.15730109413935,
            41.4496034610842
          ],
          [
            2.15751973565555,
            41.4496286607789
          ],
          [
            2.15772658247041,
            41.4497040712244
          ],
          [
            2.1591011010262,
            41.4504182567562
          ],
          [
            2.15912129099796,
            41.4504605499651
          ],
          [
            2.15918132934915,
            41.450358628115
          ],
          [
            2.1593749672,
            41.4501905675297
          ],
          [
            2.15947768745355,
            41.4499613129589
          ],
          [
            2.15948661373077,
            41.4497676914741
          ],
          [
            2.15943368311904,
            41.4496305092525
          ],
          [
            2.159419306766,
            41.4495969416991
          ],
          [
            2.15942567008087,
            41.4495017886832
          ],
          [
            2.15942317537941,
            41.4494371692132
          ],
          [
            2.159348483377,
            41.449393478256
          ],
          [
            2.15900759206093,
            41.4489131265539
          ],
          [
            2.15834927313478,
            41.4481075193228
          ],
          [
            2.15808207444678,
            41.4478482323818
          ],
          [
            2.15775087672473,
            41.4476038432859
          ],
          [
            2.15760909425147,
            41.4475207032134
          ],
          [
            2.15738970781808,
            41.4474592163228
          ],
          [
            2.15711912606495,
            41.447459235229
          ],
          [
            2.15704550808126,
            41.4474133257982
          ],
          [
            2.15704370130085,
            41.447342910512
          ],
          [
            2.15710652088002,
            41.4472731125297
          ],
          [
            2.15744748244125,
            41.4470943789472
          ],
          [
            2.15752890695236,
            41.4469512703173
          ],
          [
            2.15755406576319,
            41.4468516521131
          ],
          [
            2.15753795058104,
            41.4466619187974
          ],
          [
            2.15722518383017,
            41.4460269207245
          ],
          [
            2.15710386870892,
            41.4459721411165
          ],
          [
            2.15611157335353,
            41.4457812371974
          ],
          [
            2.15582230370005,
            41.4457910963126
          ],
          [
            2.15570888669356,
            41.4457403634402
          ],
          [
            2.15566715069316,
            41.4456861658993
          ],
          [
            2.15567829554501,
            41.4456205834695
          ],
          [
            2.15574151071142,
            41.4455461052492
          ],
          [
            2.15596572396878,
            41.4455383815497
          ],
          [
            2.15623182973089,
            41.4454997356949
          ],
          [
            2.15657397373005,
            41.4453586013085
          ],
          [
            2.15679559602317,
            41.4452290765392
          ],
          [
            2.15706624063792,
            41.4450651956429
          ],
          [
            2.15737930635012,
            41.4450210090969
          ],
          [
            2.15751258575378,
            41.4449845135955
          ],
          [
            2.15758360926011,
            41.4449475533991
          ],
          [
            2.15782277043505,
            41.4447463297072
          ],
          [
            2.1578949229355,
            41.4446219514363
          ],
          [
            2.15796978964986,
            41.4442883773268
          ],
          [
            2.15803812251827,
            41.4441389843982
          ],
          [
            2.15826445917043,
            41.444012787955
          ],
          [
            2.1583312957939,
            41.443931912459
          ],
          [
            2.15844177155098,
            41.4437328721422
          ],
          [
            2.15849966973901,
            41.4434272677781
          ],
          [
            2.15854212409182,
            41.4433526362291
          ],
          [
            2.1587004549512,
            41.4429822006381
          ],
          [
            2.15886511670965,
            41.4427648113596
          ],
          [
            2.1590614460249,
            41.4425033275605
          ],
          [
            2.1591948268283,
            41.4423721896894
          ],
          [
            2.15938810121536,
            41.4422536490333
          ],
          [
            2.15969903341662,
            41.4421481449348
          ],
          [
            2.15978520442175,
            41.4422739321885
          ],
          [
            2.1599569948162,
            41.4423881841036
          ],
          [
            2.15999347719274,
            41.4423513486661
          ],
          [
            2.16012598265763,
            41.442202503707
          ],
          [
            2.16033099356759,
            41.4421344887252
          ],
          [
            2.16080666460021,
            41.4419312092911
          ],
          [
            2.16096992408999,
            41.4418573492456
          ],
          [
            2.16109809200018,
            41.4417960148238
          ],
          [
            2.1615383513752,
            41.4416065439201
          ],
          [
            2.16168159789714,
            41.4416301597188
          ],
          [
            2.16219730814483,
            41.4414096555825
          ],
          [
            2.16230851513311,
            41.4413843972708
          ],
          [
            2.16250896726899,
            41.4413810726721
          ],
          [
            2.1626289127923,
            41.4413790897877
          ],
          [
            2.16271812459654,
            41.4413300085557
          ],
          [
            2.16278890047289,
            41.4412157865013
          ],
          [
            2.16279124446348,
            41.4410332767973
          ],
          [
            2.16276439431031,
            41.4409652825438
          ],
          [
            2.16270336209516,
            41.4408605325386
          ],
          [
            2.16262747688054,
            41.4408339040829
          ],
          [
            2.16227417125985,
            41.4408209031955
          ],
          [
            2.16213611748088,
            41.4408003884556
          ],
          [
            2.16205281931328,
            41.440788009486
          ],
          [
            2.16192161512678,
            41.440750547304
          ],
          [
            2.16180468572746,
            41.4406818970561
          ],
          [
            2.1616680271211,
            41.4405296581058
          ],
          [
            2.16151972209187,
            41.4402052470253
          ],
          [
            2.16149448341655,
            41.4400120968122
          ],
          [
            2.16152503219731,
            41.439927343106
          ],
          [
            2.16158072965604,
            41.4397728297583
          ],
          [
            2.16161030798891,
            41.4395866721924
          ],
          [
            2.16179533673835,
            41.4392528795789
          ],
          [
            2.16198918524391,
            41.4389954618947
          ],
          [
            2.16232506878857,
            41.4386662432143
          ],
          [
            2.16250556998455,
            41.4385427672743
          ],
          [
            2.16285812019896,
            41.4383405110616
          ],
          [
            2.16367856449602,
            41.4378839595947
          ],
          [
            2.16361370627376,
            41.4378218955299
          ],
          [
            2.16341966457932,
            41.437636202396
          ],
          [
            2.1632990541237,
            41.4375207872592
          ],
          [
            2.16314868187745,
            41.4373768903044
          ],
          [
            2.1631273859644,
            41.4373565137933
          ],
          [
            2.16315309925533,
            41.4373544668523
          ],
          [
            2.1632681020892,
            41.4373453134606
          ],
          [
            2.16320743791173,
            41.4372857566914
          ],
          [
            2.16328257115356,
            41.437241968107
          ],
          [
            2.16337123543515,
            41.4371902972045
          ],
          [
            2.16352610803415,
            41.4371000510016
          ],
          [
            2.16344333234062,
            41.4369838660241
          ],
          [
            2.16335158561749,
            41.4368550954435
          ],
          [
            2.16324246100497,
            41.4367019504427
          ],
          [
            2.16322848108753,
            41.4366823206935
          ],
          [
            2.16315337300577,
            41.436576856046
          ],
          [
            2.16426411364639,
            41.436278986372
          ],
          [
            2.16372551244072,
            41.4349246607633
          ],
          [
            2.1635963213392,
            41.4345342311716
          ],
          [
            2.16348103926182,
            41.4341858321533
          ],
          [
            2.16347904575001,
            41.434179818707
          ],
          [
            2.16345926349627,
            41.4341236306164
          ],
          [
            2.16335911055528,
            41.4337902487118
          ],
          [
            2.16314582538391,
            41.4330784070351
          ],
          [
            2.16312930986567,
            41.4329850238318
          ],
          [
            2.16308132878581,
            41.4327134786888
          ],
          [
            2.16310213003143,
            41.4324402897396
          ],
          [
            2.16313562947497,
            41.4322613299663
          ],
          [
            2.16315600797502,
            41.4321525509589
          ],
          [
            2.16319739440726,
            41.4320789906526
          ],
          [
            2.16330819013398,
            41.4318820912827
          ],
          [
            2.16382510818688,
            41.4310783463865
          ],
          [
            2.16383015168081,
            41.4310705104999
          ],
          [
            2.16394766706214,
            41.4308439707012
          ],
          [
            2.16433572799056,
            41.4306530105949
          ],
          [
            2.16463171925595,
            41.4304989602881
          ],
          [
            2.16528664447889,
            41.4301156600854
          ],
          [
            2.16617383680077,
            41.4295989986839
          ],
          [
            2.16590109762034,
            41.429457209354
          ],
          [
            2.16568225321262,
            41.4293986335167
          ],
          [
            2.16567853681987,
            41.4293336357892
          ],
          [
            2.16557046673011,
            41.4292576223125
          ],
          [
            2.16555750688623,
            41.4292051049775
          ],
          [
            2.16553248434935,
            41.4291870978615
          ],
          [
            2.16549271291203,
            41.4291535090257
          ],
          [
            2.16547009391696,
            41.4291431486353
          ],
          [
            2.16544432958083,
            41.4291307387631
          ],
          [
            2.16531523257668,
            41.4290836667235
          ],
          [
            2.16517300084556,
            41.4290735109488
          ],
          [
            2.16480288213633,
            41.4288568724968
          ],
          [
            2.16467099287879,
            41.4287746593966
          ],
          [
            2.163640575132,
            41.4281117961197
          ],
          [
            2.16369609018597,
            41.4280346901873
          ],
          [
            2.16373660577497,
            41.4280213201568
          ],
          [
            2.16393943581691,
            41.4279543905527
          ],
          [
            2.16442298773143,
            41.4278780137245
          ],
          [
            2.16482114341342,
            41.427820615669
          ],
          [
            2.16499398262074,
            41.4277946127243
          ],
          [
            2.16537789989121,
            41.4277368662735
          ],
          [
            2.16600851931627,
            41.4276822659533
          ],
          [
            2.16674234069039,
            41.4276236441733
          ],
          [
            2.16713329354291,
            41.4275770670007
          ],
          [
            2.16728465410573,
            41.427560957567
          ],
          [
            2.16741574444307,
            41.4275464488015
          ],
          [
            2.16839280430049,
            41.42740761628
          ],
          [
            2.16996563426992,
            41.427171783098
          ],
          [
            2.17002146310672,
            41.4271634122968
          ],
          [
            2.17015147363157,
            41.4271565309541
          ],
          [
            2.17023282242433,
            41.4271327520661
          ],
          [
            2.17104850527966,
            41.4268943272754
          ],
          [
            2.17235297655354,
            41.4265185796307
          ],
          [
            2.17352642742333,
            41.4261840226505
          ],
          [
            2.17557259854545,
            41.4256018485708
          ],
          [
            2.17566079797301,
            41.425577349248
          ],
          [
            2.17616061754117,
            41.4254385096262
          ]
        ]
      ]
      }
    },
    {
      "type": "Feature",
      "geometry": {
        "type": "Polygon",
      "coordinates": [
        [
          [
            2.10291372546749,
            41.4010942243236
          ],
          [
            2.10294713236328,
            41.4011007447993
          ],
          [
            2.10297710381702,
            41.401103932755
          ],
          [
            2.10300892919178,
            41.4011027935394
          ],
          [
            2.10306216072194,
            41.4010935071633
          ],
          [
            2.1030888005891,
            41.4010901567275
          ],
          [
            2.10311966192154,
            41.401087784954
          ],
          [
            2.10314862017698,
            41.4010889653118
          ],
          [
            2.1031796354858,
            41.4010954130466
          ],
          [
            2.10321927551674,
            41.4011010362068
          ],
          [
            2.10332883234675,
            41.4011141486284
          ],
          [
            2.10341818294221,
            41.4011020537967
          ],
          [
            2.10351597386498,
            41.401086007275
          ],
          [
            2.10360932021582,
            41.4010651881325
          ],
          [
            2.10368479298884,
            41.4010461663871
          ],
          [
            2.10377372049943,
            41.4010230518342
          ],
          [
            2.10383824419395,
            41.4010051067277
          ],
          [
            2.10399916417659,
            41.4009559081742
          ],
          [
            2.10439769931011,
            41.4008295262302
          ],
          [
            2.1045888739626,
            41.4007689064915
          ],
          [
            2.10491344770001,
            41.4006820849023
          ],
          [
            2.10531787367985,
            41.4006449826912
          ],
          [
            2.10535006428856,
            41.4006363784612
          ],
          [
            2.10542130143879,
            41.4006138457732
          ],
          [
            2.10544156958293,
            41.4006031582326
          ],
          [
            2.10545992157001,
            41.4005873845882
          ],
          [
            2.10547840650443,
            41.4005697654396
          ],
          [
            2.10550173752528,
            41.4005284942536
          ],
          [
            2.10551489888642,
            41.400510005053
          ],
          [
            2.10553250937705,
            41.4004898479992
          ],
          [
            2.105552336172,
            41.4004738245796
          ],
          [
            2.10557220546197,
            41.4004616837122
          ],
          [
            2.10559039872222,
            41.4004531238082
          ],
          [
            2.10560962301558,
            41.4004452744938
          ],
          [
            2.10562894726806,
            41.4004423530464
          ],
          [
            2.10564501593782,
            41.4004439190577
          ],
          [
            2.10566446825834,
            41.4004473668902
          ],
          [
            2.10568436615262,
            41.4004471070969
          ],
          [
            2.10570514398047,
            41.4004376304709
          ],
          [
            2.10572572189563,
            41.4004296475308
          ],
          [
            2.10580638643914,
            41.4004070437028
          ],
          [
            2.10583074792742,
            41.4003961987248
          ],
          [
            2.10588245415648,
            41.4003706857236
          ],
          [
            2.10590739162308,
            41.4003605838157
          ],
          [
            2.10592316483722,
            41.4003575176469
          ],
          [
            2.10594520939437,
            41.4003551216886
          ],
          [
            2.10596527167822,
            41.4003454773245
          ],
          [
            2.1060122502309,
            41.40032886298
          ],
          [
            2.10602909037961,
            41.4003195178566
          ],
          [
            2.10604678080498,
            41.4003031174646
          ],
          [
            2.10627677818526,
            41.4002132067332
          ],
          [
            2.1063313865907,
            41.4001985070218
          ],
          [
            2.10636039370705,
            41.4001899768813
          ],
          [
            2.10639701725466,
            41.4001747412232
          ],
          [
            2.10644136363556,
            41.4001520172148
          ],
          [
            2.10646759562109,
            41.4001417180586
          ],
          [
            2.10648106484757,
            41.400136544197
          ],
          [
            2.10652405033252,
            41.4001284647733
          ],
          [
            2.10653804904182,
            41.4001178184629
          ],
          [
            2.10656329460136,
            41.4001079169672
          ],
          [
            2.10660692846958,
            41.4000821788658
          ],
          [
            2.10665987301831,
            41.4000631695174
          ],
          [
            2.10668955945099,
            41.400047825898
          ],
          [
            2.10671061504935,
            41.4000337664344
          ],
          [
            2.10673149746659,
            41.4000148776113
          ],
          [
            2.10674414738345,
            41.3999996360017
          ],
          [
            2.10675882560586,
            41.3999874096183
          ],
          [
            2.10678982191515,
            41.3999672571299
          ],
          [
            2.10680524442615,
            41.3999522171714
          ],
          [
            2.10682227448557,
            41.3999394685747
          ],
          [
            2.10690503781445,
            41.3999006667796
          ],
          [
            2.10695305534383,
            41.3998719000021
          ],
          [
            2.10696309027143,
            41.3998659157956
          ],
          [
            2.1069794569093,
            41.3998588097231
          ],
          [
            2.10700615729843,
            41.3998492346748
          ],
          [
            2.10706003812721,
            41.3998212249168
          ],
          [
            2.10707762216399,
            41.399809075072
          ],
          [
            2.10709569248122,
            41.399791983886
          ],
          [
            2.10710730705318,
            41.399768465335
          ],
          [
            2.10713294728415,
            41.3997436864078
          ],
          [
            2.10715183395472,
            41.3997123877309
          ],
          [
            2.10717438934958,
            41.3996734971657
          ],
          [
            2.10719298502144,
            41.3996547256377
          ],
          [
            2.10720454834401,
            41.3996384486973
          ],
          [
            2.10721353809058,
            41.3996222869131
          ],
          [
            2.10721984688501,
            41.3996000963477
          ],
          [
            2.10722527122456,
            41.3995673511582
          ],
          [
            2.10723798931313,
            41.3995479845928
          ],
          [
            2.10726667894397,
            41.3994987829615
          ],
          [
            2.10727990796738,
            41.3994761686501
          ],
          [
            2.10729366862567,
            41.3994557923155
          ],
          [
            2.10730490191344,
            41.3994330274156
          ],
          [
            2.10731711935363,
            41.3994170257591
          ],
          [
            2.10734004971431,
            41.3994023141588
          ],
          [
            2.10736584231683,
            41.3993882462599
          ],
          [
            2.10740327132234,
            41.3993682965994
          ],
          [
            2.10746862401174,
            41.399329773766
          ],
          [
            2.1075125144544,
            41.3993088292873
          ],
          [
            2.10753786263389,
            41.3992983879215
          ],
          [
            2.10761315523769,
            41.3992765608611
          ],
          [
            2.10765516979761,
            41.3992633212047
          ],
          [
            2.10771165320092,
            41.3992540218412
          ],
          [
            2.10774183756279,
            41.3992433386759
          ],
          [
            2.10776566614732,
            41.399230291328
          ],
          [
            2.10818789365638,
            41.3988385660698
          ],
          [
            2.10825727030197,
            41.3986831657703
          ],
          [
            2.10827274002266,
            41.3986567405118
          ],
          [
            2.10828726299136,
            41.3986435759482
          ],
          [
            2.10830488866777,
            41.398631840579
          ],
          [
            2.10833435153902,
            41.3986143960531
          ],
          [
            2.1083506957313,
            41.398606271763
          ],
          [
            2.10842722047308,
            41.3985650966152
          ],
          [
            2.10865123257409,
            41.3984502560614
          ],
          [
            2.10875001711612,
            41.3983110984153
          ],
          [
            2.10872526716053,
            41.3982917839408
          ],
          [
            2.10871168312219,
            41.3982791223526
          ],
          [
            2.10870355029015,
            41.3982492085822
          ],
          [
            2.10871246625057,
            41.3981954758706
          ],
          [
            2.10877527521408,
            41.3980460864385
          ],
          [
            2.10879105206992,
            41.3980094039542
          ],
          [
            2.1088780585987,
            41.3978294952176
          ],
          [
            2.10889562262521,
            41.3977871968681
          ],
          [
            2.1089572956626,
            41.3976894204543
          ],
          [
            2.1089713822079,
            41.3976608766399
          ],
          [
            2.10897227502475,
            41.3976331494893
          ],
          [
            2.10895950536981,
            41.3976020198706
          ],
          [
            2.1089503459514,
            41.3975868434299
          ],
          [
            2.10894816006128,
            41.3975760895867
          ],
          [
            2.10894855941084,
            41.3975661123789
          ],
          [
            2.10895279202425,
            41.3975539940302
          ],
          [
            2.10900297405768,
            41.3974672348972
          ],
          [
            2.10901106926082,
            41.3974587134013
          ],
          [
            2.10902435155206,
            41.3974426387289
          ],
          [
            2.10905137266538,
            41.3974173566188
          ],
          [
            2.10914952720825,
            41.3973425972776
          ],
          [
            2.10921994288516,
            41.3972983748296
          ],
          [
            2.10924314324259,
            41.3972839531704
          ],
          [
            2.10926446279184,
            41.397267976676
          ],
          [
            2.10928961740443,
            41.3972444635529
          ],
          [
            2.10931745007401,
            41.3972087840059
          ],
          [
            2.10933203126652,
            41.3971816671541
          ],
          [
            2.10933668384329,
            41.3971378817034
          ],
          [
            2.10935053168198,
            41.3970119470073
          ],
          [
            2.10958118263748,
            41.3967571525199
          ],
          [
            2.10983712849136,
            41.3961604395711
          ],
          [
            2.11027005271875,
            41.3958372280151
          ],
          [
            2.11047695601569,
            41.3958077237195
          ],
          [
            2.11059563799103,
            41.395812531749
          ],
          [
            2.11114151022367,
            41.3959139377641
          ],
          [
            2.11181833035186,
            41.3962573738361
          ],
          [
            2.11214564822288,
            41.3964853827411
          ],
          [
            2.11269113661756,
            41.3969949709545
          ],
          [
            2.11314720452962,
            41.3972472894796
          ],
          [
            2.11439071684646,
            41.3965415484874
          ],
          [
            2.11469318708834,
            41.3963752722281
          ],
          [
            2.11581015175838,
            41.3957696067501
          ],
          [
            2.11648969224308,
            41.3955663354218
          ],
          [
            2.11692447530934,
            41.3954841445368
          ],
          [
            2.11728729381783,
            41.3953780709279
          ],
          [
            2.11758870371702,
            41.3952326582402
          ],
          [
            2.11788019853195,
            41.3950560569065
          ],
          [
            2.1180897333033,
            41.3948321862984
          ],
          [
            2.11824743467078,
            41.3946234653226
          ],
          [
            2.11838500409633,
            41.3943757046166
          ],
          [
            2.11844061466952,
            41.3940806754609
          ],
          [
            2.11841815129084,
            41.3934507172195
          ],
          [
            2.1183299549283,
            41.3931001546488
          ],
          [
            2.1181375733654,
            41.3928187733896
          ],
          [
            2.11796346867974,
            41.3925950897278
          ],
          [
            2.11753476060565,
            41.3921850442874
          ],
          [
            2.1177593149695,
            41.3920272511876
          ],
          [
            2.11821716247316,
            41.3918473114819
          ],
          [
            2.11868453965767,
            41.3917472043071
          ],
          [
            2.11955658236491,
            41.391482695611
          ],
          [
            2.11981226222459,
            41.3913729933171
          ],
          [
            2.11988574746776,
            41.3913280851434
          ],
          [
            2.12003636647384,
            41.3912470968657
          ],
          [
            2.12038164235132,
            41.3909449841188
          ],
          [
            2.12049722184562,
            41.3908438479957
          ],
          [
            2.1206158595097,
            41.3906852402139
          ],
          [
            2.1206817650036,
            41.3905102773417
          ],
          [
            2.12079013933468,
            41.3903276580545
          ],
          [
            2.12090995626262,
            41.3900813258613
          ],
          [
            2.12178233059041,
            41.3904221880736
          ],
          [
            2.12255362895647,
            41.3907159749293
          ],
          [
            2.12300727726018,
            41.3908470402182
          ],
          [
            2.12311420417381,
            41.3908590598823
          ],
          [
            2.12319769262031,
            41.3908644425954
          ],
          [
            2.12387391232272,
            41.3910342018653
          ],
          [
            2.12559679569484,
            41.3914724970908
          ],
          [
            2.12704724902224,
            41.3918488556706
          ],
          [
            2.12938941185403,
            41.3924554266328
          ],
          [
            2.1295727459017,
            41.3925056242998
          ],
          [
            2.12976028720948,
            41.3925569794094
          ],
          [
            2.12994392092974,
            41.3925389469106
          ],
          [
            2.13062954029741,
            41.3924716149861
          ],
          [
            2.13173416816773,
            41.3923053211534
          ],
          [
            2.13248053566559,
            41.3921929483351
          ],
          [
            2.13482928819406,
            41.391839303252
          ],
          [
            2.13643191003109,
            41.3915830447813
          ],
          [
            2.13757505012931,
            41.3914002476423
          ],
          [
            2.13832303461152,
            41.3912526296107
          ],
          [
            2.13931294068621,
            41.3914800142868
          ],
          [
            2.14185317198693,
            41.3920925409924
          ],
          [
            2.14280893647669,
            41.3923184701883
          ],
          [
            2.14401566055635,
            41.3926127597018
          ],
          [
            2.14437895408326,
            41.392383714564
          ],
          [
            2.14394047848671,
            41.3914470165078
          ],
          [
            2.14366626720887,
            41.3906862119964
          ],
          [
            2.14362188607892,
            41.3904950758415
          ],
          [
            2.14362163512574,
            41.3904941462015
          ],
          [
            2.14350678590526,
            41.3900809191393
          ],
          [
            2.14330004919814,
            41.3891994103645
          ],
          [
            2.14303970128034,
            41.3882301472625
          ],
          [
            2.14292408932389,
            41.3876103894957
          ],
          [
            2.14275104400002,
            41.3866034572837
          ],
          [
            2.14264515496892,
            41.3856506914641
          ],
          [
            2.14262795694306,
            41.3854720524219
          ],
          [
            2.14237890028115,
            41.385364395491
          ],
          [
            2.14218817731739,
            41.3852610458144
          ],
          [
            2.14172806493705,
            41.3849174124007
          ],
          [
            2.1403301718283,
            41.3839595020542
          ],
          [
            2.14024437735142,
            41.3838954485894
          ],
          [
            2.13905118685455,
            41.3832166805956
          ],
          [
            2.13820647776325,
            41.38282071468
          ],
          [
            2.13757302559343,
            41.3825766424432
          ],
          [
            2.13626786765484,
            41.3820828591248
          ],
          [
            2.13619046746059,
            41.3820474284442
          ],
          [
            2.13547685940723,
            41.3817984107443
          ],
          [
            2.13355336108677,
            41.3811421770109
          ],
          [
            2.1323922280555,
            41.3808258006094
          ],
          [
            2.13173135299325,
            41.3806496224993
          ],
          [
            2.13140977167173,
            41.3805242806571
          ],
          [
            2.13071395533671,
            41.3802017671555
          ],
          [
            2.13020402726514,
            41.3799708550006
          ],
          [
            2.12989588995986,
            41.3798215964152
          ],
          [
            2.12940903077012,
            41.3795857567818
          ],
          [
            2.12914165096576,
            41.3794349037147
          ],
          [
            2.12913926508313,
            41.3794335615654
          ],
          [
            2.12912269484387,
            41.3794242125469
          ],
          [
            2.12752094051006,
            41.3785075522857
          ],
          [
            2.12732125295804,
            41.3784035335343
          ],
          [
            2.12696514124415,
            41.3782254487446
          ],
          [
            2.12624526846703,
            41.3777907082254
          ],
          [
            2.12573814026642,
            41.3774818373689
          ],
          [
            2.12528267835043,
            41.3772122602438
          ],
          [
            2.12470869127754,
            41.3768726927406
          ],
          [
            2.1237282803516,
            41.3762590119498
          ],
          [
            2.12281352270084,
            41.3756821953028
          ],
          [
            2.12181968811059,
            41.3757300168608
          ],
          [
            2.12178408596671,
            41.3758475998341
          ],
          [
            2.12176706105128,
            41.3765225390542
          ],
          [
            2.12176746625677,
            41.3770839902078
          ],
          [
            2.12178763518684,
            41.3772916683885
          ],
          [
            2.12177406390956,
            41.3774472149113
          ],
          [
            2.12177483204377,
            41.3774861512896
          ],
          [
            2.12170170174879,
            41.3777060707066
          ],
          [
            2.12155964965056,
            41.3780249163937
          ],
          [
            2.121456929291,
            41.3779809056529
          ],
          [
            2.1214390836524,
            41.3779704648955
          ],
          [
            2.11969540445015,
            41.3769490713918
          ],
          [
            2.11881355884694,
            41.3764130445521
          ],
          [
            2.11784681608634,
            41.3758261526582
          ],
          [
            2.11734765732162,
            41.3758192741788
          ],
          [
            2.11689387076384,
            41.3758361430469
          ],
          [
            2.11423690990465,
            41.3758947324896
          ],
          [
            2.11319624225279,
            41.3759201319177
          ],
          [
            2.11238114769224,
            41.3759224992064
          ],
          [
            2.1092695696095,
            41.3759809546957
          ],
          [
            2.10928936905599,
            41.3765276933085
          ],
          [
            2.10925407232822,
            41.3771176291193
          ],
          [
            2.10876226296983,
            41.3778310565823
          ],
          [
            2.10864816858297,
            41.3779473162726
          ],
          [
            2.10857546990097,
            41.3779710648131
          ],
          [
            2.10846233581872,
            41.3779730983886
          ],
          [
            2.108408306637,
            41.377960781137
          ],
          [
            2.1083483581111,
            41.377979989381
          ],
          [
            2.10830386475038,
            41.3779997496342
          ],
          [
            2.10827618446451,
            41.3780309715283
          ],
          [
            2.10823153751726,
            41.378119800221
          ],
          [
            2.10819186502316,
            41.3782182874502
          ],
          [
            2.1079694753605,
            41.3783603879737
          ],
          [
            2.1076726486217,
            41.3785159089489
          ],
          [
            2.10712833843232,
            41.3787067205272
          ],
          [
            2.10696334584759,
            41.3787509830931
          ],
          [
            2.10648546095219,
            41.3788178408648
          ],
          [
            2.10632448754873,
            41.3788794641619
          ],
          [
            2.10619043200157,
            41.3789656705135
          ],
          [
            2.10609277624701,
            41.3790084007609
          ],
          [
            2.10602776766097,
            41.379047691301
          ],
          [
            2.10596694227196,
            41.3791107490892
          ],
          [
            2.10591909671655,
            41.379174358001
          ],
          [
            2.10579192920831,
            41.3793557367371
          ],
          [
            2.10571902826377,
            41.3794228981192
          ],
          [
            2.10565892264653,
            41.3794473100766
          ],
          [
            2.10492866966157,
            41.3794409335641
          ],
          [
            2.10474766977061,
            41.379421691631
          ],
          [
            2.10459064431149,
            41.3794498262153
          ],
          [
            2.10416044514135,
            41.3796840894713
          ],
          [
            2.1037126699434,
            41.3799570637112
          ],
          [
            2.10253309661567,
            41.3806677568914
          ],
          [
            2.10214919649387,
            41.3808657668487
          ],
          [
            2.10186240959246,
            41.3811242618226
          ],
          [
            2.1015373659363,
            41.3817094122343
          ],
          [
            2.10152211236316,
            41.3817437019106
          ],
          [
            2.10147018557692,
            41.3819131423646
          ],
          [
            2.10147734157699,
            41.382121496896
          ],
          [
            2.1016776652445,
            41.3835736472559
          ],
          [
            2.10238024181808,
            41.3836130484552
          ],
          [
            2.10261328385379,
            41.383719775301
          ],
          [
            2.10288605450837,
            41.3839494844619
          ],
          [
            2.10312375217945,
            41.3841798025351
          ],
          [
            2.103198063275,
            41.3842535492965
          ],
          [
            2.10326871839925,
            41.3843209352601
          ],
          [
            2.10336956503635,
            41.3843766753731
          ],
          [
            2.10356482041632,
            41.3846853786411
          ],
          [
            2.10357260296862,
            41.384739655416
          ],
          [
            2.10347282260211,
            41.3848405643387
          ],
          [
            2.10329637018798,
            41.3849577111563
          ],
          [
            2.10327699641022,
            41.384973278384
          ],
          [
            2.10326845679052,
            41.3849863538339
          ],
          [
            2.10325898277624,
            41.3850709686341
          ],
          [
            2.10315127995095,
            41.3851094475954
          ],
          [
            2.10305849138639,
            41.3851287575579
          ],
          [
            2.10304009880297,
            41.3851347033633
          ],
          [
            2.10303084804359,
            41.3851412067832
          ],
          [
            2.10300779990618,
            41.3851604384204
          ],
          [
            2.10299113789905,
            41.3851797107937
          ],
          [
            2.1029840878188,
            41.3851966620457
          ],
          [
            2.10297402527394,
            41.3852526914156
          ],
          [
            2.10292167920441,
            41.385275081618
          ],
          [
            2.10285689299299,
            41.3853089044818
          ],
          [
            2.10283282234463,
            41.3853276867487
          ],
          [
            2.1028273812921,
            41.3853459115781
          ],
          [
            2.10281663104117,
            41.3854345787767
          ],
          [
            2.10273183412448,
            41.385489377262
          ],
          [
            2.10274938712787,
            41.3855358486496
          ],
          [
            2.10266633297454,
            41.3855900121246
          ],
          [
            2.10264252939615,
            41.3856824868367
          ],
          [
            2.10253833725019,
            41.3856986449543
          ],
          [
            2.10242249429278,
            41.3857427615327
          ],
          [
            2.10233941718172,
            41.3858298830521
          ],
          [
            2.10234797994725,
            41.3859004245265
          ],
          [
            2.10231106874529,
            41.3859379773042
          ],
          [
            2.10228007709855,
            41.385986024926
          ],
          [
            2.10224680414578,
            41.3860112207274
          ],
          [
            2.10215635534272,
            41.3860359617083
          ],
          [
            2.10197930049477,
            41.3861530207043
          ],
          [
            2.10194499296177,
            41.3861899451273
          ],
          [
            2.10185776926796,
            41.3862949768986
          ],
          [
            2.10161345452406,
            41.3865133044881
          ],
          [
            2.10149919983524,
            41.3865678812223
          ],
          [
            2.10133239539493,
            41.3867264446996
          ],
          [
            2.10099326746914,
            41.3869707922325
          ],
          [
            2.10105659021136,
            41.3870287094368
          ],
          [
            2.10110857177316,
            41.3870607585982
          ],
          [
            2.10120753025759,
            41.3871104688339
          ],
          [
            2.1014083059827,
            41.3871916531504
          ],
          [
            2.10158958616202,
            41.3872406993655
          ],
          [
            2.10204093394404,
            41.3873411317419
          ],
          [
            2.10212093814859,
            41.3873828658584
          ],
          [
            2.10211438455872,
            41.3874002082438
          ],
          [
            2.10199533610399,
            41.3874432184758
          ],
          [
            2.10189801151875,
            41.3874633478237
          ],
          [
            2.10178728649951,
            41.3875133765505
          ],
          [
            2.10149176299295,
            41.3877378347956
          ],
          [
            2.10132480068726,
            41.3878441985176
          ],
          [
            2.10110969206866,
            41.38789178151
          ],
          [
            2.10102983039207,
            41.3879022552875
          ],
          [
            2.10075807614807,
            41.3880045392908
          ],
          [
            2.10050172331462,
            41.3882155914417
          ],
          [
            2.1003894697482,
            41.3885882645575
          ],
          [
            2.10025550092007,
            41.3889804042077
          ],
          [
            2.10022108043663,
            41.3890574646299
          ],
          [
            2.10019915907626,
            41.3891388562394
          ],
          [
            2.10008468350272,
            41.3899007887014
          ],
          [
            2.10004160691987,
            41.3900087762062
          ],
          [
            2.09996706505136,
            41.390261376332
          ],
          [
            2.09991572180658,
            41.3905924599163
          ],
          [
            2.09998273342318,
            41.3908220353677
          ],
          [
            2.09992629367806,
            41.3910186602166
          ],
          [
            2.09988159646257,
            41.3911807970466
          ],
          [
            2.09988752597991,
            41.391253921217
          ],
          [
            2.09986687536611,
            41.3916204909783
          ],
          [
            2.09990011038204,
            41.3919124405121
          ],
          [
            2.09980267776667,
            41.3920656799741
          ],
          [
            2.09951659916819,
            41.3923257593289
          ],
          [
            2.09917171615524,
            41.3927661403039
          ],
          [
            2.09897031630858,
            41.3929172505057
          ],
          [
            2.09882514354643,
            41.3930139988347
          ],
          [
            2.09859500448351,
            41.3931126850165
          ],
          [
            2.09836734349358,
            41.3931592007256
          ],
          [
            2.0980297999124,
            41.3932544325199
          ],
          [
            2.09795944427642,
            41.3933295803412
          ],
          [
            2.0979187152377,
            41.3933918993641
          ],
          [
            2.0978726023472,
            41.3937824092005
          ],
          [
            2.09787196275058,
            41.393953366381
          ],
          [
            2.09795374123115,
            41.3940558097392
          ],
          [
            2.09801159483805,
            41.3941332589917
          ],
          [
            2.09818800203141,
            41.3942860296648
          ],
          [
            2.09829514097817,
            41.394434339378
          ],
          [
            2.09841240898845,
            41.3946643001365
          ],
          [
            2.09847325013532,
            41.3949023040375
          ],
          [
            2.09862974907371,
            41.3950529635193
          ],
          [
            2.09875832030289,
            41.395155763581
          ],
          [
            2.09902061887239,
            41.3953640157886
          ],
          [
            2.09902502291201,
            41.3955467671756
          ],
          [
            2.09900171401114,
            41.3957292926976
          ],
          [
            2.09919952150049,
            41.3960264481537
          ],
          [
            2.09936806319768,
            41.3962470178695
          ],
          [
            2.0995937847367,
            41.396406044955
          ],
          [
            2.09976127820491,
            41.3965770106595
          ],
          [
            2.09999322168009,
            41.396975567679
          ],
          [
            2.10008802103795,
            41.3973280239927
          ],
          [
            2.10016102750475,
            41.3974382246869
          ],
          [
            2.10032585645431,
            41.3977403357447
          ],
          [
            2.10041383189139,
            41.3978963211889
          ],
          [
            2.10044766818846,
            41.3979566204373
          ],
          [
            2.10048457352214,
            41.398486125568
          ],
          [
            2.10050451722497,
            41.398547613339
          ],
          [
            2.10080548874242,
            41.3987183230649
          ],
          [
            2.10108936952451,
            41.3988706223887
          ],
          [
            2.10148869996513,
            41.3990101216004
          ],
          [
            2.1016242988266,
            41.3991064518385
          ],
          [
            2.1017866311907,
            41.3992760681888
          ],
          [
            2.10194665040836,
            41.3993608427848
          ],
          [
            2.10207015768906,
            41.3994544660145
          ],
          [
            2.1021576640795,
            41.3995823971304
          ],
          [
            2.102160030937,
            41.3999139090108
          ],
          [
            2.10236404948907,
            41.4002659088347
          ],
          [
            2.10251654822224,
            41.4005202799434
          ],
          [
            2.10257541170281,
            41.4006512481669
          ],
          [
            2.10253614486664,
            41.4010483432235
          ],
          [
            2.10254372058837,
            41.4011203360236
          ],
          [
            2.10260101964694,
            41.4011206204886
          ],
          [
            2.10275748530158,
            41.4010866025962
          ],
          [
            2.10283917648125,
            41.4010816995506
          ],
          [
            2.10291372546749,
            41.4010942243236
          ]
        ]
      ]
      }
    },
    {
      "type": "Feature",
      "geometry": {
        "type": "Polygon",
      "coordinates": [
        [
          [
            2.18745446651313,
            41.4621264609386
          ],
          [
            2.18744126328142,
            41.4621174684219
          ],
          [
            2.187497629933,
            41.4613337888497
          ],
          [
            2.18758652988965,
            41.4602869078315
          ],
          [
            2.18766234753978,
            41.4598001686096
          ],
          [
            2.18776413227423,
            41.4592445075934
          ],
          [
            2.18794504463919,
            41.4587064916855
          ],
          [
            2.18805050906881,
            41.4584316805894
          ],
          [
            2.18822246400251,
            41.4581192098432
          ],
          [
            2.18843102028095,
            41.4577759752927
          ],
          [
            2.18862592335848,
            41.4575953271496
          ],
          [
            2.18884273336324,
            41.4573264702211
          ],
          [
            2.18841641157213,
            41.457095532766
          ],
          [
            2.18822287061062,
            41.4570977441457
          ],
          [
            2.18776705378712,
            41.4569798556214
          ],
          [
            2.1877186934287,
            41.4569452862097
          ],
          [
            2.18779991893803,
            41.4568522451513
          ],
          [
            2.18803467268839,
            41.4565376775326
          ],
          [
            2.18821143032926,
            41.4562525510716
          ],
          [
            2.18828318180299,
            41.4561192787513
          ],
          [
            2.18838589677779,
            41.4559090130417
          ],
          [
            2.18845022901394,
            41.4557570879721
          ],
          [
            2.18848398724546,
            41.4556758537909
          ],
          [
            2.18854698539482,
            41.455517569022
          ],
          [
            2.1886125257764,
            41.4553329824365
          ],
          [
            2.18872731254951,
            41.4549943916174
          ],
          [
            2.18859654718532,
            41.4549671953901
          ],
          [
            2.18842085018064,
            41.4549311252195
          ],
          [
            2.18853329880007,
            41.4545774486649
          ],
          [
            2.18875948728603,
            41.4537583851357
          ],
          [
            2.18884278799802,
            41.4532741022702
          ],
          [
            2.18891285822631,
            41.4526945535985
          ],
          [
            2.18890952053791,
            41.4526039243567
          ],
          [
            2.18889442318098,
            41.4520200735145
          ],
          [
            2.18884120024045,
            41.4514347740189
          ],
          [
            2.18882602849972,
            41.4513003483119
          ],
          [
            2.18877556194462,
            41.4507947388712
          ],
          [
            2.18860932379952,
            41.4499700538691
          ],
          [
            2.18845451414996,
            41.4493546917716
          ],
          [
            2.18838979199558,
            41.4491356611253
          ],
          [
            2.1882956971564,
            41.4488661798774
          ],
          [
            2.18819356960855,
            41.4485736639335
          ],
          [
            2.18772203204564,
            41.4470121686387
          ],
          [
            2.18768904018872,
            41.4469630525002
          ],
          [
            2.1876181790439,
            41.4468575528048
          ],
          [
            2.18734769259808,
            41.4457901089423
          ],
          [
            2.18674348560358,
            41.4439051429751
          ],
          [
            2.18647378370625,
            41.4430636988616
          ],
          [
            2.18627434888511,
            41.4424414784331
          ],
          [
            2.18628503950507,
            41.4423186654339
          ],
          [
            2.18629513272477,
            41.4422101430229
          ],
          [
            2.1862981018271,
            41.4421602447511
          ],
          [
            2.18579431860183,
            41.4407197703607
          ],
          [
            2.18544067597953,
            41.4397054533125
          ],
          [
            2.18509929511321,
            41.438715577955
          ],
          [
            2.18502394200822,
            41.4384600797161
          ],
          [
            2.18477300312905,
            41.437609170798
          ],
          [
            2.18457702646477,
            41.4369618496137
          ],
          [
            2.18446896490332,
            41.4366010473497
          ],
          [
            2.18429986124931,
            41.4360267862397
          ],
          [
            2.18421396432431,
            41.4357477572537
          ],
          [
            2.18418317282775,
            41.4356468447481
          ],
          [
            2.18395114728236,
            41.4348864214668
          ],
          [
            2.18392131071109,
            41.4347886502406
          ],
          [
            2.18374207003976,
            41.4343709109179
          ],
          [
            2.18366565831024,
            41.4341395891338
          ],
          [
            2.18330197697717,
            41.4330386406671
          ],
          [
            2.1831133426125,
            41.432467616757
          ],
          [
            2.18288083451441,
            41.4322155865368
          ],
          [
            2.18270586636393,
            41.4317970380715
          ],
          [
            2.18264009219499,
            41.4315148808661
          ],
          [
            2.18259092271355,
            41.4310137710539
          ],
          [
            2.18272077063508,
            41.4306078168272
          ],
          [
            2.18294660255746,
            41.4302860067487
          ],
          [
            2.18301270923405,
            41.4301910237786
          ],
          [
            2.18302322728818,
            41.430175911832
          ],
          [
            2.18311671445354,
            41.4299846621695
          ],
          [
            2.18409550820352,
            41.4286542733927
          ],
          [
            2.18410159585035,
            41.4286459936347
          ],
          [
            2.18468781082,
            41.427830953317
          ],
          [
            2.18434352475795,
            41.4276254685304
          ],
          [
            2.18429486365139,
            41.4276273396308
          ],
          [
            2.18253266995077,
            41.4276950080644
          ],
          [
            2.17981197209598,
            41.4278025201655
          ],
          [
            2.17932220767571,
            41.4278471571103
          ],
          [
            2.17917935158035,
            41.4278714317208
          ],
          [
            2.17893220365354,
            41.4279130314409
          ],
          [
            2.17732128747621,
            41.4281588304799
          ],
          [
            2.17724199148954,
            41.4277761762557
          ],
          [
            2.17723253828294,
            41.4277305219273
          ],
          [
            2.17723349315629,
            41.4271131301058
          ],
          [
            2.17722714278827,
            41.4270511043584
          ],
          [
            2.17722912634272,
            41.426881534984
          ],
          [
            2.17730233742797,
            41.4268005675901
          ],
          [
            2.17736414854546,
            41.4254846941001
          ],
          [
            2.17616061754117,
            41.4254385096262
          ],
          [
            2.17566079797301,
            41.425577349248
          ],
          [
            2.17557259854545,
            41.4256018485708
          ],
          [
            2.17352642742333,
            41.4261840226505
          ],
          [
            2.17235297655354,
            41.4265185796307
          ],
          [
            2.17104850527966,
            41.4268943272754
          ],
          [
            2.17023282242433,
            41.4271327520661
          ],
          [
            2.17015147363157,
            41.4271565309541
          ],
          [
            2.17002146310672,
            41.4271634122968
          ],
          [
            2.16996563426992,
            41.427171783098
          ],
          [
            2.16839280430049,
            41.42740761628
          ],
          [
            2.16741574444307,
            41.4275464488015
          ],
          [
            2.16728465410573,
            41.427560957567
          ],
          [
            2.16713329354291,
            41.4275770670007
          ],
          [
            2.16674234069039,
            41.4276236441733
          ],
          [
            2.16600851931627,
            41.4276822659533
          ],
          [
            2.16537789989121,
            41.4277368662735
          ],
          [
            2.16499398262074,
            41.4277946127243
          ],
          [
            2.16482114341342,
            41.427820615669
          ],
          [
            2.16442298773143,
            41.4278780137245
          ],
          [
            2.16393943581691,
            41.4279543905527
          ],
          [
            2.16373660577497,
            41.4280213201568
          ],
          [
            2.16369609018597,
            41.4280346901873
          ],
          [
            2.163640575132,
            41.4281117961197
          ],
          [
            2.16467099287879,
            41.4287746593966
          ],
          [
            2.16480288213633,
            41.4288568724968
          ],
          [
            2.16517300084556,
            41.4290735109488
          ],
          [
            2.16531523257668,
            41.4290836667235
          ],
          [
            2.16544432958083,
            41.4291307387631
          ],
          [
            2.16547009391696,
            41.4291431486353
          ],
          [
            2.16549271291203,
            41.4291535090257
          ],
          [
            2.16553248434935,
            41.4291870978615
          ],
          [
            2.16555750688623,
            41.4292051049775
          ],
          [
            2.16557046673011,
            41.4292576223125
          ],
          [
            2.16567853681987,
            41.4293336357892
          ],
          [
            2.16568225321262,
            41.4293986335167
          ],
          [
            2.16590109762034,
            41.429457209354
          ],
          [
            2.16617383680077,
            41.4295989986839
          ],
          [
            2.16528664447889,
            41.4301156600854
          ],
          [
            2.16463171925595,
            41.4304989602881
          ],
          [
            2.16433572799056,
            41.4306530105949
          ],
          [
            2.16394766706214,
            41.4308439707012
          ],
          [
            2.16383015168081,
            41.4310705104999
          ],
          [
            2.16382510818688,
            41.4310783463865
          ],
          [
            2.16330819013398,
            41.4318820912827
          ],
          [
            2.16319739440726,
            41.4320789906526
          ],
          [
            2.16315600797502,
            41.4321525509589
          ],
          [
            2.16313562947497,
            41.4322613299663
          ],
          [
            2.16310213003143,
            41.4324402897396
          ],
          [
            2.16308132878581,
            41.4327134786888
          ],
          [
            2.16312930986567,
            41.4329850238318
          ],
          [
            2.16314582538391,
            41.4330784070351
          ],
          [
            2.16335911055528,
            41.4337902487118
          ],
          [
            2.16345926349627,
            41.4341236306164
          ],
          [
            2.16347904575001,
            41.434179818707
          ],
          [
            2.16348103926182,
            41.4341858321533
          ],
          [
            2.1635963213392,
            41.4345342311716
          ],
          [
            2.16372551244072,
            41.4349246607633
          ],
          [
            2.16426411364639,
            41.436278986372
          ],
          [
            2.16315337300577,
            41.436576856046
          ],
          [
            2.16322848108753,
            41.4366823206935
          ],
          [
            2.16324246100497,
            41.4367019504427
          ],
          [
            2.16335158561749,
            41.4368550954435
          ],
          [
            2.16344333234062,
            41.4369838660241
          ],
          [
            2.16352610803415,
            41.4371000510016
          ],
          [
            2.16337123543515,
            41.4371902972045
          ],
          [
            2.16328257115356,
            41.437241968107
          ],
          [
            2.16320743791173,
            41.4372857566914
          ],
          [
            2.1632681020892,
            41.4373453134606
          ],
          [
            2.16315309925533,
            41.4373544668523
          ],
          [
            2.1631273859644,
            41.4373565137933
          ],
          [
            2.16314868187745,
            41.4373768903044
          ],
          [
            2.1632990541237,
            41.4375207872592
          ],
          [
            2.16341966457932,
            41.437636202396
          ],
          [
            2.16361370627376,
            41.4378218955299
          ],
          [
            2.16367856449602,
            41.4378839595947
          ],
          [
            2.16285812019896,
            41.4383405110616
          ],
          [
            2.16250556998455,
            41.4385427672743
          ],
          [
            2.16232506878857,
            41.4386662432143
          ],
          [
            2.16198918524391,
            41.4389954618947
          ],
          [
            2.16179533673835,
            41.4392528795789
          ],
          [
            2.16161030798891,
            41.4395866721924
          ],
          [
            2.16158072965604,
            41.4397728297583
          ],
          [
            2.16152503219731,
            41.439927343106
          ],
          [
            2.16149448341655,
            41.4400120968122
          ],
          [
            2.16151972209187,
            41.4402052470253
          ],
          [
            2.1616680271211,
            41.4405296581058
          ],
          [
            2.16180468572746,
            41.4406818970561
          ],
          [
            2.16192161512678,
            41.440750547304
          ],
          [
            2.16205281931328,
            41.440788009486
          ],
          [
            2.16213611748088,
            41.4408003884556
          ],
          [
            2.16227417125985,
            41.4408209031955
          ],
          [
            2.16262747688054,
            41.4408339040829
          ],
          [
            2.16270336209516,
            41.4408605325386
          ],
          [
            2.16276439431031,
            41.4409652825438
          ],
          [
            2.16279124446348,
            41.4410332767973
          ],
          [
            2.16278890047289,
            41.4412157865013
          ],
          [
            2.16271812459654,
            41.4413300085557
          ],
          [
            2.1626289127923,
            41.4413790897877
          ],
          [
            2.16250896726899,
            41.4413810726721
          ],
          [
            2.16230851513311,
            41.4413843972708
          ],
          [
            2.16219730814483,
            41.4414096555825
          ],
          [
            2.16168159789714,
            41.4416301597188
          ],
          [
            2.1615383513752,
            41.4416065439201
          ],
          [
            2.16109809200018,
            41.4417960148238
          ],
          [
            2.16096992408999,
            41.4418573492456
          ],
          [
            2.16080666460021,
            41.4419312092911
          ],
          [
            2.16033099356759,
            41.4421344887252
          ],
          [
            2.16012598265763,
            41.442202503707
          ],
          [
            2.15999347719274,
            41.4423513486661
          ],
          [
            2.1599569948162,
            41.4423881841036
          ],
          [
            2.15978520442175,
            41.4422739321885
          ],
          [
            2.15969903341662,
            41.4421481449348
          ],
          [
            2.15938810121536,
            41.4422536490333
          ],
          [
            2.1591948268283,
            41.4423721896894
          ],
          [
            2.1590614460249,
            41.4425033275605
          ],
          [
            2.15886511670965,
            41.4427648113596
          ],
          [
            2.1587004549512,
            41.4429822006381
          ],
          [
            2.15854212409182,
            41.4433526362291
          ],
          [
            2.15849966973901,
            41.4434272677781
          ],
          [
            2.15844177155098,
            41.4437328721422
          ],
          [
            2.1583312957939,
            41.443931912459
          ],
          [
            2.15826445917043,
            41.444012787955
          ],
          [
            2.15803812251827,
            41.4441389843982
          ],
          [
            2.15796978964986,
            41.4442883773268
          ],
          [
            2.1578949229355,
            41.4446219514363
          ],
          [
            2.15782277043505,
            41.4447463297072
          ],
          [
            2.15758360926011,
            41.4449475533991
          ],
          [
            2.15751258575378,
            41.4449845135955
          ],
          [
            2.15737930635012,
            41.4450210090969
          ],
          [
            2.15706624063792,
            41.4450651956429
          ],
          [
            2.15679559602317,
            41.4452290765392
          ],
          [
            2.15657397373005,
            41.4453586013085
          ],
          [
            2.15623182973089,
            41.4454997356949
          ],
          [
            2.15596572396878,
            41.4455383815497
          ],
          [
            2.15574151071142,
            41.4455461052492
          ],
          [
            2.15567829554501,
            41.4456205834695
          ],
          [
            2.15566715069316,
            41.4456861658993
          ],
          [
            2.15570888669356,
            41.4457403634402
          ],
          [
            2.15582230370005,
            41.4457910963126
          ],
          [
            2.15611157335353,
            41.4457812371974
          ],
          [
            2.15710386870892,
            41.4459721411165
          ],
          [
            2.15722518383017,
            41.4460269207245
          ],
          [
            2.15753795058104,
            41.4466619187974
          ],
          [
            2.15755406576319,
            41.4468516521131
          ],
          [
            2.15752890695236,
            41.4469512703173
          ],
          [
            2.15744748244125,
            41.4470943789472
          ],
          [
            2.15710652088002,
            41.4472731125297
          ],
          [
            2.15704370130085,
            41.447342910512
          ],
          [
            2.15704550808126,
            41.4474133257982
          ],
          [
            2.15711912606495,
            41.447459235229
          ],
          [
            2.15738970781808,
            41.4474592163228
          ],
          [
            2.15760909425147,
            41.4475207032134
          ],
          [
            2.15775087672473,
            41.4476038432859
          ],
          [
            2.15808207444678,
            41.4478482323818
          ],
          [
            2.15834927313478,
            41.4481075193228
          ],
          [
            2.15900759206093,
            41.4489131265539
          ],
          [
            2.159348483377,
            41.449393478256
          ],
          [
            2.15942317537941,
            41.4494371692132
          ],
          [
            2.15942567008087,
            41.4495017886832
          ],
          [
            2.159419306766,
            41.4495969416991
          ],
          [
            2.15943368311904,
            41.4496305092525
          ],
          [
            2.15948661373077,
            41.4497676914741
          ],
          [
            2.15947768745355,
            41.4499613129589
          ],
          [
            2.1593749672,
            41.4501905675297
          ],
          [
            2.15918132934915,
            41.450358628115
          ],
          [
            2.15912129099796,
            41.4504605499651
          ],
          [
            2.15914802043252,
            41.450516555196
          ],
          [
            2.15963376606185,
            41.4505146885673
          ],
          [
            2.15998206514036,
            41.4504650234964
          ],
          [
            2.16022241829689,
            41.4503980774038
          ],
          [
            2.16210933985335,
            41.4502046825117
          ],
          [
            2.16372151383981,
            41.4497754103555
          ],
          [
            2.16380926581106,
            41.4497812270362
          ],
          [
            2.16408037574972,
            41.4498210541076
          ],
          [
            2.16410304398905,
            41.4498243803069
          ],
          [
            2.16424361423014,
            41.4498994599375
          ],
          [
            2.16565260293777,
            41.4514768459383
          ],
          [
            2.16505409634736,
            41.452633491522
          ],
          [
            2.16498372457997,
            41.4545625417617
          ],
          [
            2.16485150361255,
            41.4547543774389
          ],
          [
            2.16443204834028,
            41.4551545958627
          ],
          [
            2.16413851597636,
            41.4554814429057
          ],
          [
            2.16380455836828,
            41.4558904674569
          ],
          [
            2.16444129948735,
            41.4568344831876
          ],
          [
            2.16460488322189,
            41.4571133329661
          ],
          [
            2.16500200823515,
            41.45806492003
          ],
          [
            2.16600982867485,
            41.4586029964824
          ],
          [
            2.16685251391247,
            41.4590791411157
          ],
          [
            2.16719186092911,
            41.4595802469022
          ],
          [
            2.16734918383843,
            41.4596131090216
          ],
          [
            2.16789562060488,
            41.4598465419016
          ],
          [
            2.16796057167717,
            41.4598752225759
          ],
          [
            2.16799021050249,
            41.4599011979882
          ],
          [
            2.16801799665819,
            41.4599250432617
          ],
          [
            2.16803015888482,
            41.4599327964664
          ],
          [
            2.16808801429262,
            41.4599723607857
          ],
          [
            2.16814879509228,
            41.4600247637614
          ],
          [
            2.16818743151055,
            41.4600690981917
          ],
          [
            2.16824080654708,
            41.4601576123635
          ],
          [
            2.16826613914317,
            41.4602273416173
          ],
          [
            2.1682770662424,
            41.460278384498
          ],
          [
            2.16870032713752,
            41.4603454574046
          ],
          [
            2.16889336521772,
            41.4604378981244
          ],
          [
            2.1689472766384,
            41.4604628775598
          ],
          [
            2.16928079979154,
            41.4605736619737
          ],
          [
            2.16937508361347,
            41.4605989685651
          ],
          [
            2.16953901907338,
            41.46062906509
          ],
          [
            2.16981661507141,
            41.4606532795883
          ],
          [
            2.16993572399884,
            41.4606811967454
          ],
          [
            2.17011971512362,
            41.4607377116705
          ],
          [
            2.17015023040434,
            41.4607589009005
          ],
          [
            2.17028178581965,
            41.4607779540542
          ],
          [
            2.17045772371842,
            41.4608933368777
          ],
          [
            2.17055789563041,
            41.4609471753699
          ],
          [
            2.17059823984083,
            41.4609553565379
          ],
          [
            2.17067171429452,
            41.4609571108858
          ],
          [
            2.17087868201165,
            41.4610232749237
          ],
          [
            2.17098608554314,
            41.4610292276864
          ],
          [
            2.17109489777212,
            41.4610214001459
          ],
          [
            2.17117554867681,
            41.4610143785824
          ],
          [
            2.17124770877802,
            41.4610629796512
          ],
          [
            2.17129494237183,
            41.4610736601878
          ],
          [
            2.17135840927501,
            41.4610582640046
          ],
          [
            2.17154411039214,
            41.4609814432482
          ],
          [
            2.17163551445059,
            41.4609922703687
          ],
          [
            2.17181251887821,
            41.4612114241698
          ],
          [
            2.17186207400429,
            41.4612627355904
          ],
          [
            2.17191204169574,
            41.4612910180079
          ],
          [
            2.17196721076655,
            41.4614517647672
          ],
          [
            2.17199487963683,
            41.4615010181391
          ],
          [
            2.17201174813133,
            41.4615163349676
          ],
          [
            2.17205205016459,
            41.461525992538
          ],
          [
            2.17222457601624,
            41.4616144069503
          ],
          [
            2.17235794426023,
            41.4617020712031
          ],
          [
            2.17244486618218,
            41.4617415630662
          ],
          [
            2.17284624051193,
            41.4619962588807
          ],
          [
            2.1730310961571,
            41.462118160148
          ],
          [
            2.17338292424064,
            41.4622606531459
          ],
          [
            2.17352721067172,
            41.4623043752265
          ],
          [
            2.17371879358757,
            41.4624917625128
          ],
          [
            2.17384287740863,
            41.4626131091602
          ],
          [
            2.17445020682949,
            41.4632016145823
          ],
          [
            2.174998843706,
            41.4634812825026
          ],
          [
            2.17536222786327,
            41.463608566681
          ],
          [
            2.17633260922436,
            41.463868063515
          ],
          [
            2.17728971325016,
            41.4641497776347
          ],
          [
            2.17732937157753,
            41.4641622390672
          ],
          [
            2.17843789281913,
            41.4643926565408
          ],
          [
            2.17855053307791,
            41.4644158978145
          ],
          [
            2.17871266865987,
            41.4644312413166
          ],
          [
            2.17879833146365,
            41.4644648195397
          ],
          [
            2.17883827180446,
            41.4644767960639
          ],
          [
            2.17885400655438,
            41.4644815471168
          ],
          [
            2.17907714966794,
            41.4645209516897
          ],
          [
            2.1791944174359,
            41.4645438109917
          ],
          [
            2.17925839685019,
            41.4645572378203
          ],
          [
            2.1797621716607,
            41.4646629453813
          ],
          [
            2.18036977503381,
            41.4647815230092
          ],
          [
            2.18040226872267,
            41.4648114878087
          ],
          [
            2.18040139278082,
            41.4648810998259
          ],
          [
            2.17986900007266,
            41.465654728442
          ],
          [
            2.17997117175941,
            41.4657887118612
          ],
          [
            2.18006126569718,
            41.4658719154826
          ],
          [
            2.18013508357915,
            41.4659181988561
          ],
          [
            2.18016780520041,
            41.4659386535197
          ],
          [
            2.1801771666874,
            41.4660130943386
          ],
          [
            2.18022282170853,
            41.4660125907847
          ],
          [
            2.18025082284882,
            41.4661436047358
          ],
          [
            2.18028503340088,
            41.4661523333186
          ],
          [
            2.1803500850575,
            41.4663756847582
          ],
          [
            2.18044474460855,
            41.4664844385598
          ],
          [
            2.18046656853011,
            41.4666220108993
          ],
          [
            2.18033664400969,
            41.4666006480792
          ],
          [
            2.18004539541694,
            41.4662412592021
          ],
          [
            2.17957704035623,
            41.4659873812918
          ],
          [
            2.17954329350676,
            41.465977980248
          ],
          [
            2.17949274456749,
            41.4659743773033
          ],
          [
            2.17941540334826,
            41.4659901204211
          ],
          [
            2.17905946241471,
            41.4663926546649
          ],
          [
            2.17900869919426,
            41.4664630277946
          ],
          [
            2.17890778876762,
            41.4667220636122
          ],
          [
            2.17888004178098,
            41.4672958174736
          ],
          [
            2.17885014369503,
            41.4676127278527
          ],
          [
            2.17885826461896,
            41.4677256215158
          ],
          [
            2.1788987753522,
            41.4678891336195
          ],
          [
            2.1796734367796,
            41.4675487181694
          ],
          [
            2.18061468783349,
            41.4676805345242
          ],
          [
            2.18074774523048,
            41.4676853096748
          ],
          [
            2.18095172831411,
            41.467693264522
          ],
          [
            2.18156796156516,
            41.4677945939982
          ],
          [
            2.1819852255036,
            41.4679179257336
          ],
          [
            2.18236888292533,
            41.4679634545172
          ],
          [
            2.18245972890745,
            41.467964333916
          ],
          [
            2.18271638478698,
            41.4680015464378
          ],
          [
            2.18274873346622,
            41.468056640189
          ],
          [
            2.1829881868087,
            41.468116320545
          ],
          [
            2.18309288753241,
            41.4681172797585
          ],
          [
            2.18344987054794,
            41.4681901242554
          ],
          [
            2.1836043292435,
            41.4682187824127
          ],
          [
            2.18378693743789,
            41.4682411366086
          ],
          [
            2.18397962766556,
            41.468251176803
          ],
          [
            2.18421744495218,
            41.4682322444018
          ],
          [
            2.18442805762989,
            41.4681948517609
          ],
          [
            2.18456226865913,
            41.4681573319061
          ],
          [
            2.18478184005691,
            41.4680117060581
          ],
          [
            2.18507170430116,
            41.4678652353129
          ],
          [
            2.18546103060202,
            41.4676979849777
          ],
          [
            2.18613662811467,
            41.467697142699
          ],
          [
            2.18627114885656,
            41.4676883476466
          ],
          [
            2.18625582871382,
            41.4678180360556
          ],
          [
            2.18635718564656,
            41.4678009628579
          ],
          [
            2.18699437675667,
            41.4678425391821
          ],
          [
            2.18701386818614,
            41.4678448115912
          ],
          [
            2.18714500051308,
            41.4663717746864
          ],
          [
            2.18713152209314,
            41.4660134369058
          ],
          [
            2.18732956734869,
            41.4636464268799
          ],
          [
            2.18745446651313,
            41.4621264609386
          ]
        ]
      ]
      }
    },
    {
      "type": "Feature",
      "geometry": {
        "type": "Polygon",
      "coordinates": [
        [
          [
            2.20719373931501,
            41.4275605096959
          ],
          [
            2.20557716327029,
            41.428305877811
          ],
          [
            2.20520101187308,
            41.4284792878649
          ],
          [
            2.20352093772995,
            41.4292537960837
          ],
          [
            2.20346434181501,
            41.4292771572605
          ],
          [
            2.20277038022286,
            41.4295665202208
          ],
          [
            2.20229446663083,
            41.4297216112898
          ],
          [
            2.20187699237791,
            41.4298796275804
          ],
          [
            2.20121178524159,
            41.4300589109867
          ],
          [
            2.20082915786307,
            41.4301280813579
          ],
          [
            2.20014146200152,
            41.4301664067488
          ],
          [
            2.1996568043149,
            41.4301320171161
          ],
          [
            2.19926083915976,
            41.4300571592431
          ],
          [
            2.19854224393792,
            41.4298176680689
          ],
          [
            2.19799464088912,
            41.4295230489126
          ],
          [
            2.19777771466648,
            41.4293567460733
          ],
          [
            2.19758841209389,
            41.4291700262526
          ],
          [
            2.19732283959651,
            41.4288537874911
          ],
          [
            2.19712614624986,
            41.4284762912389
          ],
          [
            2.19700231846529,
            41.4282386123467
          ],
          [
            2.19657009814065,
            41.4274016315857
          ],
          [
            2.19642362739524,
            41.4270710080789
          ],
          [
            2.19634596465042,
            41.4267099690345
          ],
          [
            2.19653841274799,
            41.4265899634806
          ],
          [
            2.19589468773569,
            41.4244497167918
          ],
          [
            2.19560506393934,
            41.4226962531812
          ],
          [
            2.1956044679953,
            41.4226504459969
          ],
          [
            2.19553216592241,
            41.4224542083782
          ],
          [
            2.19544885092771,
            41.4223320162893
          ],
          [
            2.19518796217503,
            41.4223618272889
          ],
          [
            2.19498345842372,
            41.4217334501855
          ],
          [
            2.19454760502942,
            41.4205351996571
          ],
          [
            2.19403619226897,
            41.4189723449752
          ],
          [
            2.1933172605452,
            41.4171697499764
          ],
          [
            2.19318865056614,
            41.4169045422399
          ],
          [
            2.19239947589277,
            41.4146554700699
          ],
          [
            2.19236163212465,
            41.4145662647001
          ],
          [
            2.19206908007945,
            41.4147706909714
          ],
          [
            2.19118745519494,
            41.4153827664042
          ],
          [
            2.19093855290878,
            41.4151891132587
          ],
          [
            2.19012304127767,
            41.4145541441575
          ],
          [
            2.18896621818683,
            41.4136661143033
          ],
          [
            2.18787586784649,
            41.4145164103168
          ],
          [
            2.18753295762639,
            41.4147923675868
          ],
          [
            2.18688406778329,
            41.4152673636707
          ],
          [
            2.18686609898802,
            41.4152805138112
          ],
          [
            2.18565724005427,
            41.4162097578513
          ],
          [
            2.18550409918807,
            41.4163364458301
          ],
          [
            2.18510954340375,
            41.4166242896182
          ],
          [
            2.18478209146223,
            41.4168698216078
          ],
          [
            2.18441798769556,
            41.4171524831015
          ],
          [
            2.18334905339647,
            41.4179563185535
          ],
          [
            2.18218670200384,
            41.4171157863553
          ],
          [
            2.18107491305886,
            41.4163066507716
          ],
          [
            2.18070733124361,
            41.4160314603926
          ],
          [
            2.18044794817352,
            41.4158609583489
          ],
          [
            2.18042005593627,
            41.4162867687259
          ],
          [
            2.18041026162642,
            41.4164958797767
          ],
          [
            2.18039213135037,
            41.4170828043489
          ],
          [
            2.18040796548844,
            41.4175350205514
          ],
          [
            2.18042775743629,
            41.4178131683113
          ],
          [
            2.18050705073248,
            41.4183757363862
          ],
          [
            2.18051496107067,
            41.4184318912681
          ],
          [
            2.18055195618346,
            41.4186570893365
          ],
          [
            2.18056157179695,
            41.418715625316
          ],
          [
            2.18068395482475,
            41.4192441633345
          ],
          [
            2.18071619886269,
            41.4193894311839
          ],
          [
            2.18081194999466,
            41.4197719124198
          ],
          [
            2.18084024740373,
            41.4199904189624
          ],
          [
            2.18082278450784,
            41.420165111835
          ],
          [
            2.18075272123544,
            41.4203632372089
          ],
          [
            2.18063828725144,
            41.4205364293571
          ],
          [
            2.18029715101718,
            41.4209290691401
          ],
          [
            2.17977886870971,
            41.4214785632848
          ],
          [
            2.17973832960935,
            41.4215219877621
          ],
          [
            2.17942563671102,
            41.4218568554005
          ],
          [
            2.17897221157948,
            41.4223436746224
          ],
          [
            2.17861590394268,
            41.4227297787452
          ],
          [
            2.17825541914164,
            41.423130795313
          ],
          [
            2.17763573657552,
            41.4237858889696
          ],
          [
            2.17695331327003,
            41.424511743762
          ],
          [
            2.17681102239945,
            41.4246766531094
          ],
          [
            2.1765408924261,
            41.4250000532103
          ],
          [
            2.17616061754117,
            41.4254385096262
          ],
          [
            2.17736414854546,
            41.4254846941001
          ],
          [
            2.17730233742797,
            41.4268005675901
          ],
          [
            2.17722912634272,
            41.426881534984
          ],
          [
            2.17722714278827,
            41.4270511043584
          ],
          [
            2.17723349315629,
            41.4271131301058
          ],
          [
            2.17723253828294,
            41.4277305219273
          ],
          [
            2.17724199148954,
            41.4277761762557
          ],
          [
            2.17732128747621,
            41.4281588304799
          ],
          [
            2.17893220365354,
            41.4279130314409
          ],
          [
            2.17917935158035,
            41.4278714317208
          ],
          [
            2.17932220767571,
            41.4278471571103
          ],
          [
            2.17981197209598,
            41.4278025201655
          ],
          [
            2.18253266995077,
            41.4276950080644
          ],
          [
            2.18429486365139,
            41.4276273396308
          ],
          [
            2.18434352475795,
            41.4276254685304
          ],
          [
            2.18468781082,
            41.427830953317
          ],
          [
            2.18410159585035,
            41.4286459936347
          ],
          [
            2.18409550820352,
            41.4286542733927
          ],
          [
            2.18311671445354,
            41.4299846621695
          ],
          [
            2.18302322728818,
            41.430175911832
          ],
          [
            2.18301270923405,
            41.4301910237786
          ],
          [
            2.18294660255746,
            41.4302860067487
          ],
          [
            2.18272077063508,
            41.4306078168272
          ],
          [
            2.18259092271355,
            41.4310137710539
          ],
          [
            2.18264009219499,
            41.4315148808661
          ],
          [
            2.18270586636393,
            41.4317970380715
          ],
          [
            2.18288083451441,
            41.4322155865368
          ],
          [
            2.1831133426125,
            41.432467616757
          ],
          [
            2.18330197697717,
            41.4330386406671
          ],
          [
            2.18366565831024,
            41.4341395891338
          ],
          [
            2.18374207003976,
            41.4343709109179
          ],
          [
            2.18392131071109,
            41.4347886502406
          ],
          [
            2.18395114728236,
            41.4348864214668
          ],
          [
            2.18418317282775,
            41.4356468447481
          ],
          [
            2.18421396432431,
            41.4357477572537
          ],
          [
            2.18429986124931,
            41.4360267862397
          ],
          [
            2.18446896490332,
            41.4366010473497
          ],
          [
            2.18457702646477,
            41.4369618496137
          ],
          [
            2.18477300312905,
            41.437609170798
          ],
          [
            2.18502394200822,
            41.4384600797161
          ],
          [
            2.18509929511321,
            41.438715577955
          ],
          [
            2.18544067597953,
            41.4397054533125
          ],
          [
            2.18579431860183,
            41.4407197703607
          ],
          [
            2.1862981018271,
            41.4421602447511
          ],
          [
            2.18629513272477,
            41.4422101430229
          ],
          [
            2.18628503950507,
            41.4423186654339
          ],
          [
            2.18627434888511,
            41.4424414784331
          ],
          [
            2.18647378370625,
            41.4430636988616
          ],
          [
            2.18674348560358,
            41.4439051429751
          ],
          [
            2.18734769259808,
            41.4457901089423
          ],
          [
            2.1876181790439,
            41.4468575528048
          ],
          [
            2.18768904018872,
            41.4469630525002
          ],
          [
            2.18772203204564,
            41.4470121686387
          ],
          [
            2.18819356960855,
            41.4485736639335
          ],
          [
            2.1882956971564,
            41.4488661798774
          ],
          [
            2.18838979199558,
            41.4491356611253
          ],
          [
            2.18845451414996,
            41.4493546917716
          ],
          [
            2.18860932379952,
            41.4499700538691
          ],
          [
            2.18877556194462,
            41.4507947388712
          ],
          [
            2.18882602849972,
            41.4513003483119
          ],
          [
            2.18884120024045,
            41.4514347740189
          ],
          [
            2.18889442318098,
            41.4520200735145
          ],
          [
            2.18890952053791,
            41.4526039243567
          ],
          [
            2.18891285822631,
            41.4526945535985
          ],
          [
            2.18884278799802,
            41.4532741022702
          ],
          [
            2.18875948728603,
            41.4537583851357
          ],
          [
            2.18853329880007,
            41.4545774486649
          ],
          [
            2.18842085018064,
            41.4549311252195
          ],
          [
            2.18859654718532,
            41.4549671953901
          ],
          [
            2.18872731254951,
            41.4549943916174
          ],
          [
            2.1886125257764,
            41.4553329824365
          ],
          [
            2.18854698539482,
            41.455517569022
          ],
          [
            2.18848398724546,
            41.4556758537909
          ],
          [
            2.18845022901394,
            41.4557570879721
          ],
          [
            2.18838589677779,
            41.4559090130417
          ],
          [
            2.18828318180299,
            41.4561192787513
          ],
          [
            2.18821143032926,
            41.4562525510716
          ],
          [
            2.18803467268839,
            41.4565376775326
          ],
          [
            2.18779991893803,
            41.4568522451513
          ],
          [
            2.1877186934287,
            41.4569452862097
          ],
          [
            2.18776705378712,
            41.4569798556214
          ],
          [
            2.18822287061062,
            41.4570977441457
          ],
          [
            2.18841641157213,
            41.457095532766
          ],
          [
            2.18884273336324,
            41.4573264702211
          ],
          [
            2.18862592335848,
            41.4575953271496
          ],
          [
            2.18843102028095,
            41.4577759752927
          ],
          [
            2.18822246400251,
            41.4581192098432
          ],
          [
            2.18805050906881,
            41.4584316805894
          ],
          [
            2.18794504463919,
            41.4587064916855
          ],
          [
            2.18776413227423,
            41.4592445075934
          ],
          [
            2.18766234753978,
            41.4598001686096
          ],
          [
            2.18758652988965,
            41.4602869078315
          ],
          [
            2.187497629933,
            41.4613337888497
          ],
          [
            2.18744126328142,
            41.4621174684219
          ],
          [
            2.18745446651313,
            41.4621264609386
          ],
          [
            2.18765468151657,
            41.4620674882197
          ],
          [
            2.18771948553551,
            41.4616008480034
          ],
          [
            2.1878465835793,
            41.4611625611783
          ],
          [
            2.18810993983514,
            41.4604863585316
          ],
          [
            2.18832153781463,
            41.4600601604524
          ],
          [
            2.18871669584454,
            41.459438443583
          ],
          [
            2.18913498468083,
            41.4588932621069
          ],
          [
            2.18965710740178,
            41.4583360464573
          ],
          [
            2.19004239943372,
            41.4579743986862
          ],
          [
            2.18995769566011,
            41.457927459534
          ],
          [
            2.19015948112052,
            41.4577043151645
          ],
          [
            2.19065978118744,
            41.4572907718173
          ],
          [
            2.19064576188075,
            41.4572607686164
          ],
          [
            2.1908205791115,
            41.4571243730969
          ],
          [
            2.19086727425984,
            41.4571446977756
          ],
          [
            2.19148728315041,
            41.4566638779321
          ],
          [
            2.19277840173358,
            41.4557116388225
          ],
          [
            2.19465032048308,
            41.4543752022492
          ],
          [
            2.19462331346701,
            41.4543458382622
          ],
          [
            2.19533432425336,
            41.4538530865718
          ],
          [
            2.19570877639189,
            41.4535792291472
          ],
          [
            2.19647151477663,
            41.4530234824375
          ],
          [
            2.19675165241847,
            41.4528620515439
          ],
          [
            2.197475562346,
            41.4523662778678
          ],
          [
            2.19806168296677,
            41.4519016243328
          ],
          [
            2.19891789236064,
            41.4512108872799
          ],
          [
            2.19947095847998,
            41.450764948068
          ],
          [
            2.20095196193149,
            41.4493153743204
          ],
          [
            2.20131905274106,
            41.449006066011
          ],
          [
            2.20198463505631,
            41.4483583266776
          ],
          [
            2.20215292790217,
            41.4481945308278
          ],
          [
            2.20281441025712,
            41.447524356652
          ],
          [
            2.20331662765854,
            41.4469967362772
          ],
          [
            2.20383542659874,
            41.4464516908228
          ],
          [
            2.20461257091758,
            41.4456239999876
          ],
          [
            2.20491313349922,
            41.4453010964572
          ],
          [
            2.20522986429261,
            41.4449714670795
          ],
          [
            2.20554205487787,
            41.444640850686
          ],
          [
            2.20624334753497,
            41.4438718310077
          ],
          [
            2.20679465617205,
            41.4431744007601
          ],
          [
            2.20726879109008,
            41.442447342358
          ],
          [
            2.2074468965657,
            41.4421741295539
          ],
          [
            2.20772761553877,
            41.4416475134268
          ],
          [
            2.20805450721727,
            41.4409448932904
          ],
          [
            2.20833408791661,
            41.4402065655473
          ],
          [
            2.20862322208167,
            41.439181622417
          ],
          [
            2.20905825183805,
            41.4376373469267
          ],
          [
            2.20931288364246,
            41.4367442138936
          ],
          [
            2.20925008122664,
            41.4365387457914
          ],
          [
            2.20971775075262,
            41.4352939461033
          ],
          [
            2.20970403574058,
            41.4352266382869
          ],
          [
            2.20969787847221,
            41.4351964390421
          ],
          [
            2.20998024617188,
            41.4346749082165
          ],
          [
            2.21015966704942,
            41.4343526181425
          ],
          [
            2.21060070964799,
            41.4334754695088
          ],
          [
            2.20936784830925,
            41.4332576407462
          ],
          [
            2.20865788625378,
            41.4331874412284
          ],
          [
            2.20840586559182,
            41.4331856367523
          ],
          [
            2.20805872663789,
            41.4331385725559
          ],
          [
            2.20750848712299,
            41.4329615009747
          ],
          [
            2.20712711230004,
            41.4328224482848
          ],
          [
            2.20703063545126,
            41.4328584983006
          ],
          [
            2.20652909981633,
            41.4326845948076
          ],
          [
            2.20633858126583,
            41.4326273903731
          ],
          [
            2.20621298415609,
            41.4325896840137
          ],
          [
            2.20620164053922,
            41.4324370463763
          ],
          [
            2.20631113176153,
            41.4318342019296
          ],
          [
            2.20649277453185,
            41.431098985442
          ],
          [
            2.20666932443065,
            41.4305990806013
          ],
          [
            2.2067409304939,
            41.4305854232285
          ],
          [
            2.20673563318758,
            41.4300664935043
          ],
          [
            2.20760602051541,
            41.4296411461756
          ],
          [
            2.207632007734,
            41.4295521600755
          ],
          [
            2.20723321076092,
            41.4290924569732
          ],
          [
            2.20726799256689,
            41.4284562015361
          ],
          [
            2.20732895201179,
            41.4281100767662
          ],
          [
            2.20733634946955,
            41.4279908237263
          ],
          [
            2.20732182728379,
            41.4278612503443
          ],
          [
            2.20722570973762,
            41.4276921128221
          ],
          [
            2.20720973701075,
            41.4275922991296
          ],
          [
            2.20719373931501,
            41.4275605096959
          ]
        ]
      ]
      }
    },
    {
      "type": "Feature",
      "geometry": {
        "type": "Polygon",
      "coordinates": [
        [
          [
            2.20719373931501,
            41.4275605096959
          ],
          [
            2.20715050244173,
            41.4274745869409
          ],
          [
            2.20711747275351,
            41.4273277538656
          ],
          [
            2.20705722303699,
            41.4271242564655
          ],
          [
            2.20702608044883,
            41.4270545493327
          ],
          [
            2.20700557131687,
            41.4270247104441
          ],
          [
            2.2068522214977,
            41.4268500171234
          ],
          [
            2.20684218212148,
            41.4268272491326
          ],
          [
            2.20681202280822,
            41.4267839856482
          ],
          [
            2.20645332457989,
            41.4263914634157
          ],
          [
            2.20633453266655,
            41.4260620069341
          ],
          [
            2.20628627820165,
            41.4259725813721
          ],
          [
            2.20615192248246,
            41.4258354891241
          ],
          [
            2.20605087226615,
            41.4255667209087
          ],
          [
            2.2061535439106,
            41.4255056015177
          ],
          [
            2.20623881767547,
            41.4255002805069
          ],
          [
            2.20636153633929,
            41.4254665647568
          ],
          [
            2.20645885482887,
            41.425441122835
          ],
          [
            2.2068816890204,
            41.4253114641568
          ],
          [
            2.20725337619049,
            41.4251352164063
          ],
          [
            2.20744669931012,
            41.4250081366834
          ],
          [
            2.20777147508404,
            41.4249862407235
          ],
          [
            2.20784789666179,
            41.4249992688928
          ],
          [
            2.20809950229752,
            41.4250513784354
          ],
          [
            2.20843468569979,
            41.4251757705545
          ],
          [
            2.20849116301796,
            41.4251489201963
          ],
          [
            2.20874629266169,
            41.4250832617744
          ],
          [
            2.20899782640966,
            41.4250200010932
          ],
          [
            2.20912123041159,
            41.4249256217401
          ],
          [
            2.2091507516836,
            41.4249465507156
          ],
          [
            2.20916394963232,
            41.4249388318819
          ],
          [
            2.20921074453481,
            41.4247856478463
          ],
          [
            2.209349597631,
            41.4244602424617
          ],
          [
            2.20941197388434,
            41.4242497336397
          ],
          [
            2.20959494343697,
            41.4241123647026
          ],
          [
            2.20962065485751,
            41.424127700785
          ],
          [
            2.20970050969141,
            41.4240686824537
          ],
          [
            2.20980465675341,
            41.4240147038268
          ],
          [
            2.20990300088736,
            41.4239823482728
          ],
          [
            2.21025437785739,
            41.4238247139649
          ],
          [
            2.21039446448127,
            41.4237546867683
          ],
          [
            2.21053795609451,
            41.4236613713884
          ],
          [
            2.21071572830009,
            41.4235289101181
          ],
          [
            2.21089336511325,
            41.4233502032372
          ],
          [
            2.21096775247219,
            41.4232661507858
          ],
          [
            2.21102736093345,
            41.4231741244808
          ],
          [
            2.21109423744293,
            41.4229580608849
          ],
          [
            2.21113176635863,
            41.4228026867517
          ],
          [
            2.21128416446996,
            41.4223367018488
          ],
          [
            2.21134630751617,
            41.4221715159379
          ],
          [
            2.21146795942786,
            41.4218481157665
          ],
          [
            2.21147711361486,
            41.4218194445863
          ],
          [
            2.21161784577428,
            41.4213786632685
          ],
          [
            2.21233984289653,
            41.420833202152
          ],
          [
            2.2126305902016,
            41.4207991337217
          ],
          [
            2.21280303614645,
            41.4207470785623
          ],
          [
            2.21289317167809,
            41.4207200958151
          ],
          [
            2.21320711341839,
            41.4205438211738
          ],
          [
            2.21374651869778,
            41.4202789925709
          ],
          [
            2.21391228349301,
            41.4201873382471
          ],
          [
            2.21394506819033,
            41.4201548738953
          ],
          [
            2.2139988567694,
            41.4201321278702
          ],
          [
            2.21438555515458,
            41.4198917629331
          ],
          [
            2.21454290121506,
            41.4197805940794
          ],
          [
            2.21503346517912,
            41.4194098764676
          ],
          [
            2.21511505973147,
            41.4193456057958
          ],
          [
            2.21525838749944,
            41.419232701029
          ],
          [
            2.21609704062181,
            41.4186003411084
          ],
          [
            2.2163321079108,
            41.4184507865102
          ],
          [
            2.216433223268,
            41.4183750280809
          ],
          [
            2.21653232606324,
            41.4182994360174
          ],
          [
            2.21662380179917,
            41.4182212158358
          ],
          [
            2.21674178826171,
            41.4181026422123
          ],
          [
            2.21685121440981,
            41.4179784255992
          ],
          [
            2.2171528195177,
            41.4175876868816
          ],
          [
            2.21742015207665,
            41.4172835916714
          ],
          [
            2.21774079153643,
            41.4169514753688
          ],
          [
            2.21798858555336,
            41.4166278078868
          ],
          [
            2.21816995886254,
            41.4164905223018
          ],
          [
            2.21823623084533,
            41.416447177828
          ],
          [
            2.21831835764096,
            41.4163608761234
          ],
          [
            2.21837562202463,
            41.4163132909423
          ],
          [
            2.21855426503553,
            41.4161850297307
          ],
          [
            2.21907888825798,
            41.4158727230967
          ],
          [
            2.21942398289991,
            41.4156005595913
          ],
          [
            2.2194735229709,
            41.4155413828913
          ],
          [
            2.21976643842399,
            41.4152456523376
          ],
          [
            2.21989869021354,
            41.41507591041
          ],
          [
            2.22014445683137,
            41.4146890999068
          ],
          [
            2.2203208828854,
            41.4144542982503
          ],
          [
            2.22053563299632,
            41.4142415448745
          ],
          [
            2.22081811402005,
            41.414011099319
          ],
          [
            2.22110915316117,
            41.4138714704865
          ],
          [
            2.2212891506877,
            41.4137419891028
          ],
          [
            2.22137243053102,
            41.4136336336061
          ],
          [
            2.22138719259268,
            41.4135707259799
          ],
          [
            2.22139552361863,
            41.4135263393191
          ],
          [
            2.22105452971726,
            41.4131528611497
          ],
          [
            2.22102348549552,
            41.4130912380195
          ],
          [
            2.22103530176366,
            41.4130716455791
          ],
          [
            2.22109700734241,
            41.4130274848811
          ],
          [
            2.22230298253259,
            41.4125198397081
          ],
          [
            2.22249230549208,
            41.4124416810616
          ],
          [
            2.22257951780505,
            41.4124056724275
          ],
          [
            2.22278397863678,
            41.4123212652113
          ],
          [
            2.22279454803506,
            41.4123168958526
          ],
          [
            2.22288029739942,
            41.4121605549292
          ],
          [
            2.22303435968738,
            41.4120912549865
          ],
          [
            2.22312576019183,
            41.4120501219037
          ],
          [
            2.22325069138825,
            41.4119874888441
          ],
          [
            2.22584130469618,
            41.4109350236647
          ],
          [
            2.22701660012102,
            41.4104575228075
          ],
          [
            2.22718806708471,
            41.4103878566993
          ],
          [
            2.22920292690727,
            41.4095692029421
          ],
          [
            2.22612921281336,
            41.4052813972818
          ],
          [
            2.22468744120059,
            41.4063487271074
          ],
          [
            2.22439900494689,
            41.4059123345207
          ],
          [
            2.22363594995856,
            41.4061984323407
          ],
          [
            2.22166334737834,
            41.4046271140756
          ],
          [
            2.22226020847364,
            41.4041850857826
          ],
          [
            2.22271018286877,
            41.4049217407978
          ],
          [
            2.22327615962315,
            41.4054269718763
          ],
          [
            2.22358899236055,
            41.4051804382144
          ],
          [
            2.22306655410869,
            41.4046980932517
          ],
          [
            2.22245845369141,
            41.4036963167675
          ],
          [
            2.22209489640312,
            41.4034018828457
          ],
          [
            2.22188521601486,
            41.4035711675784
          ],
          [
            2.2220146607728,
            41.4038031119163
          ],
          [
            2.22003615192907,
            41.4052716257379
          ],
          [
            2.21784952685232,
            41.4040508868513
          ],
          [
            2.21709028664308,
            41.403039804495
          ],
          [
            2.21847112977479,
            41.4021175281621
          ],
          [
            2.21825228725417,
            41.4019325776581
          ],
          [
            2.21682898159121,
            41.4028832155099
          ],
          [
            2.21589083184457,
            41.4021683452969
          ],
          [
            2.21425304146869,
            41.3999870910587
          ],
          [
            2.21570147867402,
            41.3989149281139
          ],
          [
            2.21530061538002,
            41.3986188043239
          ],
          [
            2.21419055049797,
            41.399440187591
          ],
          [
            2.21163674360191,
            41.3974938983358
          ],
          [
            2.21070424024381,
            41.396251741826
          ],
          [
            2.21202065449626,
            41.3952169654564
          ],
          [
            2.21146893678126,
            41.3948172992505
          ],
          [
            2.21127018220948,
            41.3946733039773
          ],
          [
            2.20971955006003,
            41.395886921424
          ],
          [
            2.20680306258357,
            41.3937738725936
          ],
          [
            2.20529836323717,
            41.3916318585415
          ],
          [
            2.20575789188117,
            41.391220934769
          ],
          [
            2.20634709159394,
            41.3907741161187
          ],
          [
            2.20630484949398,
            41.3907422265745
          ],
          [
            2.20575307545513,
            41.3903256162697
          ],
          [
            2.20499801109877,
            41.390904012902
          ],
          [
            2.20211319734584,
            41.3900031249822
          ],
          [
            2.20141228915179,
            41.388783583165
          ],
          [
            2.2027556785632,
            41.3877715453063
          ],
          [
            2.20298460195317,
            41.387943327229
          ],
          [
            2.20368494083187,
            41.3874170069344
          ],
          [
            2.20335856233486,
            41.386872640211
          ],
          [
            2.20303906076822,
            41.3864198997173
          ],
          [
            2.20260691550361,
            41.3858873102541
          ],
          [
            2.20220535646061,
            41.3854460332461
          ],
          [
            2.20171153676961,
            41.3849699857491
          ],
          [
            2.20120363019982,
            41.3845373898385
          ],
          [
            2.20078937348013,
            41.3842184592013
          ],
          [
            2.20011631960958,
            41.3838057988747
          ],
          [
            2.19956823256975,
            41.3835305935608
          ],
          [
            2.19914504515008,
            41.3838486079798
          ],
          [
            2.19989000487601,
            41.3841990901316
          ],
          [
            2.20002565496792,
            41.3841522115024
          ],
          [
            2.20039697622747,
            41.3843818072746
          ],
          [
            2.20070716814618,
            41.3846068521302
          ],
          [
            2.20120303874258,
            41.3850209733476
          ],
          [
            2.20189270065707,
            41.385675414549
          ],
          [
            2.20267582941412,
            41.3865918883757
          ],
          [
            2.20239502251169,
            41.3868034674215
          ],
          [
            2.2012848200656,
            41.3859679443149
          ],
          [
            2.20149017671292,
            41.3858125292262
          ],
          [
            2.20083482869403,
            41.3853186038516
          ],
          [
            2.200110702205,
            41.385864333149
          ],
          [
            2.20187736505478,
            41.3871937623382
          ],
          [
            2.20045638380239,
            41.3882654937135
          ],
          [
            2.20033763447551,
            41.3881768637682
          ],
          [
            2.20021953928877,
            41.3882653533238
          ],
          [
            2.19839545139225,
            41.3868936952617
          ],
          [
            2.19851327761034,
            41.3868037284503
          ],
          [
            2.19839539377643,
            41.3867151745728
          ],
          [
            2.19952513332805,
            41.3858628224966
          ],
          [
            2.20006279397576,
            41.3851783738302
          ],
          [
            2.19972296243723,
            41.384934944082
          ],
          [
            2.19640086602235,
            41.3874145531142
          ],
          [
            2.19590447675105,
            41.3875342030756
          ],
          [
            2.19577407326685,
            41.3878865768087
          ],
          [
            2.193630215746,
            41.3863331796941
          ],
          [
            2.19355652162118,
            41.3862891302446
          ],
          [
            2.19336228212284,
            41.3864211083386
          ],
          [
            2.19296538239948,
            41.3867294476751
          ],
          [
            2.19255671157136,
            41.3870347396072
          ],
          [
            2.18918385364168,
            41.3896185761839
          ],
          [
            2.18794242999744,
            41.3905695173204
          ],
          [
            2.18686574385426,
            41.3914084827225
          ],
          [
            2.18460019089288,
            41.3897550393906
          ],
          [
            2.18346004927912,
            41.3906109261717
          ],
          [
            2.18238963340248,
            41.3914259340105
          ],
          [
            2.1835265741019,
            41.3922586032565
          ],
          [
            2.18581735793703,
            41.393936610876
          ],
          [
            2.1867135151547,
            41.3945930161107
          ],
          [
            2.18673244373801,
            41.3949047558357
          ],
          [
            2.18676774891097,
            41.3954863412638
          ],
          [
            2.1867338317043,
            41.3966315063348
          ],
          [
            2.18675382181926,
            41.3966890343849
          ],
          [
            2.18682490041727,
            41.3968937096588
          ],
          [
            2.18682236323076,
            41.3982663015488
          ],
          [
            2.18681589820645,
            41.4017645201129
          ],
          [
            2.18681889371422,
            41.4022875440716
          ],
          [
            2.1865446278017,
            41.4022766264146
          ],
          [
            2.18594477475391,
            41.402439863839
          ],
          [
            2.18596297437029,
            41.4024654927465
          ],
          [
            2.18574889356752,
            41.4025439117257
          ],
          [
            2.1856942804212,
            41.4026408155864
          ],
          [
            2.18564190814181,
            41.4027297366032
          ],
          [
            2.18559321130956,
            41.402816512781
          ],
          [
            2.18548222594613,
            41.4030371142041
          ],
          [
            2.18545439732552,
            41.4031053203361
          ],
          [
            2.18542387163066,
            41.4031988725111
          ],
          [
            2.18552228752131,
            41.4033174048316
          ],
          [
            2.18561624556802,
            41.403659030396
          ],
          [
            2.18572566922894,
            41.4038302892395
          ],
          [
            2.18596014215056,
            41.404071168323
          ],
          [
            2.1844933313067,
            41.4051790706783
          ],
          [
            2.18336152856504,
            41.406032157333
          ],
          [
            2.1830864147991,
            41.4062435844966
          ],
          [
            2.18223984948142,
            41.4068941679401
          ],
          [
            2.18110995992179,
            41.4077492723416
          ],
          [
            2.180012604385,
            41.4085732240466
          ],
          [
            2.17892195106536,
            41.4094328375325
          ],
          [
            2.17883594269618,
            41.4094695152088
          ],
          [
            2.17771936359081,
            41.4103009099002
          ],
          [
            2.17714154020863,
            41.4107476429464
          ],
          [
            2.17658416396139,
            41.4111795938535
          ],
          [
            2.17601240433974,
            41.4116290757448
          ],
          [
            2.17541905593609,
            41.4120394067298
          ],
          [
            2.1766419057099,
            41.412949194358
          ],
          [
            2.17766239636648,
            41.413706927729
          ],
          [
            2.17883846170393,
            41.4145588449526
          ],
          [
            2.17900851795169,
            41.4146813614009
          ],
          [
            2.17954673795216,
            41.4150755550852
          ],
          [
            2.18022897831827,
            41.4155758890282
          ],
          [
            2.18044794817352,
            41.4158609583489
          ],
          [
            2.18070733124361,
            41.4160314603926
          ],
          [
            2.18107491305886,
            41.4163066507716
          ],
          [
            2.18218670200384,
            41.4171157863553
          ],
          [
            2.18334905339647,
            41.4179563185535
          ],
          [
            2.18441798769556,
            41.4171524831015
          ],
          [
            2.18478209146223,
            41.4168698216078
          ],
          [
            2.18510954340375,
            41.4166242896182
          ],
          [
            2.18550409918807,
            41.4163364458301
          ],
          [
            2.18565724005427,
            41.4162097578513
          ],
          [
            2.18686609898802,
            41.4152805138112
          ],
          [
            2.18688406778329,
            41.4152673636707
          ],
          [
            2.18753295762639,
            41.4147923675868
          ],
          [
            2.18787586784649,
            41.4145164103168
          ],
          [
            2.18896621818683,
            41.4136661143033
          ],
          [
            2.19012304127767,
            41.4145541441575
          ],
          [
            2.19093855290878,
            41.4151891132587
          ],
          [
            2.19118745519494,
            41.4153827664042
          ],
          [
            2.19206908007945,
            41.4147706909714
          ],
          [
            2.19236163212465,
            41.4145662647001
          ],
          [
            2.19239947589277,
            41.4146554700699
          ],
          [
            2.19318865056614,
            41.4169045422399
          ],
          [
            2.1933172605452,
            41.4171697499764
          ],
          [
            2.19403619226897,
            41.4189723449752
          ],
          [
            2.19454760502942,
            41.4205351996571
          ],
          [
            2.19498345842372,
            41.4217334501855
          ],
          [
            2.19518796217503,
            41.4223618272889
          ],
          [
            2.19544885092771,
            41.4223320162893
          ],
          [
            2.19553216592241,
            41.4224542083782
          ],
          [
            2.1956044679953,
            41.4226504459969
          ],
          [
            2.19560506393934,
            41.4226962531812
          ],
          [
            2.19589468773569,
            41.4244497167918
          ],
          [
            2.19653841274799,
            41.4265899634806
          ],
          [
            2.19634596465042,
            41.4267099690345
          ],
          [
            2.19642362739524,
            41.4270710080789
          ],
          [
            2.19657009814065,
            41.4274016315857
          ],
          [
            2.19700231846529,
            41.4282386123467
          ],
          [
            2.19712614624986,
            41.4284762912389
          ],
          [
            2.19732283959651,
            41.4288537874911
          ],
          [
            2.19758841209389,
            41.4291700262526
          ],
          [
            2.19777771466648,
            41.4293567460733
          ],
          [
            2.19799464088912,
            41.4295230489126
          ],
          [
            2.19854224393792,
            41.4298176680689
          ],
          [
            2.19926083915976,
            41.4300571592431
          ],
          [
            2.1996568043149,
            41.4301320171161
          ],
          [
            2.20014146200152,
            41.4301664067488
          ],
          [
            2.20082915786307,
            41.4301280813579
          ],
          [
            2.20121178524159,
            41.4300589109867
          ],
          [
            2.20187699237791,
            41.4298796275804
          ],
          [
            2.20229446663083,
            41.4297216112898
          ],
          [
            2.20277038022286,
            41.4295665202208
          ],
          [
            2.20346434181501,
            41.4292771572605
          ],
          [
            2.20352093772995,
            41.4292537960837
          ],
          [
            2.20520101187308,
            41.4284792878649
          ],
          [
            2.20557716327029,
            41.428305877811
          ],
          [
            2.20719373931501,
            41.4275605096959
          ]
        ]
      ]
      }
    },
    {
      "type": "Feature",
      "geometry": {
        "type": "Polygon",
      "coordinates": [
        [
          [
            2.16784694052978,
            41.3749844260121
          ],
          [
            2.16855608489255,
            41.3749500770447
          ],
          [
            2.16960799967343,
            41.3750013984929
          ],
          [
            2.17005161810029,
            41.3750162972266
          ],
          [
            2.17189943947304,
            41.3748905318563
          ],
          [
            2.17270719254343,
            41.3748303661315
          ],
          [
            2.17273057953212,
            41.374828741634
          ],
          [
            2.17321237102678,
            41.3747952256244
          ],
          [
            2.17518521183515,
            41.3746498488069
          ],
          [
            2.17638350576488,
            41.3743465207142
          ],
          [
            2.17560409801677,
            41.373390053328
          ],
          [
            2.17565952916439,
            41.3733602027773
          ],
          [
            2.17639251730756,
            41.3730234216191
          ],
          [
            2.17684063909481,
            41.3728175333502
          ],
          [
            2.17683774074936,
            41.3727163218387
          ],
          [
            2.17690009989655,
            41.3726793862259
          ],
          [
            2.17761433355046,
            41.3723599107928
          ],
          [
            2.17763492974264,
            41.37229776166
          ],
          [
            2.17745037191104,
            41.3720632201535
          ],
          [
            2.17712410193676,
            41.3720919383532
          ],
          [
            2.17681605471971,
            41.3698880032073
          ],
          [
            2.17716903401519,
            41.3698577382255
          ],
          [
            2.17708607349036,
            41.3693070001493
          ],
          [
            2.17673296471628,
            41.3693373360205
          ],
          [
            2.17645641456301,
            41.3674606253983
          ],
          [
            2.17677288180982,
            41.3674327847429
          ],
          [
            2.17658877155558,
            41.3671441004708
          ],
          [
            2.17964776521352,
            41.3660350409365
          ],
          [
            2.17979891990065,
            41.3662781056094
          ],
          [
            2.18087032824008,
            41.3658740945507
          ],
          [
            2.18053931751495,
            41.365372756954
          ],
          [
            2.18231778998098,
            41.364726674726
          ],
          [
            2.18235550705556,
            41.3647854105923
          ],
          [
            2.18280844106762,
            41.3648780884436
          ],
          [
            2.18269638764136,
            41.3651963321267
          ],
          [
            2.18320548094028,
            41.3653094037294
          ],
          [
            2.18333795862888,
            41.364874971719
          ],
          [
            2.18316732193232,
            41.3648372179224
          ],
          [
            2.18339096246955,
            41.3641676323648
          ],
          [
            2.1835421926383,
            41.3632739742327
          ],
          [
            2.18316341154291,
            41.3632030650565
          ],
          [
            2.17931957946752,
            41.357172419442
          ],
          [
            2.17737338161398,
            41.3541662997041
          ],
          [
            2.17608946752259,
            41.3520043649836
          ],
          [
            2.17609684808783,
            41.3515959870711
          ],
          [
            2.17594427540471,
            41.3513268749699
          ],
          [
            2.17544589655654,
            41.3507405535817
          ],
          [
            2.17528599514231,
            41.350289894337
          ],
          [
            2.17197352410577,
            41.3350043822843
          ],
          [
            2.17000010721348,
            41.3264651148913
          ],
          [
            2.17318636237454,
            41.3170864744942
          ],
          [
            2.17234276398488,
            41.3169235933875
          ],
          [
            2.16918556926328,
            41.3263367030455
          ],
          [
            2.17121400771691,
            41.3351145323281
          ],
          [
            2.16983039966911,
            41.3352808741455
          ],
          [
            2.17039327298215,
            41.3378640943833
          ],
          [
            2.16978877702962,
            41.3379367627902
          ],
          [
            2.17214469631952,
            41.3487738377722
          ],
          [
            2.17179023537059,
            41.3488176064243
          ],
          [
            2.17185055591762,
            41.3490788367282
          ],
          [
            2.17191453420391,
            41.3492305971111
          ],
          [
            2.17206539154223,
            41.3494701664121
          ],
          [
            2.17238837072453,
            41.3493517230377
          ],
          [
            2.17490803002466,
            41.3532439614174
          ],
          [
            2.17464226670901,
            41.3533383031654
          ],
          [
            2.17487850778893,
            41.3536831575539
          ],
          [
            2.17512770645396,
            41.3535857331398
          ],
          [
            2.17811193969772,
            41.3582093166557
          ],
          [
            2.1778024532658,
            41.3583321057276
          ],
          [
            2.17805348525458,
            41.3587232587939
          ],
          [
            2.17836742409405,
            41.3586058873487
          ],
          [
            2.1821475590935,
            41.364462580275
          ],
          [
            2.18036904935159,
            41.365109218116
          ],
          [
            2.17933944845986,
            41.3634954323799
          ],
          [
            2.17890905158326,
            41.3636561672085
          ],
          [
            2.17919651550962,
            41.3640988572685
          ],
          [
            2.17599198336516,
            41.3652622966513
          ],
          [
            2.17336378075857,
            41.3618158778861
          ],
          [
            2.17676823867997,
            41.3605578652897
          ],
          [
            2.1754534864292,
            41.3585295216403
          ],
          [
            2.17095463592923,
            41.360188836893
          ],
          [
            2.16996513834709,
            41.358657314189
          ],
          [
            2.17313171827703,
            41.3565298772121
          ],
          [
            2.16744074887259,
            41.3478725813814
          ],
          [
            2.1671946263142,
            41.3479686333477
          ],
          [
            2.16750682204289,
            41.3484364022505
          ],
          [
            2.16331120095642,
            41.351268067699
          ],
          [
            2.16313746512554,
            41.3512248931814
          ],
          [
            2.16255217591636,
            41.3518942705053
          ],
          [
            2.16146849747826,
            41.3513747193348
          ],
          [
            2.16161325813991,
            41.351203287111
          ],
          [
            2.16150050190311,
            41.35114881713
          ],
          [
            2.16594126517492,
            41.345889197388
          ],
          [
            2.16540925473915,
            41.3456341309616
          ],
          [
            2.16173734444722,
            41.3499831320743
          ],
          [
            2.16041849459992,
            41.3493507865856
          ],
          [
            2.16078589241324,
            41.3489060937695
          ],
          [
            2.1604184191335,
            41.3487309474437
          ],
          [
            2.16156936064848,
            41.3473657295496
          ],
          [
            2.15332214730979,
            41.3426524394931
          ],
          [
            2.15290478599854,
            41.342719593788
          ],
          [
            2.15314847276319,
            41.3444218739382
          ],
          [
            2.15278581626623,
            41.344450508201
          ],
          [
            2.15293739726437,
            41.3455518364302
          ],
          [
            2.15087718800783,
            41.3457469119081
          ],
          [
            2.15063161446471,
            41.3441315637515
          ],
          [
            2.14961971861539,
            41.336619558471
          ],
          [
            2.14566994887087,
            41.3365034776551
          ],
          [
            2.14568785072264,
            41.3362445339938
          ],
          [
            2.14533839253346,
            41.3363639132629
          ],
          [
            2.14435308633554,
            41.3347684054427
          ],
          [
            2.14735456447702,
            41.3337168050006
          ],
          [
            2.14592060067586,
            41.3313909571646
          ],
          [
            2.14616283546757,
            41.3313083428741
          ],
          [
            2.14597857746114,
            41.3310095728036
          ],
          [
            2.14851307110272,
            41.3301245772654
          ],
          [
            2.15572106118608,
            41.3418343432602
          ],
          [
            2.15922419558151,
            41.3434205608813
          ],
          [
            2.16069633568349,
            41.342848669092
          ],
          [
            2.16660682447122,
            41.3418837011784
          ],
          [
            2.16578077337519,
            41.34000240314
          ],
          [
            2.16496139014186,
            41.3401362003901
          ],
          [
            2.15917588679597,
            41.3269814901704
          ],
          [
            2.15849975212332,
            41.3269988914066
          ],
          [
            2.15884212348057,
            41.3277775510765
          ],
          [
            2.15463791698734,
            41.3278027183247
          ],
          [
            2.15445120656052,
            41.3271383967101
          ],
          [
            2.15382417906359,
            41.3271421331193
          ],
          [
            2.15368422282602,
            41.3266470734146
          ],
          [
            2.15340960642169,
            41.3259565584941
          ],
          [
            2.15314412508505,
            41.3251708995339
          ],
          [
            2.15291455968293,
            41.3243619310772
          ],
          [
            2.1524156298094,
            41.3231437639466
          ],
          [
            2.15292975229548,
            41.3229635473404
          ],
          [
            2.15252642299306,
            41.3222961967028
          ],
          [
            2.15196234737547,
            41.3224939329039
          ],
          [
            2.15102586998473,
            41.3209443175936
          ],
          [
            2.14087294161877,
            41.3215338362983
          ],
          [
            2.13231728592199,
            41.3212058893535
          ],
          [
            2.12845771906727,
            41.3216060892718
          ],
          [
            2.12678185188978,
            41.3218645886518
          ],
          [
            2.12399001099832,
            41.3223952766839
          ],
          [
            2.1206424527747,
            41.323092908165
          ],
          [
            2.1165087167271,
            41.3242279397805
          ],
          [
            2.1142029264174,
            41.3254347416284
          ],
          [
            2.11298817306728,
            41.3272959112266
          ],
          [
            2.11036936012474,
            41.3302250793614
          ],
          [
            2.11030389167687,
            41.3302237629782
          ],
          [
            2.10911180934596,
            41.3311896022258
          ],
          [
            2.10837621993743,
            41.3320274979294
          ],
          [
            2.10722420853045,
            41.333053572937
          ],
          [
            2.10601603783183,
            41.3340579333542
          ],
          [
            2.10371273327778,
            41.3353585892893
          ],
          [
            2.10320255021849,
            41.3355247531126
          ],
          [
            2.10230338902064,
            41.3359359973555
          ],
          [
            2.10146978536945,
            41.3364243464598
          ],
          [
            2.10260848581181,
            41.3369538987234
          ],
          [
            2.10351531347909,
            41.3372059851072
          ],
          [
            2.10585253517594,
            41.3380572380565
          ],
          [
            2.1075511380657,
            41.3386584725957
          ],
          [
            2.10793217609668,
            41.3387288102639
          ],
          [
            2.11124879413269,
            41.3398876859787
          ],
          [
            2.12638992972678,
            41.3449259379688
          ],
          [
            2.12726112838705,
            41.3453569619414
          ],
          [
            2.12690724922463,
            41.3458837270308
          ],
          [
            2.12828849971304,
            41.3467227515157
          ],
          [
            2.1286915541637,
            41.3461900669909
          ],
          [
            2.12888869874763,
            41.3462525936158
          ],
          [
            2.12893485929182,
            41.3461647856146
          ],
          [
            2.12952619258668,
            41.3463591361645
          ],
          [
            2.12948948364095,
            41.3464131113305
          ],
          [
            2.12985658457644,
            41.3465515124993
          ],
          [
            2.12994828404002,
            41.3464233519195
          ],
          [
            2.13035165544308,
            41.3465416864047
          ],
          [
            2.13040672380478,
            41.3464607277792
          ],
          [
            2.13079894579707,
            41.3467417253719
          ],
          [
            2.13196903824107,
            41.3474015545907
          ],
          [
            2.13253888463053,
            41.3478601990793
          ],
          [
            2.13285706743034,
            41.3478937073408
          ],
          [
            2.13310721103873,
            41.3477559730623
          ],
          [
            2.13384039135875,
            41.3481141268909
          ],
          [
            2.13342098382344,
            41.3485246266695
          ],
          [
            2.13486171843645,
            41.3491390015911
          ],
          [
            2.13523710706544,
            41.3486535653652
          ],
          [
            2.13695294249599,
            41.3493055593273
          ],
          [
            2.13701893263312,
            41.3493440207333
          ],
          [
            2.13717282322259,
            41.3494336911585
          ],
          [
            2.13623799318362,
            41.3502454810929
          ],
          [
            2.13555831822307,
            41.350959690099
          ],
          [
            2.13558796454635,
            41.3510211280569
          ],
          [
            2.13456413337593,
            41.3522635003497
          ],
          [
            2.13439732445892,
            41.352204904569
          ],
          [
            2.13389194851075,
            41.3528532709026
          ],
          [
            2.13381064048544,
            41.3530036352183
          ],
          [
            2.13374929981,
            41.3530932314948
          ],
          [
            2.13364888955385,
            41.3532398850113
          ],
          [
            2.13353315361845,
            41.3534686171642
          ],
          [
            2.13343002710316,
            41.3536911567891
          ],
          [
            2.13332074060981,
            41.353905786352
          ],
          [
            2.13322916967414,
            41.3540437776664
          ],
          [
            2.13200863430097,
            41.3556133947359
          ],
          [
            2.1322995211209,
            41.355699519188
          ],
          [
            2.13257520875607,
            41.3557968689465
          ],
          [
            2.13272725399823,
            41.3559091673403
          ],
          [
            2.1328366519425,
            41.3560597057886
          ],
          [
            2.13302874710372,
            41.3566146486057
          ],
          [
            2.133136662034,
            41.3570475896037
          ],
          [
            2.13319771498058,
            41.3574949231451
          ],
          [
            2.13320551348029,
            41.3578715518242
          ],
          [
            2.13317866598459,
            41.3583635857563
          ],
          [
            2.13320141175388,
            41.3586678340665
          ],
          [
            2.13320615373768,
            41.3587312739493
          ],
          [
            2.13322283816336,
            41.3590625893599
          ],
          [
            2.13325508299755,
            41.3592987489426
          ],
          [
            2.13327611978462,
            41.3595858609661
          ],
          [
            2.13329817778691,
            41.3597391464039
          ],
          [
            2.13335585373591,
            41.3599301262644
          ],
          [
            2.13345310134931,
            41.360089652221
          ],
          [
            2.13350809013842,
            41.3601433726753
          ],
          [
            2.13370373820735,
            41.3603160241214
          ],
          [
            2.13409878275504,
            41.3606430328258
          ],
          [
            2.13416885103087,
            41.3606875435222
          ],
          [
            2.13427234421855,
            41.3607611836644
          ],
          [
            2.13450957402516,
            41.36093052527
          ],
          [
            2.13514551778208,
            41.361404299091
          ],
          [
            2.13535588081556,
            41.3615262375992
          ],
          [
            2.13582390666717,
            41.3619374143821
          ],
          [
            2.13382190775701,
            41.3634649262908
          ],
          [
            2.13355430042969,
            41.3636736358271
          ],
          [
            2.13280379676138,
            41.3652453976173
          ],
          [
            2.13268723050426,
            41.3656627671795
          ],
          [
            2.13266914577696,
            41.3658299371318
          ],
          [
            2.13230543894973,
            41.3663567599105
          ],
          [
            2.13205453789013,
            41.3667215573195
          ],
          [
            2.13167543848631,
            41.3677942001477
          ],
          [
            2.13148033920783,
            41.368151229079
          ],
          [
            2.13145266920359,
            41.3682017238449
          ],
          [
            2.13144334291566,
            41.3682188038642
          ],
          [
            2.1313643822442,
            41.3685208076457
          ],
          [
            2.13128507889617,
            41.368520209445
          ],
          [
            2.13102007325147,
            41.3689474193702
          ],
          [
            2.13075227848585,
            41.3692793078239
          ],
          [
            2.13063428211051,
            41.3694574689745
          ],
          [
            2.13024340489134,
            41.369865855764
          ],
          [
            2.12997365216773,
            41.3700963386991
          ],
          [
            2.12995245798336,
            41.3701138333502
          ],
          [
            2.12950931039818,
            41.3704797394424
          ],
          [
            2.1295665506934,
            41.3705237235534
          ],
          [
            2.1293702828916,
            41.370664504931
          ],
          [
            2.12909318928511,
            41.3708540540553
          ],
          [
            2.12903562659282,
            41.3708342615168
          ],
          [
            2.12885436091779,
            41.3709393505072
          ],
          [
            2.12887310649876,
            41.3709782067033
          ],
          [
            2.12854249804101,
            41.3710845163518
          ],
          [
            2.12809854981191,
            41.3712530287286
          ],
          [
            2.12758078899417,
            41.3715394653343
          ],
          [
            2.12737945823938,
            41.3716343925957
          ],
          [
            2.1270959264764,
            41.3717680683778
          ],
          [
            2.12714686286933,
            41.3718023318054
          ],
          [
            2.12679261745599,
            41.3720385080143
          ],
          [
            2.12649193626116,
            41.372257092379
          ],
          [
            2.12642140238182,
            41.3722468832439
          ],
          [
            2.12632231976628,
            41.3723256320596
          ],
          [
            2.12617310496779,
            41.3724414086779
          ],
          [
            2.12537647182431,
            41.3729983407942
          ],
          [
            2.12505553196431,
            41.3731904835032
          ],
          [
            2.12496553002977,
            41.3732302614812
          ],
          [
            2.12434445977013,
            41.3735683581652
          ],
          [
            2.12427140790919,
            41.37361389419
          ],
          [
            2.12402561123124,
            41.3740509436784
          ],
          [
            2.123945239878,
            41.3740804534613
          ],
          [
            2.12373573939555,
            41.3743671725106
          ],
          [
            2.1237866349368,
            41.3744062831513
          ],
          [
            2.12345676421486,
            41.3747222069002
          ],
          [
            2.12331286506737,
            41.3748028638141
          ],
          [
            2.12227214642138,
            41.3753027084588
          ],
          [
            2.121896980478,
            41.3755881522278
          ],
          [
            2.12184415338907,
            41.3756491717177
          ],
          [
            2.12181968811059,
            41.3757300168608
          ],
          [
            2.12281352270084,
            41.3756821953028
          ],
          [
            2.1237282803516,
            41.3762590119498
          ],
          [
            2.12470869127754,
            41.3768726927406
          ],
          [
            2.12528267835043,
            41.3772122602438
          ],
          [
            2.12573814026642,
            41.3774818373689
          ],
          [
            2.12624526846703,
            41.3777907082254
          ],
          [
            2.12696514124415,
            41.3782254487446
          ],
          [
            2.12732125295804,
            41.3784035335343
          ],
          [
            2.12752094051006,
            41.3785075522857
          ],
          [
            2.12912269484387,
            41.3794242125469
          ],
          [
            2.12913926508313,
            41.3794335615654
          ],
          [
            2.12914165096576,
            41.3794349037147
          ],
          [
            2.12940903077012,
            41.3795857567818
          ],
          [
            2.12989588995986,
            41.3798215964152
          ],
          [
            2.13020402726514,
            41.3799708550006
          ],
          [
            2.13071395533671,
            41.3802017671555
          ],
          [
            2.13140977167173,
            41.3805242806571
          ],
          [
            2.13173135299325,
            41.3806496224993
          ],
          [
            2.1323922280555,
            41.3808258006094
          ],
          [
            2.13355336108677,
            41.3811421770109
          ],
          [
            2.13547685940723,
            41.3817984107443
          ],
          [
            2.13619046746059,
            41.3820474284442
          ],
          [
            2.13626786765484,
            41.3820828591248
          ],
          [
            2.13757302559343,
            41.3825766424432
          ],
          [
            2.13820647776325,
            41.38282071468
          ],
          [
            2.13905118685455,
            41.3832166805956
          ],
          [
            2.14024437735142,
            41.3838954485894
          ],
          [
            2.1403301718283,
            41.3839595020542
          ],
          [
            2.14172806493705,
            41.3849174124007
          ],
          [
            2.14218817731739,
            41.3852610458144
          ],
          [
            2.14237890028115,
            41.385364395491
          ],
          [
            2.14262795694306,
            41.3854720524219
          ],
          [
            2.1425360685885,
            41.3840689154772
          ],
          [
            2.14252399440603,
            41.3838844776525
          ],
          [
            2.14241932417459,
            41.3823903141202
          ],
          [
            2.14239912923132,
            41.382059272355
          ],
          [
            2.14232406136715,
            41.380841256268
          ],
          [
            2.14254490502895,
            41.3806524637916
          ],
          [
            2.14297390093612,
            41.3802857272323
          ],
          [
            2.14300014687476,
            41.3802632866461
          ],
          [
            2.14300781413845,
            41.3802549757142
          ],
          [
            2.14392438038291,
            41.3795414161798
          ],
          [
            2.1448824549049,
            41.378824590466
          ],
          [
            2.14527439198085,
            41.3785444475917
          ],
          [
            2.14577243958196,
            41.3781241497019
          ],
          [
            2.14595106661817,
            41.3779861821507
          ],
          [
            2.14708440508313,
            41.3771369206783
          ],
          [
            2.14825463052377,
            41.376259168638
          ],
          [
            2.14891686933962,
            41.3757624442423
          ],
          [
            2.14904807778527,
            41.3756907680949
          ],
          [
            2.14906688159497,
            41.3756784316054
          ],
          [
            2.14937796947664,
            41.3754743492257
          ],
          [
            2.14964238361348,
            41.3753666262619
          ],
          [
            2.14981636270137,
            41.3752942381902
          ],
          [
            2.15050985825956,
            41.3750057102719
          ],
          [
            2.15156605587596,
            41.3750097765185
          ],
          [
            2.1540135631631,
            41.3749999941853
          ],
          [
            2.15411892104742,
            41.374999570115
          ],
          [
            2.15437031986374,
            41.3750014164371
          ],
          [
            2.15584787280748,
            41.3750106354163
          ],
          [
            2.15612246063845,
            41.3750123416329
          ],
          [
            2.15640494302248,
            41.3750129610678
          ],
          [
            2.15770736554142,
            41.3750158469236
          ],
          [
            2.15842417505396,
            41.3750255642537
          ],
          [
            2.15934001991668,
            41.3750175081414
          ],
          [
            2.16046337694608,
            41.3750131465512
          ],
          [
            2.16073544360076,
            41.3750035369312
          ],
          [
            2.16092920692433,
            41.3750051380309
          ],
          [
            2.16163644015224,
            41.3750109824072
          ],
          [
            2.16214436130728,
            41.3750096437114
          ],
          [
            2.16308547534245,
            41.3750051734995
          ],
          [
            2.16339544792327,
            41.3750087498712
          ],
          [
            2.16404880829105,
            41.3750100085394
          ],
          [
            2.16524753626584,
            41.3750085973788
          ],
          [
            2.16545874777262,
            41.375010128165
          ],
          [
            2.16616327650058,
            41.3750152315469
          ],
          [
            2.16696253470031,
            41.3750225381715
          ],
          [
            2.16766578869747,
            41.3749944303413
          ],
          [
            2.16784038340884,
            41.3749847389319
          ],
          [
            2.16784574400921,
            41.3749844804188
          ],
          [
            2.16784694052978,
            41.3749844260121
          ]
        ]
      ]
      }
    },
    {
      "type": "Feature",
      "geometry": {
        "type": "MultiPolygon",
      "coordinates": [
        [
          [
            [
              2.07211519490333,
              41.4127036049898
            ],
            [
              2.07049806801378,
              41.4121770185871
            ],
            [
              2.07069492581768,
              41.4126359342119
            ],
            [
              2.07058447302473,
              41.4133257341512
            ],
            [
              2.07035053415548,
              41.4139475664376
            ],
            [
              2.07040465898908,
              41.4141873674944
            ],
            [
              2.0710930124045,
              41.4150340482085
            ],
            [
              2.07287922972183,
              41.4158359765876
            ],
            [
              2.07358211344122,
              41.4165780027124
            ],
            [
              2.07389692777261,
              41.417104516857
            ],
            [
              2.07394007469936,
              41.4175430132443
            ],
            [
              2.07396175687957,
              41.4175489343988
            ],
            [
              2.0741078433241,
              41.4172273634647
            ],
            [
              2.07402685907434,
              41.4169692882608
            ],
            [
              2.07519910563197,
              41.4160185794207
            ],
            [
              2.07518139991181,
              41.4160022868353
            ],
            [
              2.07441758454504,
              41.4152992331961
            ],
            [
              2.07401946587177,
              41.4150099371812
            ],
            [
              2.07211519490333,
              41.4127036049898
            ]
          ]
        ],
        [
          [
            [
              2.06028457608637,
              41.4338821655563
            ],
            [
              2.0604026312888,
              41.4338461357084
            ],
            [
              2.06069709652966,
              41.4338774885848
            ],
            [
              2.06114026560004,
              41.4339711688999
            ],
            [
              2.06263817209233,
              41.4344304856383
            ],
            [
              2.06317705066373,
              41.4324743621543
            ],
            [
              2.06311534449337,
              41.4323066011701
            ],
            [
              2.06393385932938,
              41.4323052159545
            ],
            [
              2.06436531330218,
              41.4323215859788
            ],
            [
              2.06482212478294,
              41.4323574632853
            ],
            [
              2.06587140458707,
              41.4322670627738
            ],
            [
              2.06857701069325,
              41.432051765653
            ],
            [
              2.06788295855393,
              41.4297752409822
            ],
            [
              2.0678164187746,
              41.4296460401111
            ],
            [
              2.06774694053448,
              41.4294235344807
            ],
            [
              2.06777659194504,
              41.4293192974345
            ],
            [
              2.06779799233394,
              41.4291408894534
            ],
            [
              2.06752496491533,
              41.4286577986992
            ],
            [
              2.06736791264168,
              41.4282834027427
            ],
            [
              2.06711156862822,
              41.4279789643636
            ],
            [
              2.06689482582408,
              41.4275944370576
            ],
            [
              2.06681860560598,
              41.427395998055
            ],
            [
              2.06686910746041,
              41.4271519457327
            ],
            [
              2.06700622313612,
              41.4268281770039
            ],
            [
              2.06717638131834,
              41.4262859573583
            ],
            [
              2.06971654451255,
              41.4257259195588
            ],
            [
              2.07128605519595,
              41.4229497990383
            ],
            [
              2.070506453876,
              41.4190387813777
            ],
            [
              2.07047933441158,
              41.4190323292713
            ],
            [
              2.06809136359067,
              41.4184633721553
            ],
            [
              2.06777103226793,
              41.4183768383886
            ],
            [
              2.06747643787689,
              41.418260391304
            ],
            [
              2.06718676255994,
              41.4181280491512
            ],
            [
              2.06684241597957,
              41.4181060727389
            ],
            [
              2.06499465440094,
              41.4181326233697
            ],
            [
              2.06422074951717,
              41.4178419344705
            ],
            [
              2.06492395214165,
              41.4165970092796
            ],
            [
              2.0647109173829,
              41.4155925517447
            ],
            [
              2.06420055528565,
              41.4140744235357
            ],
            [
              2.06205563993322,
              41.4134300326602
            ],
            [
              2.05887564062247,
              41.4125174423974
            ],
            [
              2.05943622040659,
              41.4122184813898
            ],
            [
              2.05969700741602,
              41.4120618012434
            ],
            [
              2.05988250052148,
              41.4119206830792
            ],
            [
              2.0600277735716,
              41.4117732643032
            ],
            [
              2.06013265521927,
              41.4116065369082
            ],
            [
              2.06020686541936,
              41.4114476207187
            ],
            [
              2.06039344101382,
              41.4112942784244
            ],
            [
              2.05805121240182,
              41.4099751834841
            ],
            [
              2.05465819208865,
              41.4139698571916
            ],
            [
              2.05519551630592,
              41.4143940780708
            ],
            [
              2.05559199434034,
              41.4147683478031
            ],
            [
              2.05601691840941,
              41.4153444450328
            ],
            [
              2.05646281610962,
              41.4158417893386
            ],
            [
              2.05689106067227,
              41.4164110288329
            ],
            [
              2.0569440015577,
              41.4167120499239
            ],
            [
              2.05705026943239,
              41.4174960905359
            ],
            [
              2.05714857690963,
              41.4179617517715
            ],
            [
              2.05722871161962,
              41.4182591581933
            ],
            [
              2.05723133235159,
              41.4183700972897
            ],
            [
              2.05720734773579,
              41.4184970769425
            ],
            [
              2.05698424512361,
              41.4188177340982
            ],
            [
              2.05690347905518,
              41.4190945737296
            ],
            [
              2.05667968495993,
              41.4195157566224
            ],
            [
              2.05656369763167,
              41.4202312218494
            ],
            [
              2.05641139556921,
              41.4204895950468
            ],
            [
              2.0563627804403,
              41.4206637787377
            ],
            [
              2.05636264159554,
              41.4207800816336
            ],
            [
              2.05641082498619,
              41.4209525726622
            ],
            [
              2.05645501985246,
              41.421038469507
            ],
            [
              2.05647537277329,
              41.4211379072777
            ],
            [
              2.05643975012016,
              41.4213561447456
            ],
            [
              2.05631377225107,
              41.4215689937449
            ],
            [
              2.05605574614947,
              41.4218318411358
            ],
            [
              2.05575738745205,
              41.4220667313296
            ],
            [
              2.05550180116375,
              41.422207078327
            ],
            [
              2.05527930576934,
              41.4222852207344
            ],
            [
              2.05489164813562,
              41.4223753559538
            ],
            [
              2.05461068724963,
              41.4225001259589
            ],
            [
              2.05454632508664,
              41.4225664415743
            ],
            [
              2.05450357709427,
              41.4226615152564
            ],
            [
              2.05450159777121,
              41.4227939262933
            ],
            [
              2.05398124108081,
              41.4227127730531
            ],
            [
              2.05382037774596,
              41.4229984098803
            ],
            [
              2.05359270615456,
              41.4232844970937
            ],
            [
              2.05337775780394,
              41.4235068077477
            ],
            [
              2.05318080687275,
              41.4236375973718
            ],
            [
              2.05309155896099,
              41.4236670562411
            ],
            [
              2.05289827390399,
              41.423677184949
            ],
            [
              2.05283191117026,
              41.4237055348163
            ],
            [
              2.05267987777859,
              41.4238177594993
            ],
            [
              2.05245125523829,
              41.4240781473759
            ],
            [
              2.05253561960195,
              41.4241303642314
            ],
            [
              2.05285906885843,
              41.4243793249568
            ],
            [
              2.05311877129339,
              41.4245622944661
            ],
            [
              2.05347638146663,
              41.4247187849037
            ],
            [
              2.05390471861353,
              41.4247929150745
            ],
            [
              2.05443276384633,
              41.4249226998874
            ],
            [
              2.05492442448717,
              41.425057011576
            ],
            [
              2.05653592350292,
              41.425623483907
            ],
            [
              2.05688008957691,
              41.4257613973642
            ],
            [
              2.05726766566057,
              41.4260009898594
            ],
            [
              2.05753520733804,
              41.4261189799442
            ],
            [
              2.05769633385549,
              41.4262071485471
            ],
            [
              2.05779670047164,
              41.4263591417141
            ],
            [
              2.05787083156368,
              41.426552750591
            ],
            [
              2.0578417121076,
              41.4270896793001
            ],
            [
              2.05790109264894,
              41.4275646135053
            ],
            [
              2.05796607746232,
              41.4277999509062
            ],
            [
              2.05829234881483,
              41.4286343660761
            ],
            [
              2.05832403997676,
              41.4287686467999
            ],
            [
              2.05832538749093,
              41.4291104355793
            ],
            [
              2.05828358108929,
              41.4296376134426
            ],
            [
              2.05756013930491,
              41.4345964933458
            ],
            [
              2.05760633519652,
              41.4361311766693
            ],
            [
              2.05971701388432,
              41.4361902574583
            ],
            [
              2.06003722973582,
              41.436215382062
            ],
            [
              2.06009701170218,
              41.4362190858256
            ],
            [
              2.06013157528042,
              41.4361936428438
            ],
            [
              2.06016195907311,
              41.4361617254255
            ],
            [
              2.06016288651439,
              41.4360973930307
            ],
            [
              2.06010067483849,
              41.4359650075437
            ],
            [
              2.06004031190513,
              41.4354080455449
            ],
            [
              2.05998177655848,
              41.4350215817679
            ],
            [
              2.05997977017215,
              41.4345680239159
            ],
            [
              2.06012661268301,
              41.4342040351452
            ],
            [
              2.06020212395796,
              41.433968342002
            ],
            [
              2.06028457608637,
              41.4338821655563
            ]
          ]
        ],
        [
          [
            [
              2.07260660753659,
              41.4353227455634
            ],
            [
              2.07283514967694,
              41.4350803412273
            ],
            [
              2.07329788187154,
              41.4351569371299
            ],
            [
              2.07420615020628,
              41.4353690917619
            ],
            [
              2.07459679460865,
              41.4355081005931
            ],
            [
              2.07481273914839,
              41.4353803455974
            ],
            [
              2.07522899364265,
              41.4343839654051
            ],
            [
              2.07494546212598,
              41.4336370167293
            ],
            [
              2.07492574033824,
              41.4334402442033
            ],
            [
              2.07493840854413,
              41.4333403455769
            ],
            [
              2.07516990287974,
              41.4330574628239
            ],
            [
              2.07539630973565,
              41.432925566224
            ],
            [
              2.07560359160346,
              41.4328889132466
            ],
            [
              2.0764343629692,
              41.4329091463177
            ],
            [
              2.07679160445518,
              41.4328173797305
            ],
            [
              2.07693295202688,
              41.4327568303179
            ],
            [
              2.07723478575839,
              41.4325003316195
            ],
            [
              2.07757040617832,
              41.4322851947183
            ],
            [
              2.07788582215366,
              41.4321182288451
            ],
            [
              2.07819654389132,
              41.432043604686
            ],
            [
              2.07957317200642,
              41.4319249574342
            ],
            [
              2.07977743609483,
              41.4319032971779
            ],
            [
              2.07996346211721,
              41.4318772302911
            ],
            [
              2.08013364808418,
              41.4317870657812
            ],
            [
              2.0802352117363,
              41.4316116018882
            ],
            [
              2.08025830512512,
              41.4314117854406
            ],
            [
              2.08022681652397,
              41.4312488236682
            ],
            [
              2.08021411837633,
              41.4311910926836
            ],
            [
              2.08016204861506,
              41.4310193283258
            ],
            [
              2.08017567441666,
              41.4309060877019
            ],
            [
              2.08031139767385,
              41.4307914986282
            ],
            [
              2.08051759064143,
              41.4307057735963
            ],
            [
              2.08084454129824,
              41.4306338750088
            ],
            [
              2.08109668300033,
              41.4306574876776
            ],
            [
              2.0812084591308,
              41.4306929683439
            ],
            [
              2.08122677469218,
              41.4307640480315
            ],
            [
              2.08114706826157,
              41.4310389761895
            ],
            [
              2.08113148108155,
              41.4312363126518
            ],
            [
              2.08118314285881,
              41.4313590819067
            ],
            [
              2.08136168435522,
              41.4314656864937
            ],
            [
              2.08142090566493,
              41.4315684384012
            ],
            [
              2.08146177626039,
              41.4316722508575
            ],
            [
              2.08151254422874,
              41.4317455350198
            ],
            [
              2.08167768526751,
              41.431853635521
            ],
            [
              2.08184797096624,
              41.4319160100705
            ],
            [
              2.08211510869514,
              41.431977463224
            ],
            [
              2.08233357265949,
              41.4319775114518
            ],
            [
              2.0824808755008,
              41.4319125800143
            ],
            [
              2.08259025215714,
              41.4318219271967
            ],
            [
              2.08268041698249,
              41.4316565396775
            ],
            [
              2.08268139452168,
              41.4315870551489
            ],
            [
              2.08266299865096,
              41.4315547340286
            ],
            [
              2.08249539278038,
              41.4313172325761
            ],
            [
              2.08247903602712,
              41.4312106073724
            ],
            [
              2.08256927081656,
              41.4308692242973
            ],
            [
              2.08264977632904,
              41.4307641996563
            ],
            [
              2.08286417617684,
              41.4307601881585
            ],
            [
              2.08310200591432,
              41.4307896813563
            ],
            [
              2.08352653757002,
              41.4309039522171
            ],
            [
              2.08366075207468,
              41.430920153073
            ],
            [
              2.0838454637514,
              41.430902140083
            ],
            [
              2.08395944682264,
              41.4308684135313
            ],
            [
              2.08404006157593,
              41.4308074261118
            ],
            [
              2.08409825790443,
              41.4307661306739
            ],
            [
              2.08411212266676,
              41.4307257075378
            ],
            [
              2.08410538323992,
              41.4306755185586
            ],
            [
              2.08406133718486,
              41.4306100624181
            ],
            [
              2.0838445623097,
              41.4304236761773
            ],
            [
              2.08375280938586,
              41.430309758586
            ],
            [
              2.08371856859134,
              41.4301844989418
            ],
            [
              2.0837487118397,
              41.4301099051052
            ],
            [
              2.08390057715004,
              41.4299847574131
            ],
            [
              2.08549022261481,
              41.429229539335
            ],
            [
              2.08559176682111,
              41.4291616822509
            ],
            [
              2.08562561484353,
              41.4291308123926
            ],
            [
              2.08568262400663,
              41.4289973156162
            ],
            [
              2.08575228383937,
              41.4289277999979
            ],
            [
              2.08582999509869,
              41.4289028900344
            ],
            [
              2.086264536994,
              41.4289240393779
            ],
            [
              2.08675339985929,
              41.4289171815305
            ],
            [
              2.08685500091306,
              41.4289058184062
            ],
            [
              2.08713057005029,
              41.4288158487569
            ],
            [
              2.08748460027258,
              41.428766151106
            ],
            [
              2.08754788232161,
              41.428735739162
            ],
            [
              2.08758522450838,
              41.4287048243564
            ],
            [
              2.08763233940313,
              41.4286101242695
            ],
            [
              2.08794146298455,
              41.4282977907929
            ],
            [
              2.08813518414503,
              41.4282023062496
            ],
            [
              2.08831163165641,
              41.4281678360739
            ],
            [
              2.0887681730435,
              41.4285122829373
            ],
            [
              2.08882440044764,
              41.4285849856221
            ],
            [
              2.08884405638867,
              41.4286292145742
            ],
            [
              2.0889663852369,
              41.4287386502192
            ],
            [
              2.08927232881416,
              41.4291703472315
            ],
            [
              2.08955374620378,
              41.4290582327259
            ],
            [
              2.08966517084093,
              41.429043585033
            ],
            [
              2.0899652533156,
              41.428893164361
            ],
            [
              2.09012903208984,
              41.4287760200934
            ],
            [
              2.09053335708387,
              41.4285987959307
            ],
            [
              2.09096234570724,
              41.4289461690321
            ],
            [
              2.09096763265284,
              41.4289326455792
            ],
            [
              2.09098309010832,
              41.4289510617332
            ],
            [
              2.09102570300094,
              41.429063946105
            ],
            [
              2.09103963906006,
              41.4291245410687
            ],
            [
              2.09108860298823,
              41.429165605228
            ],
            [
              2.09123449745228,
              41.4292006519482
            ],
            [
              2.0912476352204,
              41.4291888658377
            ],
            [
              2.0914102804698,
              41.4292199641891
            ],
            [
              2.09148007481659,
              41.4293551311245
            ],
            [
              2.09174499963685,
              41.4294671031993
            ],
            [
              2.09201415147857,
              41.4295205326487
            ],
            [
              2.09227061942682,
              41.4295927320384
            ],
            [
              2.09231387016832,
              41.4297218883842
            ],
            [
              2.09243501284148,
              41.4300787812563
            ],
            [
              2.09251442658917,
              41.4301980532017
            ],
            [
              2.09265342919314,
              41.4302693077289
            ],
            [
              2.09277475825236,
              41.4304211744662
            ],
            [
              2.09284010838105,
              41.4304829309759
            ],
            [
              2.09293446390478,
              41.4306853779132
            ],
            [
              2.09302756443173,
              41.4307345804145
            ],
            [
              2.09314300256753,
              41.4308290860435
            ],
            [
              2.09334763043139,
              41.4310131072909
            ],
            [
              2.09358135744107,
              41.4312098686081
            ],
            [
              2.09369810794233,
              41.4314064021984
            ],
            [
              2.09393067968609,
              41.4316787260658
            ],
            [
              2.09407391345033,
              41.4319333584619
            ],
            [
              2.0941622634332,
              41.4321119054163
            ],
            [
              2.09438276542905,
              41.4324021572487
            ],
            [
              2.09441418680811,
              41.4324596556556
            ],
            [
              2.09460782526781,
              41.432597037778
            ],
            [
              2.09467531694116,
              41.4327117197262
            ],
            [
              2.09492647202356,
              41.4327711439094
            ],
            [
              2.09520069570598,
              41.4328294067435
            ],
            [
              2.09533763605594,
              41.4328609910931
            ],
            [
              2.095373030742,
              41.4329220423645
            ],
            [
              2.09582740416079,
              41.4329859886754
            ],
            [
              2.09646196290896,
              41.4329286842924
            ],
            [
              2.09655234177649,
              41.4328464891814
            ],
            [
              2.09655795123902,
              41.4328009916261
            ],
            [
              2.09687281414243,
              41.4325185570099
            ],
            [
              2.09722533247503,
              41.4323939928331
            ],
            [
              2.09740321339064,
              41.4323091954623
            ],
            [
              2.0975924009201,
              41.4321909157382
            ],
            [
              2.09783416618946,
              41.4321297405183
            ],
            [
              2.09827175579132,
              41.4319704405247
            ],
            [
              2.09869806495733,
              41.43180102527
            ],
            [
              2.09878416862119,
              41.4317515909777
            ],
            [
              2.0988504754496,
              41.4316805459521
            ],
            [
              2.09890978744545,
              41.4316254523495
            ],
            [
              2.09892396471574,
              41.4315669609455
            ],
            [
              2.09871622719731,
              41.4308922812476
            ],
            [
              2.09901656242913,
              41.4303008438868
            ],
            [
              2.0990814420273,
              41.4302039001636
            ],
            [
              2.09909135416763,
              41.4301153715745
            ],
            [
              2.09933978095941,
              41.4301656672721
            ],
            [
              2.09947017409778,
              41.4301857650495
            ],
            [
              2.09957671059628,
              41.4301723305624
            ],
            [
              2.09998222995027,
              41.4300773114244
            ],
            [
              2.10028306606508,
              41.4299654485633
            ],
            [
              2.10052557958156,
              41.429913452065
            ],
            [
              2.10081721380599,
              41.4298386625796
            ],
            [
              2.10109817250713,
              41.4297429728093
            ],
            [
              2.10113176510251,
              41.4297292555501
            ],
            [
              2.10116825306128,
              41.4296956364329
            ],
            [
              2.10119663177958,
              41.429634715501
            ],
            [
              2.10141424906885,
              41.4293716856355
            ],
            [
              2.10154018031345,
              41.4292716770803
            ],
            [
              2.10165636977575,
              41.4291664040841
            ],
            [
              2.10194731177716,
              41.4288173838206
            ],
            [
              2.10205701827159,
              41.4286369828244
            ],
            [
              2.10226720456744,
              41.4285550689833
            ],
            [
              2.10238968424675,
              41.4284812802445
            ],
            [
              2.10240006945981,
              41.4284884590774
            ],
            [
              2.10251415086044,
              41.4284344120883
            ],
            [
              2.10267973363773,
              41.428433198719
            ],
            [
              2.10281210415445,
              41.4283746371331
            ],
            [
              2.10321808815377,
              41.4280732226421
            ],
            [
              2.10336243741904,
              41.428097351962
            ],
            [
              2.10382914591666,
              41.4282842602538
            ],
            [
              2.10402676959191,
              41.4284204686735
            ],
            [
              2.10540474622262,
              41.4288009309175
            ],
            [
              2.1055300762011,
              41.4287852409587
            ],
            [
              2.10557757644317,
              41.4287783499999
            ],
            [
              2.10573108046447,
              41.4287800288699
            ],
            [
              2.10574474537213,
              41.4287636423887
            ],
            [
              2.10576047921675,
              41.4287447498927
            ],
            [
              2.10664735137695,
              41.4286216397648
            ],
            [
              2.10735596244697,
              41.428621326378
            ],
            [
              2.10840154167714,
              41.4287177014779
            ],
            [
              2.10932679021043,
              41.4286121171266
            ],
            [
              2.10953293820676,
              41.4285886260549
            ],
            [
              2.11110556139182,
              41.4282897608974
            ],
            [
              2.11184659861066,
              41.4283424448043
            ],
            [
              2.11196245113505,
              41.4283906455808
            ],
            [
              2.11208623195746,
              41.4285281171073
            ],
            [
              2.11213203068841,
              41.4285714178062
            ],
            [
              2.11220381456351,
              41.428587293042
            ],
            [
              2.11230484136306,
              41.4286151214054
            ],
            [
              2.11239971372089,
              41.4286018372973
            ],
            [
              2.11244473523623,
              41.4285958611642
            ],
            [
              2.1129012403172,
              41.4283578539866
            ],
            [
              2.11297204281921,
              41.4283666863679
            ],
            [
              2.11330694963967,
              41.4284833905475
            ],
            [
              2.11401619148393,
              41.4282233653723
            ],
            [
              2.1140540346906,
              41.4282145320511
            ],
            [
              2.11415157553145,
              41.4281650841247
            ],
            [
              2.11417692841627,
              41.4281524075595
            ],
            [
              2.1142205585592,
              41.4281298823558
            ],
            [
              2.11435020138217,
              41.4280871846174
            ],
            [
              2.11452682030245,
              41.4280399389849
            ],
            [
              2.11472698931673,
              41.4279673200474
            ],
            [
              2.11499613803924,
              41.4279443216092
            ],
            [
              2.11506589759772,
              41.4279206368148
            ],
            [
              2.11514323881271,
              41.4278912184618
            ],
            [
              2.11521446945589,
              41.4278261376565
            ],
            [
              2.11533303176274,
              41.4276791104805
            ],
            [
              2.11535591896989,
              41.4276328980009
            ],
            [
              2.11542508177534,
              41.4275340592795
            ],
            [
              2.11558026045524,
              41.4271799617521
            ],
            [
              2.1157458099824,
              41.4269196841463
            ],
            [
              2.11596680133399,
              41.4267470601372
            ],
            [
              2.11656739691287,
              41.4265027765053
            ],
            [
              2.11669399720466,
              41.4264590439219
            ],
            [
              2.11676468616156,
              41.4264054514816
            ],
            [
              2.116825297729,
              41.4263784077096
            ],
            [
              2.11730936540646,
              41.4262432071633
            ],
            [
              2.11742906344419,
              41.4262407380144
            ],
            [
              2.11768444153139,
              41.4262663760083
            ],
            [
              2.11784411137692,
              41.4262568446575
            ],
            [
              2.11795431050716,
              41.4262240371506
            ],
            [
              2.11805189291508,
              41.4262126696988
            ],
            [
              2.11808382904506,
              41.4262015739616
            ],
            [
              2.11900670074134,
              41.4258809936468
            ],
            [
              2.11963232630405,
              41.4256490275047
            ],
            [
              2.11984008086793,
              41.4256234674977
            ],
            [
              2.12073591787152,
              41.4256807002611
            ],
            [
              2.12087523236649,
              41.4257126506835
            ],
            [
              2.120926042024,
              41.4257378541754
            ],
            [
              2.1210663965011,
              41.4257521486968
            ],
            [
              2.12115416656009,
              41.4258018913103
            ],
            [
              2.12125850751872,
              41.4257373747229
            ],
            [
              2.12132364052385,
              41.4256543547537
            ],
            [
              2.12134623134077,
              41.4255613721084
            ],
            [
              2.12133050878659,
              41.4254616747461
            ],
            [
              2.12122637074982,
              41.4252713541462
            ],
            [
              2.12052482401406,
              41.4241256538087
            ],
            [
              2.12044694731395,
              41.4238873522071
            ],
            [
              2.12044571926264,
              41.4236624897678
            ],
            [
              2.12053894245711,
              41.4230785731134
            ],
            [
              2.12053631207424,
              41.4229594654643
            ],
            [
              2.1204882805424,
              41.4228739510846
            ],
            [
              2.12046032021689,
              41.422758973506
            ],
            [
              2.12046648589138,
              41.4226664780155
            ],
            [
              2.1205219806494,
              41.4225632441519
            ],
            [
              2.12066794379452,
              41.4223163297578
            ],
            [
              2.12080490615497,
              41.422006420344
            ],
            [
              2.12089035604722,
              41.4218700964523
            ],
            [
              2.12099011009801,
              41.4217672092924
            ],
            [
              2.12115413324444,
              41.4216388891881
            ],
            [
              2.12140355392204,
              41.4213779552302
            ],
            [
              2.12149903666546,
              41.421226908176
            ],
            [
              2.12157062777624,
              41.4210238498417
            ],
            [
              2.12153293025234,
              41.4209014030697
            ],
            [
              2.12150392197341,
              41.4208641610795
            ],
            [
              2.12143065357814,
              41.4208265813458
            ],
            [
              2.12116129507023,
              41.4207129501974
            ],
            [
              2.12120978704236,
              41.420692287923
            ],
            [
              2.12120579080996,
              41.4206904649362
            ],
            [
              2.12126824495824,
              41.4206646848814
            ],
            [
              2.12126577643182,
              41.4206604955876
            ],
            [
              2.12143126803568,
              41.4205899330812
            ],
            [
              2.12154557636234,
              41.4205390484414
            ],
            [
              2.1215584398004,
              41.4205613139431
            ],
            [
              2.12182244462568,
              41.4204477352209
            ],
            [
              2.12195222403653,
              41.4203924914717
            ],
            [
              2.12205662033938,
              41.4203471603896
            ],
            [
              2.1225301840983,
              41.4201453374225
            ],
            [
              2.12287345873441,
              41.4199983121873
            ],
            [
              2.12300704799196,
              41.4199426008541
            ],
            [
              2.12428739946281,
              41.4193965139896
            ],
            [
              2.12439117073899,
              41.4193529324748
            ],
            [
              2.12472885273904,
              41.4192109573545
            ],
            [
              2.12484249568559,
              41.4191798627579
            ],
            [
              2.1249280613279,
              41.4191544275172
            ],
            [
              2.12515225630853,
              41.4190737310179
            ],
            [
              2.12519047035265,
              41.4190572584938
            ],
            [
              2.12524224191976,
              41.4190381326804
            ],
            [
              2.12531617767626,
              41.4190072133187
            ],
            [
              2.12542558111228,
              41.4189593680857
            ],
            [
              2.12586240573979,
              41.4187678179799
            ],
            [
              2.1264440975221,
              41.4185105660898
            ],
            [
              2.12679191180595,
              41.4183556459636
            ],
            [
              2.12804505383724,
              41.4177975738936
            ],
            [
              2.12816697747136,
              41.4177428851049
            ],
            [
              2.12878365823198,
              41.4174672227687
            ],
            [
              2.12879645551679,
              41.4174856227735
            ],
            [
              2.12888715018425,
              41.4174467932507
            ],
            [
              2.12891940837882,
              41.4174998390743
            ],
            [
              2.12875646301286,
              41.417664974051
            ],
            [
              2.12848192183405,
              41.4179124390503
            ],
            [
              2.12807207072259,
              41.4181361979508
            ],
            [
              2.12792987980209,
              41.418252335172
            ],
            [
              2.1278785894452,
              41.4183313474668
            ],
            [
              2.12788280612021,
              41.418391873535
            ],
            [
              2.12792730247691,
              41.4184451384322
            ],
            [
              2.12808148739371,
              41.4185597371705
            ],
            [
              2.12814054259974,
              41.4186509345773
            ],
            [
              2.12816454580561,
              41.4187342912573
            ],
            [
              2.12813339516013,
              41.418809682034
            ],
            [
              2.12791946885336,
              41.4190311406951
            ],
            [
              2.12774256520148,
              41.4191129755258
            ],
            [
              2.12757616677408,
              41.419160868499
            ],
            [
              2.12746496064795,
              41.4192129626469
            ],
            [
              2.12745274746866,
              41.419375454786
            ],
            [
              2.12758171767864,
              41.4194974203472
            ],
            [
              2.12785659380046,
              41.4196015934367
            ],
            [
              2.1280409098003,
              41.4197164204516
            ],
            [
              2.12816124566693,
              41.4197324552689
            ],
            [
              2.12832383284499,
              41.419697620444
            ],
            [
              2.12845184602235,
              41.41972479226
            ],
            [
              2.12868876698901,
              41.4199051043557
            ],
            [
              2.12877152447042,
              41.4199223403755
            ],
            [
              2.12885203481128,
              41.4199116091791
            ],
            [
              2.12890027887686,
              41.4198698553088
            ],
            [
              2.12900086844709,
              41.419674532876
            ],
            [
              2.12911760432257,
              41.4195846657465
            ],
            [
              2.12926903938661,
              41.419529100123
            ],
            [
              2.12934288302765,
              41.4195058788566
            ],
            [
              2.12939934802098,
              41.4194739420219
            ],
            [
              2.12946297792717,
              41.4194467071842
            ],
            [
              2.12950271797456,
              41.4194368742574
            ],
            [
              2.12954670419364,
              41.4194316672252
            ],
            [
              2.12959617372867,
              41.4194343291147
            ],
            [
              2.12964683120849,
              41.4194448184409
            ],
            [
              2.12969990381302,
              41.4194608475753
            ],
            [
              2.12975357144448,
              41.4194860958172
            ],
            [
              2.12979499724903,
              41.4195158453153
            ],
            [
              2.12983764383351,
              41.4195446852636
            ],
            [
              2.12986747585927,
              41.4195725185967
            ],
            [
              2.12990888211972,
              41.4196073300998
            ],
            [
              2.12994910616313,
              41.4196347825646
            ],
            [
              2.12999544656323,
              41.4196567416437
            ],
            [
              2.13004245700285,
              41.4196607629014
            ],
            [
              2.13008648191759,
              41.4196472780975
            ],
            [
              2.13012876943582,
              41.4196052445083
            ],
            [
              2.13013501011631,
              41.4195670910085
            ],
            [
              2.13012971721468,
              41.4195081422126
            ],
            [
              2.13010332562864,
              41.4193712635718
            ],
            [
              2.13005902725908,
              41.4191118381953
            ],
            [
              2.13022061064969,
              41.4186647484959
            ],
            [
              2.13051987112078,
              41.4183148980479
            ],
            [
              2.13127062762382,
              41.4182145112698
            ],
            [
              2.13213757002693,
              41.4185668278958
            ],
            [
              2.13230149615447,
              41.4185407077418
            ],
            [
              2.13419743859047,
              41.4177961195438
            ],
            [
              2.13517350644138,
              41.4169798034034
            ],
            [
              2.13627656733591,
              41.4159754458164
            ],
            [
              2.13605128663201,
              41.4153682734534
            ],
            [
              2.13631233861429,
              41.4151271563932
            ],
            [
              2.13713503320026,
              41.4143672843509
            ],
            [
              2.13766257424413,
              41.4141929517217
            ],
            [
              2.13784262427419,
              41.4140458118917
            ],
            [
              2.13786766313737,
              41.4140253452449
            ],
            [
              2.1398041596126,
              41.4125422643146
            ],
            [
              2.13993217863452,
              41.4124194219133
            ],
            [
              2.14019309619169,
              41.4122201075691
            ],
            [
              2.14068455967452,
              41.4118632432659
            ],
            [
              2.1408981451652,
              41.4117407230776
            ],
            [
              2.14093031170913,
              41.4117358288176
            ],
            [
              2.14097569036954,
              41.4117289073563
            ],
            [
              2.14100846634601,
              41.4117240716661
            ],
            [
              2.1419046733258,
              41.4116181968079
            ],
            [
              2.14276148974028,
              41.4115359275438
            ],
            [
              2.14310856812833,
              41.4115050573027
            ],
            [
              2.14451292094508,
              41.4113991054936
            ],
            [
              2.14499424040442,
              41.411325621677
            ],
            [
              2.1452083775569,
              41.4112086461569
            ],
            [
              2.14532766015436,
              41.411120609798
            ],
            [
              2.14534855156133,
              41.4110949764557
            ],
            [
              2.14568779828005,
              41.4106786642633
            ],
            [
              2.14578037772099,
              41.4104806461173
            ],
            [
              2.14594727786332,
              41.4101055516528
            ],
            [
              2.14628812659054,
              41.4096758373421
            ],
            [
              2.14668379319506,
              41.4091618759239
            ],
            [
              2.14716138049191,
              41.4085494555789
            ],
            [
              2.14741271683877,
              41.4082371808904
            ],
            [
              2.14758038312643,
              41.4080605694874
            ],
            [
              2.14804611430183,
              41.4076750551964
            ],
            [
              2.14865016885087,
              41.4071896509355
            ],
            [
              2.14858096256159,
              41.4071387153041
            ],
            [
              2.14836748246795,
              41.40697761395
            ],
            [
              2.1484938293979,
              41.406878141922
            ],
            [
              2.14838445264487,
              41.4068011837123
            ],
            [
              2.14844429972281,
              41.4067523824015
            ],
            [
              2.14847545336638,
              41.4067744559542
            ],
            [
              2.14848922489101,
              41.4067624697507
            ],
            [
              2.1485144430733,
              41.406759881936
            ],
            [
              2.14852073088553,
              41.4067648735448
            ],
            [
              2.14853157597336,
              41.4067561894581
            ],
            [
              2.14872519115663,
              41.4066011519878
            ],
            [
              2.14878812620643,
              41.406645789979
            ],
            [
              2.14893149346228,
              41.4065245460828
            ],
            [
              2.14899952702751,
              41.406568131738
            ],
            [
              2.14884916973019,
              41.4066997006728
            ],
            [
              2.14906555948039,
              41.4068312780861
            ],
            [
              2.14912453464472,
              41.4067915044868
            ],
            [
              2.14949959866685,
              41.4064801573683
            ],
            [
              2.14993456265318,
              41.4061238084584
            ],
            [
              2.15003166054259,
              41.4059429613044
            ],
            [
              2.1500509134766,
              41.4057874720277
            ],
            [
              2.14996749573924,
              41.4055793507075
            ],
            [
              2.14996090927194,
              41.4054236706783
            ],
            [
              2.15001536265803,
              41.4052100817237
            ],
            [
              2.15035385083397,
              41.4043501396899
            ],
            [
              2.15032226860949,
              41.4041294302686
            ],
            [
              2.15002583195064,
              41.4037446582014
            ],
            [
              2.14988619183356,
              41.4032248678051
            ],
            [
              2.14996908725625,
              41.4030419971518
            ],
            [
              2.15017107425166,
              41.4027748486006
            ],
            [
              2.15085419361262,
              41.4018727255077
            ],
            [
              2.15102604307786,
              41.4016705043508
            ],
            [
              2.15114921001474,
              41.4014703921075
            ],
            [
              2.15120628149567,
              41.401055801426
            ],
            [
              2.15115647289198,
              41.4007379740279
            ],
            [
              2.15116971851309,
              41.4005335294191
            ],
            [
              2.15164028038732,
              41.4000493944143
            ],
            [
              2.15202200895322,
              41.3996575606625
            ],
            [
              2.15310842843176,
              41.3985726041617
            ],
            [
              2.15322898746587,
              41.398461005111
            ],
            [
              2.15324323861166,
              41.3984478058301
            ],
            [
              2.15404409269717,
              41.3976726427032
            ],
            [
              2.15496197358314,
              41.3967342790565
            ],
            [
              2.15530726834799,
              41.3962910671389
            ],
            [
              2.15566090389752,
              41.3955910122109
            ],
            [
              2.15477158678293,
              41.3953663620479
            ],
            [
              2.15470086455755,
              41.3953490258919
            ],
            [
              2.15314367519332,
              41.3949671775429
            ],
            [
              2.15127266333942,
              41.3944921817984
            ],
            [
              2.14956713275199,
              41.3940595152023
            ],
            [
              2.14789400728439,
              41.3936257660584
            ],
            [
              2.14778996969056,
              41.3935987932959
            ],
            [
              2.14617957870571,
              41.3931964423107
            ],
            [
              2.14590388273995,
              41.39312822858
            ],
            [
              2.14557698536007,
              41.3930458798165
            ],
            [
              2.14492606348692,
              41.3928766430392
            ],
            [
              2.1449847113713,
              41.3926107805681
            ],
            [
              2.14483762620697,
              41.3924852405997
            ],
            [
              2.14477060165155,
              41.3924280405572
            ],
            [
              2.14437895408326,
              41.392383714564
            ],
            [
              2.14401566055635,
              41.3926127597018
            ],
            [
              2.14280893647669,
              41.3923184701883
            ],
            [
              2.14185317198693,
              41.3920925409924
            ],
            [
              2.13931294068621,
              41.3914800142868
            ],
            [
              2.13832303461152,
              41.3912526296107
            ],
            [
              2.13757505012931,
              41.3914002476423
            ],
            [
              2.13643191003109,
              41.3915830447813
            ],
            [
              2.13482928819406,
              41.391839303252
            ],
            [
              2.13248053566559,
              41.3921929483351
            ],
            [
              2.13173416816773,
              41.3923053211534
            ],
            [
              2.13062954029741,
              41.3924716149861
            ],
            [
              2.12994392092974,
              41.3925389469106
            ],
            [
              2.12976028720948,
              41.3925569794094
            ],
            [
              2.1295727459017,
              41.3925056242998
            ],
            [
              2.12938941185403,
              41.3924554266328
            ],
            [
              2.12704724902224,
              41.3918488556706
            ],
            [
              2.12559679569484,
              41.3914724970908
            ],
            [
              2.12387391232272,
              41.3910342018653
            ],
            [
              2.12319769262031,
              41.3908644425954
            ],
            [
              2.12311420417381,
              41.3908590598823
            ],
            [
              2.12300727726018,
              41.3908470402182
            ],
            [
              2.12255362895647,
              41.3907159749293
            ],
            [
              2.12178233059041,
              41.3904221880736
            ],
            [
              2.12090995626262,
              41.3900813258613
            ],
            [
              2.12079013933468,
              41.3903276580545
            ],
            [
              2.1206817650036,
              41.3905102773417
            ],
            [
              2.1206158595097,
              41.3906852402139
            ],
            [
              2.12049722184562,
              41.3908438479957
            ],
            [
              2.12038164235132,
              41.3909449841188
            ],
            [
              2.12003636647384,
              41.3912470968657
            ],
            [
              2.11988574746776,
              41.3913280851434
            ],
            [
              2.11981226222459,
              41.3913729933171
            ],
            [
              2.11955658236491,
              41.391482695611
            ],
            [
              2.11868453965767,
              41.3917472043071
            ],
            [
              2.11821716247316,
              41.3918473114819
            ],
            [
              2.1177593149695,
              41.3920272511876
            ],
            [
              2.11753476060565,
              41.3921850442874
            ],
            [
              2.11796346867974,
              41.3925950897278
            ],
            [
              2.1181375733654,
              41.3928187733896
            ],
            [
              2.1183299549283,
              41.3931001546488
            ],
            [
              2.11841815129084,
              41.3934507172195
            ],
            [
              2.11844061466952,
              41.3940806754609
            ],
            [
              2.11838500409633,
              41.3943757046166
            ],
            [
              2.11824743467078,
              41.3946234653226
            ],
            [
              2.1180897333033,
              41.3948321862984
            ],
            [
              2.11788019853195,
              41.3950560569065
            ],
            [
              2.11758870371702,
              41.3952326582402
            ],
            [
              2.11728729381783,
              41.3953780709279
            ],
            [
              2.11692447530934,
              41.3954841445368
            ],
            [
              2.11648969224308,
              41.3955663354218
            ],
            [
              2.11581015175838,
              41.3957696067501
            ],
            [
              2.11469318708834,
              41.3963752722281
            ],
            [
              2.11439071684646,
              41.3965415484874
            ],
            [
              2.11314720452962,
              41.3972472894796
            ],
            [
              2.11269113661756,
              41.3969949709545
            ],
            [
              2.11214564822288,
              41.3964853827411
            ],
            [
              2.11181833035186,
              41.3962573738361
            ],
            [
              2.11114151022367,
              41.3959139377641
            ],
            [
              2.11059563799103,
              41.395812531749
            ],
            [
              2.11047695601569,
              41.3958077237195
            ],
            [
              2.11027005271875,
              41.3958372280151
            ],
            [
              2.10983712849136,
              41.3961604395711
            ],
            [
              2.10958118263748,
              41.3967571525199
            ],
            [
              2.10935053168198,
              41.3970119470073
            ],
            [
              2.10933668384329,
              41.3971378817034
            ],
            [
              2.10933203126652,
              41.3971816671541
            ],
            [
              2.10931745007401,
              41.3972087840059
            ],
            [
              2.10928961740443,
              41.3972444635529
            ],
            [
              2.10926446279184,
              41.397267976676
            ],
            [
              2.10924314324259,
              41.3972839531704
            ],
            [
              2.10921994288516,
              41.3972983748296
            ],
            [
              2.10914952720825,
              41.3973425972776
            ],
            [
              2.10905137266538,
              41.3974173566188
            ],
            [
              2.10902435155206,
              41.3974426387289
            ],
            [
              2.10901106926082,
              41.3974587134013
            ],
            [
              2.10900297405768,
              41.3974672348972
            ],
            [
              2.10895279202425,
              41.3975539940302
            ],
            [
              2.10894855941084,
              41.3975661123789
            ],
            [
              2.10894816006128,
              41.3975760895867
            ],
            [
              2.1089503459514,
              41.3975868434299
            ],
            [
              2.10895950536981,
              41.3976020198706
            ],
            [
              2.10897227502475,
              41.3976331494893
            ],
            [
              2.1089713822079,
              41.3976608766399
            ],
            [
              2.1089572956626,
              41.3976894204543
            ],
            [
              2.10889562262521,
              41.3977871968681
            ],
            [
              2.1088780585987,
              41.3978294952176
            ],
            [
              2.10879105206992,
              41.3980094039542
            ],
            [
              2.10877527521408,
              41.3980460864385
            ],
            [
              2.10871246625057,
              41.3981954758706
            ],
            [
              2.10870355029015,
              41.3982492085822
            ],
            [
              2.10871168312219,
              41.3982791223526
            ],
            [
              2.10872526716053,
              41.3982917839408
            ],
            [
              2.10875001711612,
              41.3983110984153
            ],
            [
              2.10865123257409,
              41.3984502560614
            ],
            [
              2.10842722047308,
              41.3985650966152
            ],
            [
              2.1083506957313,
              41.398606271763
            ],
            [
              2.10833435153902,
              41.3986143960531
            ],
            [
              2.10830488866777,
              41.398631840579
            ],
            [
              2.10828726299136,
              41.3986435759482
            ],
            [
              2.10827274002266,
              41.3986567405118
            ],
            [
              2.10825727030197,
              41.3986831657703
            ],
            [
              2.10818789365638,
              41.3988385660698
            ],
            [
              2.10776566614732,
              41.399230291328
            ],
            [
              2.10774183756279,
              41.3992433386759
            ],
            [
              2.10771165320092,
              41.3992540218412
            ],
            [
              2.10765516979761,
              41.3992633212047
            ],
            [
              2.10761315523769,
              41.3992765608611
            ],
            [
              2.10753786263389,
              41.3992983879215
            ],
            [
              2.1075125144544,
              41.3993088292873
            ],
            [
              2.10746862401174,
              41.399329773766
            ],
            [
              2.10740327132234,
              41.3993682965994
            ],
            [
              2.10736584231683,
              41.3993882462599
            ],
            [
              2.10734004971431,
              41.3994023141588
            ],
            [
              2.10731711935363,
              41.3994170257591
            ],
            [
              2.10730490191344,
              41.3994330274156
            ],
            [
              2.10729366862567,
              41.3994557923155
            ],
            [
              2.10727990796738,
              41.3994761686501
            ],
            [
              2.10726667894397,
              41.3994987829615
            ],
            [
              2.10723798931313,
              41.3995479845928
            ],
            [
              2.10722527122456,
              41.3995673511582
            ],
            [
              2.10721984688501,
              41.3996000963477
            ],
            [
              2.10721353809058,
              41.3996222869131
            ],
            [
              2.10720454834401,
              41.3996384486973
            ],
            [
              2.10719298502144,
              41.3996547256377
            ],
            [
              2.10717438934958,
              41.3996734971657
            ],
            [
              2.10715183395472,
              41.3997123877309
            ],
            [
              2.10713294728415,
              41.3997436864078
            ],
            [
              2.10710730705318,
              41.399768465335
            ],
            [
              2.10709569248122,
              41.399791983886
            ],
            [
              2.10707762216399,
              41.399809075072
            ],
            [
              2.10706003812721,
              41.3998212249168
            ],
            [
              2.10700615729843,
              41.3998492346748
            ],
            [
              2.1069794569093,
              41.3998588097231
            ],
            [
              2.10696309027143,
              41.3998659157956
            ],
            [
              2.10695305534383,
              41.3998719000021
            ],
            [
              2.10690503781445,
              41.3999006667796
            ],
            [
              2.10682227448557,
              41.3999394685747
            ],
            [
              2.10680524442615,
              41.3999522171714
            ],
            [
              2.10678982191515,
              41.3999672571299
            ],
            [
              2.10675882560586,
              41.3999874096183
            ],
            [
              2.10674414738345,
              41.3999996360017
            ],
            [
              2.10673149746659,
              41.4000148776113
            ],
            [
              2.10671061504935,
              41.4000337664344
            ],
            [
              2.10668955945099,
              41.400047825898
            ],
            [
              2.10665987301831,
              41.4000631695174
            ],
            [
              2.10660692846958,
              41.4000821788658
            ],
            [
              2.10656329460136,
              41.4001079169672
            ],
            [
              2.10653804904182,
              41.4001178184629
            ],
            [
              2.10652405033252,
              41.4001284647733
            ],
            [
              2.10648106484757,
              41.400136544197
            ],
            [
              2.10646759562109,
              41.4001417180586
            ],
            [
              2.10644136363556,
              41.4001520172148
            ],
            [
              2.10639701725466,
              41.4001747412232
            ],
            [
              2.10636039370705,
              41.4001899768813
            ],
            [
              2.1063313865907,
              41.4001985070218
            ],
            [
              2.10627677818526,
              41.4002132067332
            ],
            [
              2.10604678080498,
              41.4003031174646
            ],
            [
              2.10602909037961,
              41.4003195178566
            ],
            [
              2.1060122502309,
              41.40032886298
            ],
            [
              2.10596527167822,
              41.4003454773245
            ],
            [
              2.10594520939437,
              41.4003551216886
            ],
            [
              2.10592316483722,
              41.4003575176469
            ],
            [
              2.10590739162308,
              41.4003605838157
            ],
            [
              2.10588245415648,
              41.4003706857236
            ],
            [
              2.10583074792742,
              41.4003961987248
            ],
            [
              2.10580638643914,
              41.4004070437028
            ],
            [
              2.10572572189563,
              41.4004296475308
            ],
            [
              2.10570514398047,
              41.4004376304709
            ],
            [
              2.10568436615262,
              41.4004471070969
            ],
            [
              2.10566446825834,
              41.4004473668902
            ],
            [
              2.10564501593782,
              41.4004439190577
            ],
            [
              2.10562894726806,
              41.4004423530464
            ],
            [
              2.10560962301558,
              41.4004452744938
            ],
            [
              2.10559039872222,
              41.4004531238082
            ],
            [
              2.10557220546197,
              41.4004616837122
            ],
            [
              2.105552336172,
              41.4004738245796
            ],
            [
              2.10553250937705,
              41.4004898479992
            ],
            [
              2.10551489888642,
              41.400510005053
            ],
            [
              2.10550173752528,
              41.4005284942536
            ],
            [
              2.10547840650443,
              41.4005697654396
            ],
            [
              2.10545992157001,
              41.4005873845882
            ],
            [
              2.10544156958293,
              41.4006031582326
            ],
            [
              2.10542130143879,
              41.4006138457732
            ],
            [
              2.10535006428856,
              41.4006363784612
            ],
            [
              2.10531787367985,
              41.4006449826912
            ],
            [
              2.10491344770001,
              41.4006820849023
            ],
            [
              2.1045888739626,
              41.4007689064915
            ],
            [
              2.10439769931011,
              41.4008295262302
            ],
            [
              2.10399916417659,
              41.4009559081742
            ],
            [
              2.10383824419395,
              41.4010051067277
            ],
            [
              2.10377372049943,
              41.4010230518342
            ],
            [
              2.10368479298884,
              41.4010461663871
            ],
            [
              2.10360932021582,
              41.4010651881325
            ],
            [
              2.10351597386498,
              41.401086007275
            ],
            [
              2.10341818294221,
              41.4011020537967
            ],
            [
              2.10332883234675,
              41.4011141486284
            ],
            [
              2.10321927551674,
              41.4011010362068
            ],
            [
              2.1031796354858,
              41.4010954130466
            ],
            [
              2.10314862017698,
              41.4010889653118
            ],
            [
              2.10311966192154,
              41.401087784954
            ],
            [
              2.1030888005891,
              41.4010901567275
            ],
            [
              2.10306216072194,
              41.4010935071633
            ],
            [
              2.10300892919178,
              41.4011027935394
            ],
            [
              2.10297710381702,
              41.401103932755
            ],
            [
              2.10294713236328,
              41.4011007447993
            ],
            [
              2.10291372546749,
              41.4010942243236
            ],
            [
              2.10304032610607,
              41.4013487442221
            ],
            [
              2.10313006028621,
              41.4016317827377
            ],
            [
              2.10317826607837,
              41.4020370805232
            ],
            [
              2.10327670614214,
              41.4023091525406
            ],
            [
              2.10346651738762,
              41.4025859713088
            ],
            [
              2.10369625650786,
              41.4029896556665
            ],
            [
              2.10376848833192,
              41.4032129278565
            ],
            [
              2.1038158817952,
              41.4034825753334
            ],
            [
              2.10381492275788,
              41.4037353987835
            ],
            [
              2.1036490411585,
              41.4041767349947
            ],
            [
              2.10348650387198,
              41.404458916835
            ],
            [
              2.10340472917791,
              41.4045392663053
            ],
            [
              2.1031723993894,
              41.404616416445
            ],
            [
              2.10294366914769,
              41.4047171397014
            ],
            [
              2.10271801523357,
              41.4048072486442
            ],
            [
              2.10236856176344,
              41.4048946175834
            ],
            [
              2.10195328379873,
              41.4049784365458
            ],
            [
              2.10189295934021,
              41.4050630055959
            ],
            [
              2.10182168559806,
              41.4051616489513
            ],
            [
              2.10173526606061,
              41.4053836846002
            ],
            [
              2.10172355843149,
              41.4059413811329
            ],
            [
              2.1016614101846,
              41.4063539249627
            ],
            [
              2.10154619690547,
              41.4065190427219
            ],
            [
              2.10140718841272,
              41.4066536104608
            ],
            [
              2.10137840068684,
              41.4067910560003
            ],
            [
              2.10133642068324,
              41.4072027481578
            ],
            [
              2.10133362709364,
              41.4072613920197
            ],
            [
              2.10129718449684,
              41.4073178456401
            ],
            [
              2.10121930945815,
              41.4074073395035
            ],
            [
              2.10086120443119,
              41.4078297141876
            ],
            [
              2.10057967499212,
              41.4083539118818
            ],
            [
              2.10016480333532,
              41.4084073632757
            ],
            [
              2.09901381505038,
              41.4088261538704
            ],
            [
              2.09881493642457,
              41.408883731431
            ],
            [
              2.09818081971143,
              41.4090387120003
            ],
            [
              2.09779398115698,
              41.4091055343035
            ],
            [
              2.09752518426585,
              41.4090953209776
            ],
            [
              2.09735914897349,
              41.4090454331355
            ],
            [
              2.0972144392604,
              41.4089684016267
            ],
            [
              2.09709086567668,
              41.4088044244627
            ],
            [
              2.0968992970564,
              41.4084607552928
            ],
            [
              2.09666315400384,
              41.4082301220984
            ],
            [
              2.09619792269164,
              41.4079379708156
            ],
            [
              2.09548733952859,
              41.407788640461
            ],
            [
              2.0940374792269,
              41.4080080576103
            ],
            [
              2.09300521752119,
              41.4081720272004
            ],
            [
              2.09248818140932,
              41.4082226103547
            ],
            [
              2.09181644999835,
              41.4081808785408
            ],
            [
              2.09147956286406,
              41.4081367233034
            ],
            [
              2.09142618652672,
              41.4081464264999
            ],
            [
              2.09071118170113,
              41.4082764253988
            ],
            [
              2.08979952465295,
              41.4083714656977
            ],
            [
              2.08916975329671,
              41.4084968323861
            ],
            [
              2.08868597033211,
              41.4085792867074
            ],
            [
              2.08780392274103,
              41.4088648642684
            ],
            [
              2.08748509594602,
              41.408971670429
            ],
            [
              2.08719474867258,
              41.4091576609312
            ],
            [
              2.08691709809181,
              41.4093963819975
            ],
            [
              2.08659060723922,
              41.4095623579626
            ],
            [
              2.08637694079205,
              41.409624948932
            ],
            [
              2.08598234234011,
              41.4096612606969
            ],
            [
              2.08557399808619,
              41.4096393728033
            ],
            [
              2.08538366074957,
              41.4096123788266
            ],
            [
              2.08519020984815,
              41.4095173174168
            ],
            [
              2.08502978192069,
              41.4094512519275
            ],
            [
              2.08464520593086,
              41.4091637393679
            ],
            [
              2.08445400815613,
              41.4089901225219
            ],
            [
              2.08421704347426,
              41.4088201946929
            ],
            [
              2.08313338491739,
              41.4079500962371
            ],
            [
              2.08264773082726,
              41.4074751553208
            ],
            [
              2.08252282019221,
              41.4072882459158
            ],
            [
              2.08259183210269,
              41.4071612501069
            ],
            [
              2.08237529405188,
              41.4070233406256
            ],
            [
              2.08212783925366,
              41.406882202795
            ],
            [
              2.08128367803667,
              41.4064826903362
            ],
            [
              2.08113508496946,
              41.406435953787
            ],
            [
              2.08097226217232,
              41.4063496237347
            ],
            [
              2.08090392057427,
              41.406237718884
            ],
            [
              2.08081367124475,
              41.4061539855919
            ],
            [
              2.08045075291547,
              41.4059547068439
            ],
            [
              2.08041155612513,
              41.4058734076438
            ],
            [
              2.08047933963411,
              41.4051663493318
            ],
            [
              2.08043486371988,
              41.4049918977619
            ],
            [
              2.08039042273854,
              41.4047971526209
            ],
            [
              2.08018500668687,
              41.4044897982312
            ],
            [
              2.07986225695451,
              41.4042068168136
            ],
            [
              2.07947675175681,
              41.4038939684121
            ],
            [
              2.07900310358966,
              41.4034437523251
            ],
            [
              2.07884597638968,
              41.4033351893272
            ],
            [
              2.07869115306003,
              41.4032549910609
            ],
            [
              2.07842613306594,
              41.403169857242
            ],
            [
              2.07822985556192,
              41.4029779761801
            ],
            [
              2.07806936496353,
              41.4029179805
            ],
            [
              2.0778854289651,
              41.4028993032555
            ],
            [
              2.0777306056346,
              41.4029132407793
            ],
            [
              2.0768740310513,
              41.4031118816837
            ],
            [
              2.07640788458003,
              41.4031790050977
            ],
            [
              2.07585085580336,
              41.4032069262764
            ],
            [
              2.07560252781048,
              41.4031776041203
            ],
            [
              2.07534269450153,
              41.4031066735997
            ],
            [
              2.07504047736756,
              41.4029908690719
            ],
            [
              2.07480836812584,
              41.4028614493742
            ],
            [
              2.07456285860822,
              41.4031085058178
            ],
            [
              2.07411994156848,
              41.4034329338912
            ],
            [
              2.07366029267869,
              41.4037035861372
            ],
            [
              2.07293400109254,
              41.4035317147041
            ],
            [
              2.07215338776843,
              41.4038706378241
            ],
            [
              2.07157069480518,
              41.4045684779903
            ],
            [
              2.07092934180264,
              41.4052294065559
            ],
            [
              2.07073523531384,
              41.4054516575619
            ],
            [
              2.07028110741034,
              41.405807263081
            ],
            [
              2.06960191389295,
              41.4062917375278
            ],
            [
              2.06942428465856,
              41.4068673200468
            ],
            [
              2.06971740760444,
              41.4070559541771
            ],
            [
              2.07004253609909,
              41.4070792078541
            ],
            [
              2.07042092494914,
              41.4071304714946
            ],
            [
              2.07106562187553,
              41.4071802168193
            ],
            [
              2.07137175249139,
              41.4072110328545
            ],
            [
              2.07156407881446,
              41.4073016677366
            ],
            [
              2.07175385412224,
              41.407478321011
            ],
            [
              2.07188041621369,
              41.4076554822528
            ],
            [
              2.07189536167481,
              41.4077386155013
            ],
            [
              2.07167968907071,
              41.4081805302506
            ],
            [
              2.07150455719669,
              41.4085554317297
            ],
            [
              2.07144535511484,
              41.4087472995874
            ],
            [
              2.07141255612376,
              41.4089737888581
            ],
            [
              2.07141059716782,
              41.4091114520823
            ],
            [
              2.07149821724045,
              41.4093794010561
            ],
            [
              2.07167027644125,
              41.4097614257288
            ],
            [
              2.07175956855812,
              41.4099119667308
            ],
            [
              2.07193347355359,
              41.4101644155624
            ],
            [
              2.0727847255322,
              41.4101029256502
            ],
            [
              2.07299084143642,
              41.410108791897
            ],
            [
              2.07314108985531,
              41.4101335020107
            ],
            [
              2.07330156931108,
              41.4101800382836
            ],
            [
              2.07357021877206,
              41.4103346605697
            ],
            [
              2.07372700640599,
              41.4104786542656
            ],
            [
              2.07459131991983,
              41.4109938324913
            ],
            [
              2.07479309240988,
              41.4110741793024
            ],
            [
              2.07495233918101,
              41.4111463025621
            ],
            [
              2.0753292032591,
              41.4112361798289
            ],
            [
              2.07568122791637,
              41.4112695598344
            ],
            [
              2.07594882003039,
              41.4112266615439
            ],
            [
              2.0761323914659,
              41.4111662264828
            ],
            [
              2.07640997303287,
              41.4110253070471
            ],
            [
              2.0765613935124,
              41.4108930401118
            ],
            [
              2.0766242734014,
              41.4108276008276
            ],
            [
              2.07672309128262,
              41.4110905463923
            ],
            [
              2.07682326432722,
              41.4112586091569
            ],
            [
              2.07696840293178,
              41.4114189976824
            ],
            [
              2.07736390131597,
              41.4116256102166
            ],
            [
              2.07756926944568,
              41.4117575306568
            ],
            [
              2.07662170191624,
              41.4122919316066
            ],
            [
              2.07840813150261,
              41.4141533681491
            ],
            [
              2.07843562043224,
              41.4141649195645
            ],
            [
              2.0783300213281,
              41.4142829546293
            ],
            [
              2.07839972107884,
              41.4147682577113
            ],
            [
              2.07853056002361,
              41.415069307213
            ],
            [
              2.07862535265105,
              41.4150531228459
            ],
            [
              2.0793844235117,
              41.415032073643
            ],
            [
              2.07964959929496,
              41.4150680888006
            ],
            [
              2.07975261195951,
              41.4151078964916
            ],
            [
              2.0799165332298,
              41.4151992090815
            ],
            [
              2.0800254134033,
              41.4153066193172
            ],
            [
              2.08011314999618,
              41.4154862083758
            ],
            [
              2.08013088776698,
              41.4156437283178
            ],
            [
              2.08013684397966,
              41.4157219966291
            ],
            [
              2.08005261329553,
              41.4159522476837
            ],
            [
              2.07986335808619,
              41.4161952335735
            ],
            [
              2.07970377810855,
              41.4163346364625
            ],
            [
              2.0794810130249,
              41.4164837033603
            ],
            [
              2.07938487968077,
              41.4166736224353
            ],
            [
              2.07935773290768,
              41.4167106601762
            ],
            [
              2.07931339241967,
              41.4167933903259
            ],
            [
              2.07919736066927,
              41.4168788978675
            ],
            [
              2.07914725322426,
              41.4169191747476
            ],
            [
              2.07910030464421,
              41.417054397388
            ],
            [
              2.07909177659783,
              41.417230451853
            ],
            [
              2.0789448491093,
              41.4176184163579
            ],
            [
              2.07886464965441,
              41.4177177754256
            ],
            [
              2.07856506408156,
              41.4178848712612
            ],
            [
              2.07860990729441,
              41.4180581101244
            ],
            [
              2.07871537624312,
              41.4183225121058
            ],
            [
              2.07869175739265,
              41.4184002915748
            ],
            [
              2.07859279544782,
              41.4185520407352
            ],
            [
              2.07763519756682,
              41.418508901504
            ],
            [
              2.07745201690777,
              41.4189608596893
            ],
            [
              2.07730553221759,
              41.4191422667348
            ],
            [
              2.07697668700787,
              41.4193840117729
            ],
            [
              2.07690038155579,
              41.4195257806827
            ],
            [
              2.07688514627493,
              41.4196476914036
            ],
            [
              2.07698005184026,
              41.4204984579228
            ],
            [
              2.07698662762378,
              41.4206696971261
            ],
            [
              2.07706593829094,
              41.4208171452914
            ],
            [
              2.0770453626504,
              41.4209062981582
            ],
            [
              2.0769522887656,
              41.4209906633033
            ],
            [
              2.07666796388907,
              41.4211493553697
            ],
            [
              2.07649826909654,
              41.4212073172988
            ],
            [
              2.07578336397451,
              41.421590008374
            ],
            [
              2.0752910010374,
              41.4219572964571
            ],
            [
              2.07493798054161,
              41.4224625972113
            ],
            [
              2.07509436553838,
              41.4225502980974
            ],
            [
              2.07528514270591,
              41.4225942016113
            ],
            [
              2.07535864369246,
              41.4226170043092
            ],
            [
              2.07539379755599,
              41.4226224298918
            ],
            [
              2.07542232421849,
              41.422622613955
            ],
            [
              2.07545258482814,
              41.4226178218138
            ],
            [
              2.07548933361407,
              41.4226095058133
            ],
            [
              2.07562435351917,
              41.422575974401
            ],
            [
              2.07578231733206,
              41.4225354480915
            ],
            [
              2.07585618453582,
              41.422518053202
            ],
            [
              2.07593192193747,
              41.4224919720879
            ],
            [
              2.0760129563759,
              41.4224805525142
            ],
            [
              2.07610735641025,
              41.4224590977642
            ],
            [
              2.07623597204246,
              41.4224484742053
            ],
            [
              2.0763780878878,
              41.4224419671223
            ],
            [
              2.07657053469515,
              41.4224178486955
            ],
            [
              2.07667349258772,
              41.4224106398353
            ],
            [
              2.07681473011278,
              41.4224044584436
            ],
            [
              2.07713347393848,
              41.4224066806893
            ],
            [
              2.0772414400905,
              41.4224108788586
            ],
            [
              2.07730765223441,
              41.4224244793381
            ],
            [
              2.07758665639894,
              41.422478147593
            ],
            [
              2.07794970802724,
              41.4224647253533
            ],
            [
              2.07798301751715,
              41.4224863487688
            ],
            [
              2.07801166656513,
              41.4225024222975
            ],
            [
              2.07806806473614,
              41.4225355889751
            ],
            [
              2.07811690872191,
              41.4225520403747
            ],
            [
              2.07820616939692,
              41.4225724273521
            ],
            [
              2.07831153468798,
              41.4225862506634
            ],
            [
              2.07842866136191,
              41.422605311276
            ],
            [
              2.07859157595814,
              41.4226411588053
            ],
            [
              2.07873222945938,
              41.4226653344725
            ],
            [
              2.07885818566557,
              41.4226862577845
            ],
            [
              2.07892042546279,
              41.4227100219773
            ],
            [
              2.07899848139646,
              41.4227281569095
            ],
            [
              2.07906963838449,
              41.4227441738982
            ],
            [
              2.07915202518334,
              41.4227691800184
            ],
            [
              2.0792158339001,
              41.4227903264275
            ],
            [
              2.07937382786976,
              41.4228484359204
            ],
            [
              2.07944804290748,
              41.4228750338511
            ],
            [
              2.07951790486065,
              41.4228988856895
            ],
            [
              2.07958578141037,
              41.4229150292573
            ],
            [
              2.07964983211317,
              41.4229292236154
            ],
            [
              2.07972132558406,
              41.4229468642308
            ],
            [
              2.07978311100059,
              41.4229655531352
            ],
            [
              2.07984726613597,
              41.4229927099269
            ],
            [
              2.07990421675766,
              41.4230266817823
            ],
            [
              2.07995445312764,
              41.423059861342
            ],
            [
              2.07999186089665,
              41.4230972799504
            ],
            [
              2.08001807384265,
              41.4231376445967
            ],
            [
              2.08003248092891,
              41.4231852469552
            ],
            [
              2.0800275436132,
              41.4232408824971
            ],
            [
              2.0800204963849,
              41.4233103546226
            ],
            [
              2.08001747586926,
              41.4233751750551
            ],
            [
              2.08002337609029,
              41.4234489571172
            ],
            [
              2.08004132352309,
              41.4235162149771
            ],
            [
              2.0800582100788,
              41.4235780869141
            ],
            [
              2.08008571881116,
              41.4236852610774
            ],
            [
              2.08009830285308,
              41.4237560700386
            ],
            [
              2.08010490928226,
              41.42381203201
            ],
            [
              2.08011713919281,
              41.4238689216426
            ],
            [
              2.08013838145448,
              41.4239214966591
            ],
            [
              2.08014966982009,
              41.4239832067523
            ],
            [
              2.08015289547322,
              41.4240277202725
            ],
            [
              2.08013927859934,
              41.4242227486565
            ],
            [
              2.08031091329017,
              41.4242490524872
            ],
            [
              2.08040056184076,
              41.4242701524491
            ],
            [
              2.0804961018699,
              41.4242977937603
            ],
            [
              2.08060498702375,
              41.4243312702987
            ],
            [
              2.08058939133258,
              41.4244205716136
            ],
            [
              2.08055052948623,
              41.424442077271
            ],
            [
              2.08051537871102,
              41.4244456697347
            ],
            [
              2.08045400742232,
              41.4244484222388
            ],
            [
              2.08038422412398,
              41.4244494051102
            ],
            [
              2.08031456312316,
              41.4244493530606
            ],
            [
              2.08019428633816,
              41.4244446360636
            ],
            [
              2.08010776181935,
              41.4244472414619
            ],
            [
              2.08000065303159,
              41.4244541229709
            ],
            [
              2.07987407422517,
              41.4244668837553
            ],
            [
              2.07976535090953,
              41.4244753824877
            ],
            [
              2.07964370666468,
              41.4244861557877
            ],
            [
              2.07954757485351,
              41.424491124976
            ],
            [
              2.07944801903663,
              41.4245055155094
            ],
            [
              2.07933953139817,
              41.4245159613303
            ],
            [
              2.07922027835764,
              41.4245302752132
            ],
            [
              2.07912873183493,
              41.4245520615835
            ],
            [
              2.07901837511043,
              41.4245838397812
            ],
            [
              2.07887916670247,
              41.4246231244241
            ],
            [
              2.0786583104408,
              41.4246814998122
            ],
            [
              2.07851412020406,
              41.4247235364484
            ],
            [
              2.07845047918255,
              41.4247412220634
            ],
            [
              2.07834193147542,
              41.4247685824304
            ],
            [
              2.07816735516245,
              41.4248191215882
            ],
            [
              2.07811322746453,
              41.4248317669655
            ],
            [
              2.0778866500436,
              41.4248951752484
            ],
            [
              2.07779334268977,
              41.4249153161023
            ],
            [
              2.07770675126165,
              41.4249564529766
            ],
            [
              2.07734737709037,
              41.4250109417706
            ],
            [
              2.07709591902413,
              41.4250472168479
            ],
            [
              2.0768586295652,
              41.4250319563401
            ],
            [
              2.0766650518295,
              41.4250508868735
            ],
            [
              2.07638956641549,
              41.4250311215849
            ],
            [
              2.07574129760298,
              41.4249335656699
            ],
            [
              2.07543471471976,
              41.4249700070495
            ],
            [
              2.07526384761947,
              41.4249942338344
            ],
            [
              2.07512434273735,
              41.4249925997621
            ],
            [
              2.07457755075966,
              41.4248113356937
            ],
            [
              2.07419156849005,
              41.4248179694079
            ],
            [
              2.07383979633704,
              41.4248653744821
            ],
            [
              2.0734980653551,
              41.4249447185922
            ],
            [
              2.07328607294079,
              41.4249667469232
            ],
            [
              2.07263796757453,
              41.4250937302328
            ],
            [
              2.07270293839095,
              41.425513756883
            ],
            [
              2.07275583499947,
              41.4260701218352
            ],
            [
              2.07280630005386,
              41.4261275273303
            ],
            [
              2.07290788758522,
              41.4262247340128
            ],
            [
              2.07293067769032,
              41.4262850872007
            ],
            [
              2.07291161287395,
              41.4264383302812
            ],
            [
              2.07303337527763,
              41.4269020226401
            ],
            [
              2.07316145709272,
              41.4272386528201
            ],
            [
              2.07317367131392,
              41.4274090997251
            ],
            [
              2.07478590536189,
              41.428136483543
            ],
            [
              2.07493364136546,
              41.4282003805007
            ],
            [
              2.07526117509905,
              41.4282894562308
            ],
            [
              2.07659239187144,
              41.4286670954035
            ],
            [
              2.07658310491603,
              41.4286873596937
            ],
            [
              2.07611455647465,
              41.4290141101545
            ],
            [
              2.07597997203939,
              41.4291350716965
            ],
            [
              2.07587750827024,
              41.4292139109601
            ],
            [
              2.07574161797541,
              41.4293475712192
            ],
            [
              2.0755797227899,
              41.4294886427873
            ],
            [
              2.07541620183983,
              41.4295856367173
            ],
            [
              2.07504018050429,
              41.4297385437942
            ],
            [
              2.07485163114361,
              41.4298120065768
            ],
            [
              2.07458155936884,
              41.4299204561546
            ],
            [
              2.07391549148709,
              41.4303574818684
            ],
            [
              2.07358088550177,
              41.4304480075726
            ],
            [
              2.07312956359163,
              41.4306698036844
            ],
            [
              2.07302776095253,
              41.430781702957
            ],
            [
              2.07267831966821,
              41.4312822777684
            ],
            [
              2.07260142426125,
              41.4314630138658
            ],
            [
              2.07237206954671,
              41.4318332087249
            ],
            [
              2.07216423546273,
              41.4320366239209
            ],
            [
              2.07149336609465,
              41.4328863078308
            ],
            [
              2.07134192019191,
              41.4331622086398
            ],
            [
              2.07094524703912,
              41.434368344587
            ],
            [
              2.07099147112756,
              41.4349966969914
            ],
            [
              2.0717267777077,
              41.4363005256233
            ],
            [
              2.07244727152635,
              41.4367899684458
            ],
            [
              2.07323099952468,
              41.4371624050538
            ],
            [
              2.07260660753659,
              41.4353227455634
            ]
          ]
        ]
      ]
      }
    }
  ]
}